id,data_inversa,dia_semana,horario,uf,br,km,municipio,causa_acidente,tipo_acidente,classificacao_acidente,fase_dia,sentido_via,condicao_metereologica,tipo_pista,tracado_via,uso_solo,ano,pessoas,mortos,feridos_leves,feridos_graves,ilesos,ignorados,feridos,veiculos
649307,20/01/2010,Quarta,12:15:00,RN,304,37.7,MOSSORO,Falta de atenção,Colisão lateral,Sem Vítimas,Pleno dia,Crescente,Ceu Claro,Simples,Reta,Urbano,2010,2,0,0,0,2,0,0,2
649358,24/01/2010,Domingo,18:20:00,RN,101,85.9,SAO GONCALO DO AMARANTE,Não guardar distância de segurança,Colisão traseira,Com Vítimas Feridas,Plena noite,Crescente,Ceu Claro,Dupla,Reta,Urbano,2010,2,0,1,0,1,0,1,2
649369,24/01/2010,Domingo,09:08:00,RN,101,101.0,PARNAMIRIM,Falta de atenção,Colisão traseira,Sem Vítimas,Pleno dia,Decrescente,Sol,Dupla,Reta,Urbano,2010,2,0,0,0,2,0,0,2
649388,28/01/2010,Quinta,13:50:00,RN,226,39.4,MACAIBA,Não guardar distância de segurança,Colisão traseira,Com Vítimas Feridas,Pleno dia,Decrescente,Ceu Claro,Simples,Reta,Urbano,2010,2,0,1,0,1,0,1,2
649517,28/01/2010,Quinta,08:00:00,RN,101,117.7,SAO JOSE DE MIPIBU,Dormindo,Capotamento,Sem Vítimas,Pleno dia,Decrescente,Nublado,Dupla,Reta,Urbano,2010,1,0,0,0,1,0,0,1
649525,28/01/2010,Quinta,14:10:00,RN,101,96.7,NATAL,Falta de atenção,Colisão traseira,Sem Vítimas,Pleno dia,Crescente,Nublado,Dupla,Cruzamento,Urbano,2010,2,0,0,0,2,0,0,2
649599,28/01/2010,Quinta,20:30:00,RN,101,104.3,PARNAMIRIM,Não guardar distância de segurança,Colisão lateral,Sem Vítimas,Plena noite,Crescente,Ceu Claro,Múltipla,Reta,Urbano,2010,2,0,0,0,2,0,0,2
649626,29/01/2010,Sexta,01:15:00,RN,304,292.0,MACAIBA,Animais na Pista,Atropelamento de animal,Sem Vítimas,Plena noite,Decrescente,Ceu Claro,Simples,Reta,Rural,2010,1,0,0,0,1,0,0,1
649637,25/01/2010,Segunda,20:30:00,RN,304,8.0,MOSSORO,Animais na Pista,Saída de Pista,Com Vítimas Feridas,Plena noite,Crescente,Ceu Claro,Simples,Reta,Rural,2010,2,0,1,0,1,0,1,1
649668,28/01/2010,Quinta,06:45:00,RN,101,99.9,NATAL,Outras,Colisão lateral,Sem Vítimas,Pleno dia,Crescente,Ceu Claro,Dupla,Cruzamento,Urbano,2010,2,0,0,0,2,0,0,2
649692,27/01/2010,Quarta,08:00:00,RN,101,78.3,NATAL,Falta de atenção,Colisão traseira,Sem Vítimas,Pleno dia,Crescente,Ceu Claro,Simples,Reta,Urbano,2010,2,0,0,0,2,0,0,2
649699,21/01/2010,Quinta,18:40:00,RN,101,96.7,NATAL,Desobediência à sinalização,Colisão lateral,Sem Vítimas,Plena noite,Crescente,Ceu Claro,Dupla,Cruzamento,Urbano,2010,3,0,0,0,3,0,0,3
649713,24/01/2010,Domingo,15:20:00,RN,226,169.3,CURRAIS NOVOS,Outras,Colisão lateral,Sem Vítimas,Pleno dia,Crescente,Ceu Claro,Simples,Reta,Rural,2010,3,0,0,0,3,0,0,3
649715,20/01/2010,Quarta,00:20:00,RN,406,85.0,JOAO CAMARA,Outras,Saída de Pista,Com Vítimas Feridas,Plena noite,Crescente,Ceu Claro,Simples,Reta,Rural,2010,2,0,0,2,0,0,2,1
649726,26/01/2010,Terça,19:30:00,RN,304,232.0,RIACHUELO,Falta de atenção,Colisão traseira,Sem Vítimas,Plena noite,Decrescente,Ceu Claro,Simples,Reta,Rural,2010,2,0,0,0,2,0,0,2
649729,27/01/2010,Quarta,23:30:00,RN,101,94.0,NATAL,Falta de atenção,Colisão traseira,Sem Vítimas,Plena noite,Crescente,Ignorada,Múltipla,Reta,Urbano,2010,2,0,0,0,2,0,0,2
649741,24/01/2010,Domingo,02:20:00,RN,101,82.9,NATAL,Outras,Colisão Transversal,Sem Vítimas,Plena noite,Crescente,Ceu Claro,Dupla,Cruzamento,Urbano,2010,2,0,0,0,2,0,0,2
649761,25/01/2010,Segunda,08:30:00,RN,101,96.1,NATAL,Outras,Colisão lateral,Sem Vítimas,Pleno dia,Decrescente,Ceu Claro,Dupla,Curva,Urbano,2010,2,0,0,0,1,1,0,2
649817,29/01/2010,Sexta,08:30:00,RN,101,98.7,NATAL,Não guardar distância de segurança,Colisão traseira,Sem Vítimas,Pleno dia,Decrescente,Sol,Múltipla,Reta,Urbano,2010,2,0,0,0,2,0,0,2
649819,25/01/2010,Segunda,09:30:00,RN,101,96.6,NATAL,Outras,Colisão traseira,Sem Vítimas,Pleno dia,Decrescente,Ceu Claro,Dupla,Reta,Urbano,2010,2,0,0,0,2,0,0,2
649827,29/01/2010,Sexta,10:30:00,RN,406,98.0,JOAO CAMARA,Outras,Colisão Transversal,Com Vítimas Feridas,Pleno dia,Decrescente,Ceu Claro,Dupla,Cruzamento,Urbano,2010,3,0,0,3,0,0,3,2
649881,25/01/2010,Segunda,17:30:00,RN,101,103.4,PARNAMIRIM,Outras,Colisão traseira,Sem Vítimas,Anoitecer,Decrescente,Ceu Claro,Simples,Cruzamento,Urbano,2010,2,0,0,0,2,0,0,2
649900,28/01/2010,Quinta,09:30:00,RN,101,95.8,NATAL,Outras,Colisão com objeto fixo,Sem Vítimas,Plena noite,Crescente,Ceu Claro,Simples,Reta,Urbano,2010,1,0,0,0,1,0,0,1
650010,29/01/2010,Sexta,19:10:00,RN,101,83.9,NATAL,Não guardar distância de segurança,Colisão traseira,Sem Vítimas,Plena noite,Decrescente,Ceu Claro,Múltipla,Reta,Urbano,2010,3,0,0,0,3,0,0,3
650011,26/01/2010,Terça,12:40:00,RN,304,256.5,SANTA MARIA,Outras,Capotamento,Com Vítimas Feridas,Pleno dia,Crescente,Sol,Simples,Reta,Rural,2010,2,0,1,1,0,0,2,1
650012,29/01/2010,Sexta,11:45:00,RN,110,49.0,MOSSORO,Desobediência à sinalização,Queda de motocicleta / bicicleta / veículo,Sem Vítimas,Pleno dia,Crescente,Ceu Claro,Dupla,Reta,Urbano,2010,1,0,0,0,1,0,0,1
650040,29/01/2010,Sexta,21:00:00,RN,101,96.4,NATAL,Falta de atenção,Colisão traseira,Sem Vítimas,Plena noite,Decrescente,Ceu Claro,Múltipla,Reta,Urbano,2010,3,0,0,0,3,0,0,3
650053,29/01/2010,Sexta,16:30:00,RN,101,169.6,BAIA FORMOSA,Outras,Colisão traseira,Sem Vítimas,Pleno dia,Crescente,Ceu Claro,Simples,Reta,Rural,2010,2,0,0,0,2,0,0,2
650129,29/01/2010,Sexta,10:00:00,RN,427,24.4,ACARI,Falta de atenção,Capotamento,Sem Vítimas,Pleno dia,Decrescente,Ceu Claro,Simples,Curva,Rural,2010,5,0,0,0,5,0,0,1
650183,26/01/2010,Terça,23:00:00,RN,101,85.0,NATAL,Não guardar distância de segurança,Colisão traseira,Sem Vítimas,Plena noite,Decrescente,Nublado,Dupla,Reta,Urbano,2010,2,0,0,0,2,0,0,2
650191,22/01/2010,Sexta,19:00:00,RN,101,95.8,NATAL,Não guardar distância de segurança,Colisão traseira,Sem Vítimas,Plena noite,Crescente,Ceu Claro,Múltipla,Reta,Urbano,2010,4,0,0,0,4,0,0,4
650208,30/01/2010,Sábado,07:45:00,RN,101,81.8,SAO GONCALO DO AMARANTE,Desobediência à sinalização,Colisão Transversal,Sem Vítimas,Pleno dia,Crescente,Ceu Claro,Dupla,Reta,Urbano,2010,2,0,0,0,2,0,0,2
650216,30/01/2010,Sábado,09:00:00,RN,101,85.0,SAO GONCALO DO AMARANTE,Defeito mecânico em veículo,Colisão traseira,Sem Vítimas,Pleno dia,Crescente,Ceu Claro,Dupla,Reta,Urbano,2010,2,0,0,0,2,0,0,2
650235,27/01/2010,Quarta,00:10:00,RN,101,106.0,PARNAMIRIM,Outras,Colisão lateral,Sem Vítimas,Plena noite,Crescente,Nublado,Dupla,Reta,Urbano,2010,2,0,0,0,2,0,0,2
650238,30/01/2010,Sábado,08:20:00,RN,101,85.6,NATAL,Não guardar distância de segurança,Colisão traseira,Sem Vítimas,Pleno dia,Crescente,Ceu Claro,Dupla,Reta,Urbano,2010,4,0,0,0,4,0,0,4
650302,26/01/2010,Terça,09:10:00,RN,101,107.0,PARNAMIRIM,Animais na Pista,Atropelamento de animal,Com Vítimas Feridas,Pleno dia,Decrescente,Ceu Claro,Dupla,Cruzamento,Urbano,2010,2,0,2,0,0,0,2,1
650330,30/01/2010,Sábado,08:30:00,RN,110,46.9,MOSSORO,Desobediência à sinalização,Colisão Transversal,Sem Vítimas,Pleno dia,Decrescente,Sol,Simples,Cruzamento,Urbano,2010,2,0,0,0,2,0,0,2
650354,30/01/2010,Sábado,10:45:00,RN,304,67.6,MOSSORO,Defeito mecânico em veículo,Capotamento,Sem Vítimas,Pleno dia,Crescente,Sol,Simples,Reta,Rural,2010,1,0,0,0,1,0,0,1
650429,30/01/2010,Sábado,08:30:00,RN,101,97.1,NATAL,Falta de atenção,Colisão traseira,Sem Vítimas,Pleno dia,Crescente,Ceu Claro,Dupla,Reta,Urbano,2010,2,0,0,0,2,0,0,2
650437,30/01/2010,Sábado,16:00:00,RN,101,169.6,CANGUARETAMA,Desobediência à sinalização,Colisão Transversal,Sem Vítimas,Pleno dia,Decrescente,Ceu Claro,Simples,Cruzamento,Urbano,2010,2,0,0,0,2,0,0,2
650488,30/01/2010,Sábado,20:30:00,RN,101,95.4,NATAL,Outras,Queda de motocicleta / bicicleta / veículo,Com Vítimas Feridas,Plena noite,Decrescente,Nublado,Múltipla,Reta,Urbano,2010,2,0,0,1,0,1,1,2
650513,30/01/2010,Sábado,09:00:00,RN,304,299.9,MACAIBA,Desobediência à sinalização,Colisão lateral,Com Vítimas Feridas,Pleno dia,Crescente,Ceu Claro,Dupla,Cruzamento,Rural,2010,6,0,5,0,1,0,5,2
650555,31/01/2010,Domingo,01:30:00,RN,304,8.7,MOSSORO,Outras,Atropelamento de pessoa,Com Vítimas Fatais,Plena noite,Decrescente,Ceu Claro,Simples,Reta,Rural,2010,2,1,0,0,0,1,0,1
650600,30/01/2010,Sábado,17:30:00,RN,405,32.0,MOSSORO,Defeito mecânico em veículo,Tombamento,Sem Vítimas,Anoitecer,Decrescente,Ceu Claro,Simples,Reta,Rural,2010,1,0,0,0,1,0,0,1
650606,27/01/2010,Quarta,10:30:00,RN,101,106.0,NATAL,Falta de atenção,Colisão lateral,Sem Vítimas,Pleno dia,Decrescente,Ceu Claro,Dupla,Reta,Urbano,2010,2,0,0,0,2,0,0,2
650613,31/01/2010,Domingo,06:00:00,RN,101,83.0,SAO GONCALO DO AMARANTE,Outras,Colisão lateral,Sem Vítimas,Pleno dia,Crescente,Nublado,Dupla,Cruzamento,Urbano,2010,2,0,0,0,2,0,0,2
650640,25/01/2010,Segunda,03:00:00,RN,304,33.5,MOSSORO,Animais na Pista,Atropelamento de animal,Sem Vítimas,Plena noite,Decrescente,Ceu Claro,Simples,Reta,Urbano,2010,1,0,0,0,1,0,0,1
650686,31/01/2010,Domingo,00:05:00,RN,304,182.0,ANGICOS,Animais na Pista,Atropelamento de animal,Sem Vítimas,Plena noite,Decrescente,Nublado,Simples,Reta,Rural,2010,1,0,0,0,1,0,0,1
650691,31/01/2010,Domingo,07:00:00,RN,427,97.9,CAICO,Outras,Colisão Transversal,Com Vítimas Feridas,Pleno dia,Decrescente,Nublado,Simples,Reta,Urbano,2010,4,0,1,0,3,0,1,2
650784,31/01/2010,Domingo,11:20:00,RN,304,293.6,MACAIBA,Falta de atenção,Colisão lateral,Com Vítimas Feridas,Pleno dia,Crescente,Ceu Claro,Simples,Reta,Rural,2010,5,0,3,0,2,0,3,3
650874,31/01/2010,Domingo,16:05:00,RN,304,33.5,MOSSORO,Não guardar distância de segurança,Colisão traseira,Sem Vítimas,Pleno dia,Crescente,Nevoeiro/neblina,Simples,Reta,Urbano,2010,3,0,0,0,2,1,0,3
650904,31/01/2010,Domingo,11:50:00,RN,304,50.4,MOSSORO,Outras,Capotamento,Com Vítimas Feridas,Pleno dia,Decrescente,Sol,Simples,Reta,Rural,2010,3,0,2,0,1,0,2,1
650931,31/01/2010,Domingo,12:30:00,RN,101,84.2,NATAL,Falta de atenção,Colisão traseira,Com Vítimas Feridas,Pleno dia,Decrescente,Ceu Claro,Dupla,Reta,Urbano,2010,2,0,1,0,1,0,1,2
651051,24/01/2010,Domingo,17:00:00,RN,101,99.8,NATAL,Falta de atenção,Colisão lateral,Com Vítimas Feridas,Pleno dia,Decrescente,Ceu Claro,Dupla,Reta,Urbano,2010,2,0,1,0,1,0,1,2
651063,01/02/2010,Segunda,06:45:00,RN,304,61.2,MOSSORO,Outras,Capotamento,Sem Vítimas,Pleno dia,Decrescente,Ceu Claro,Simples,Reta,Rural,2010,3,0,0,0,3,0,0,2
651141,24/01/2010,Domingo,21:45:00,RN,101,104.4,PARNAMIRIM,Outras,Colisão com objeto fixo,Com Vítimas Fatais,Plena noite,Crescente,Ceu Claro,Dupla,Reta,Urbano,2010,1,1,0,0,0,0,0,1
651228,28/01/2010,Quinta,20:00:00,RN,101,104.4,PARNAMIRIM,Falta de atenção,Colisão com objeto fixo,Com Vítimas Feridas,Plena noite,Crescente,Ceu Claro,Dupla,Curva,Urbano,2010,1,0,1,0,0,0,1,1
651253,31/01/2010,Domingo,14:10:00,RN,101,83.1,SAO GONCALO DO AMARANTE,Defeito mecânico em veículo,Colisão traseira,Com Vítimas Feridas,Pleno dia,Crescente,Nublado,Dupla,Reta,Urbano,2010,5,0,2,1,2,0,3,2
651321,01/02/2010,Segunda,13:40:00,RN,101,102.9,PARNAMIRIM,Falta de atenção,Colisão Transversal,Sem Vítimas,Pleno dia,Decrescente,Ceu Claro,Múltipla,Cruzamento,Urbano,2010,2,0,0,0,2,0,0,2
651337,01/02/2010,Segunda,10:00:00,RN,304,24.0,MOSSORO,Falta de atenção,Colisão traseira,Sem Vítimas,Pleno dia,Crescente,Ceu Claro,Simples,Cruzamento,Rural,2010,3,0,0,0,3,0,0,2
651342,29/01/2010,Sexta,03:00:00,RN,304,305.0,MACAIBA,Falta de atenção,Tombamento,Com Vítimas Feridas,Plena noite,Decrescente,Ceu Claro,Dupla,Reta,Rural,2010,2,0,1,0,1,0,1,1
651396,01/02/2010,Segunda,18:15:00,RN,101,104.4,PARNAMIRIM,Outras,Colisão Transversal,Sem Vítimas,Anoitecer,Crescente,Ceu Claro,Dupla,Curva,Urbano,2010,2,0,0,0,2,0,0,2
651421,01/02/2010,Segunda,19:25:00,RN,101,97.0,NATAL,Falta de atenção,Colisão traseira,Sem Vítimas,Plena noite,Decrescente,Chuva,Simples,Curva,Urbano,2010,2,0,0,0,2,0,0,2
651432,01/02/2010,Segunda,14:50:00,RN,101,99.7,PARNAMIRIM,Não guardar distância de segurança,Colisão lateral,Com Vítimas Feridas,Pleno dia,Decrescente,Ceu Claro,Dupla,Reta,Urbano,2010,2,0,1,0,1,0,1,2
651438,30/01/2010,Sábado,12:30:00,RN,101,96.3,NATAL,Falta de atenção,Colisão lateral,Sem Vítimas,Pleno dia,Crescente,Ceu Claro,Dupla,Curva,Urbano,2010,2,0,0,0,2,0,0,2
651482,01/02/2010,Segunda,20:15:00,RN,405,36.1,GOVERNADOR DIX-SEPT ROSADO,Animais na Pista,Saída de Pista,Com Vítimas Feridas,Plena noite,Crescente,Ceu Claro,Simples,Reta,Rural,2010,1,0,1,0,0,0,1,1
651492,01/02/2010,Segunda,20:15:00,RN,101,101.7,PARNAMIRIM,Outras,Colisão traseira,Sem Vítimas,Plena noite,Crescente,Nublado,Dupla,Reta,Urbano,2010,2,0,0,0,2,0,0,2
651591,14/01/2010,Quinta,18:30:00,RN,101,119.0,SAO JOSE DE MIPIBU,Outras,Saída de Pista,Com Vítimas Feridas,Plena noite,Decrescente,Ceu Claro,Dupla,Reta,Rural,2010,2,0,0,1,1,0,1,1
651663,23/01/2010,Sábado,18:45:00,RN,110,48.4,MOSSORO,Desobediência à sinalização,Colisão Transversal,Com Vítimas Feridas,Plena noite,Crescente,Ceu Claro,Dupla,Cruzamento,Urbano,2010,2,0,1,0,1,0,1,2
651669,02/02/2010,Terça,13:05:00,RN,101,100.2,PARNAMIRIM,Outras,Colisão com objeto fixo,Sem Vítimas,Pleno dia,Crescente,Ceu Claro,Múltipla,Reta,Urbano,2010,1,0,0,0,1,0,0,1
651734,25/01/2010,Segunda,12:30:00,RN,226,1.6,NATAL,Falta de atenção,Colisão lateral,Com Vítimas Feridas,Pleno dia,Crescente,Sol,Dupla,Reta,Urbano,2010,2,0,0,1,1,0,1,2
651822,29/01/2010,Sexta,19:30:00,RN,101,95.1,NATAL,Não guardar distância de segurança,Colisão traseira,Sem Vítimas,Plena noite,Crescente,Ceu Claro,Múltipla,Reta,Urbano,2010,3,0,0,0,3,0,0,3
651891,02/02/2010,Terça,08:10:00,RN,405,1.5,MOSSORO,Falta de atenção,Colisão Transversal,Sem Vítimas,Pleno dia,Decrescente,Ceu Claro,Simples,Reta,Urbano,2010,2,0,0,0,2,0,0,2
651963,29/01/2010,Sexta,09:28:00,RN,110,48.0,MOSSORO,Falta de atenção,Colisão Transversal,Sem Vítimas,Pleno dia,Crescente,Ceu Claro,Dupla,Cruzamento,Urbano,2010,2,0,0,0,2,0,0,2
651973,25/01/2010,Segunda,06:15:00,RN,101,84.9,SAO GONCALO DO AMARANTE,Não guardar distância de segurança,Colisão traseira,Sem Vítimas,Pleno dia,Crescente,Ceu Claro,Dupla,Reta,Urbano,2010,2,0,0,0,2,0,0,2
651990,30/01/2010,Sábado,18:30:00,RN,101,102.8,PARNAMIRIM,Outras,Colisão Transversal,Com Vítimas Feridas,Plena noite,Decrescente,Ceu Claro,Múltipla,Cruzamento,Urbano,2010,2,0,0,1,1,0,1,2
652056,31/01/2010,Domingo,01:00:00,RN,101,97.8,NATAL,Não guardar distância de segurança,Colisão traseira,Sem Vítimas,Plena noite,Crescente,Ceu Claro,Dupla,Reta,Urbano,2010,3,0,0,0,3,0,0,3
652176,30/01/2010,Sábado,12:25:00,RN,101,97.7,NATAL,Outras,Colisão traseira,Sem Vítimas,Pleno dia,Decrescente,Sol,Múltipla,Reta,Urbano,2010,2,0,0,0,2,0,0,2
652195,30/01/2010,Sábado,11:00:00,RN,101,125.0,SAO JOSE DE MIPIBU,Falta de atenção,Colisão traseira,Com Vítimas Feridas,Pleno dia,Crescente,Ceu Claro,Simples,Reta,Urbano,2010,2,0,1,0,1,0,1,2
652232,30/01/2010,Sábado,22:40:00,RN,101,97.7,NATAL,Não guardar distância de segurança,Colisão traseira,Sem Vítimas,Plena noite,Crescente,Chuva,Múltipla,Reta,Urbano,2010,3,0,0,0,3,0,0,3
652287,03/02/2010,Quarta,17:50:00,RN,406,170.0,NATAL,Ingestão de álcool,Atropelamento de pessoa,Com Vítimas Feridas,Anoitecer,Decrescente,Ceu Claro,Simples,Reta,Rural,2010,2,0,1,1,0,0,2,1
652290,31/01/2010,Domingo,16:10:00,RN,304,24.0,MOSSORO,Falta de atenção,Colisão traseira,Sem Vítimas,Pleno dia,Crescente,Ceu Claro,Simples,Cruzamento,Rural,2010,2,0,0,0,2,0,0,2
652316,03/02/2010,Quarta,20:00:00,RN,101,99.8,NATAL,Falta de atenção,Colisão traseira,Sem Vítimas,Plena noite,Crescente,Ceu Claro,Dupla,Reta,Urbano,2010,2,0,0,0,2,0,0,2
652375,30/01/2010,Sábado,22:40:00,RN,226,2.0,NATAL,Falta de atenção,Colisão Transversal,Com Vítimas Feridas,Plena noite,Crescente,Chuva,Simples,Reta,Urbano,2010,2,0,1,0,1,0,1,2
652466,13/01/2010,Quarta,11:00:00,RN,304,38.0,MOSSORO,Outras,Colisão lateral,Com Vítimas Feridas,Pleno dia,Crescente,Sol,Simples,Reta,Urbano,2010,3,0,0,2,1,0,2,2
652537,04/02/2010,Quinta,09:35:00,RN,101,149.7,GOIANINHA,Outras,Colisão Transversal,Sem Vítimas,Pleno dia,Decrescente,Sol,Simples,Curva,Urbano,2010,2,0,0,0,2,0,0,2
652597,04/02/2010,Quinta,11:50:00,RN,304,39.7,MOSSORO,Desobediência à sinalização,Colisão Transversal,Sem Vítimas,Pleno dia,Decrescente,Ceu Claro,Simples,Cruzamento,Urbano,2010,2,0,0,0,2,0,0,2
652752,31/01/2010,Domingo,22:15:00,RN,101,107.0,PARNAMIRIM,Ingestão de álcool,Colisão traseira,Com Vítimas Feridas,Plena noite,Decrescente,Ceu Claro,Dupla,Reta,Urbano,2010,3,0,1,0,2,0,1,3
652809,04/02/2010,Quinta,08:10:00,RN,101,95.0,NATAL,Outras,Colisão traseira,Com Vítimas Feridas,Pleno dia,Decrescente,Ceu Claro,Múltipla,Reta,Urbano,2010,2,0,1,0,1,0,1,2
652822,04/02/2010,Quinta,14:20:00,RN,101,94.2,NATAL,Outras,Colisão lateral,Com Vítimas Feridas,Pleno dia,Decrescente,Ceu Claro,Dupla,Reta,Urbano,2010,2,0,1,0,1,0,1,2
652835,04/02/2010,Quinta,17:50:00,RN,304,37.4,MOSSORO,Ultrapassagem indevida,Colisão Transversal,Com Vítimas Feridas,Anoitecer,Decrescente,Ceu Claro,Simples,Reta,Urbano,2010,4,0,0,1,3,0,1,3
652973,28/01/2010,Quinta,15:00:00,RN,101,126.6,SAO JOSE DE MIPIBU,Falta de atenção,Colisão Transversal,Com Vítimas Feridas,Pleno dia,Crescente,Sol,Simples,Reta,Urbano,2010,3,0,1,0,2,0,1,2
653099,01/02/2010,Segunda,14:50:00,RN,101,99.7,PARNAMIRIM,Não guardar distância de segurança,Colisão traseira,Sem Vítimas,Pleno dia,Decrescente,Ceu Claro,Dupla,Reta,Urbano,2010,4,0,0,0,4,0,0,4
653117,01/02/2010,Segunda,13:40:00,RN,406,83.8,JOAO CAMARA,Animais na Pista,Saída de Pista,Sem Vítimas,Pleno dia,Crescente,Ignorada,Simples,Reta,Rural,2010,1,0,0,0,1,0,0,1
653127,05/02/2010,Sexta,08:10:00,RN,427,66.1,JARDIM DO SERIDO,Falta de atenção,Capotamento,Com Vítimas Feridas,Pleno dia,Decrescente,Ceu Claro,Simples,Curva,Rural,2010,5,0,3,1,1,0,4,1
653228,28/01/2010,Quinta,19:15:00,RN,101,133.4,SAO JOSE DE MIPIBU,Outras,Colisão lateral,Sem Vítimas,Plena noite,Decrescente,Ceu Claro,Simples,Curva,Rural,2010,2,0,0,0,2,0,0,2
653265,05/02/2010,Sexta,13:30:00,RN,226,134.9,CAMPO REDONDO,Falta de atenção,Colisão lateral,Sem Vítimas,Pleno dia,Crescente,Sol,Simples,Reta,Rural,2010,2,0,0,0,2,0,0,2
653294,05/02/2010,Sexta,20:00:00,RN,406,165.9,SAO GONCALO DO AMARANTE,Animais na Pista,Atropelamento de animal,Sem Vítimas,Plena noite,Decrescente,Ceu Claro,Simples,Reta,Rural,2010,1,0,0,0,1,0,0,1
653328,05/02/2010,Sexta,16:20:00,RN,101,99.7,NATAL,Falta de atenção,Colisão lateral,Sem Vítimas,Pleno dia,Crescente,Ceu Claro,Dupla,Reta,Urbano,2010,2,0,0,0,2,0,0,2
653390,05/02/2010,Sexta,15:15:00,RN,101,99.9,NATAL,Não guardar distância de segurança,Colisão traseira,Sem Vítimas,Pleno dia,Crescente,Sol,Múltipla,Reta,Urbano,2010,2,0,0,0,2,0,0,2
653425,04/02/2010,Quinta,12:30:00,RN,304,78.0,MOSSORO,Defeito mecânico em veículo,Colisão com objeto móvel,Sem Vítimas,Pleno dia,Decrescente,Ceu Claro,Simples,Reta,Rural,2010,2,0,0,0,2,0,0,2
653437,02/02/2010,Terça,14:50:00,RN,101,94.5,NATAL,Falta de atenção,Colisão lateral,Sem Vítimas,Pleno dia,Decrescente,Sol,Múltipla,Reta,Urbano,2010,2,0,0,0,2,0,0,2
653478,06/02/2010,Sábado,07:30:00,RN,101,75.0,NATAL,Outras,Queda de motocicleta / bicicleta / veículo,Com Vítimas Feridas,Pleno dia,Decrescente,Ceu Claro,Dupla,Reta,Urbano,2010,2,0,2,0,0,0,2,1
653490,06/02/2010,Sábado,09:20:00,RN,405,1.0,MOSSORO,Falta de atenção,Colisão traseira,Sem Vítimas,Pleno dia,Crescente,Sol,Dupla,Cruzamento,Urbano,2010,2,0,0,0,2,0,0,2
653565,06/02/2010,Sábado,11:15:00,RN,101,82.8,SAO GONCALO DO AMARANTE,Falta de atenção,Colisão traseira,Sem Vítimas,Pleno dia,Crescente,Ceu Claro,Dupla,Reta,Urbano,2010,2,0,0,0,2,0,0,2
653764,06/02/2010,Sábado,12:10:00,RN,304,148.3,ANGICOS,Falta de atenção,Colisão Transversal,Sem Vítimas,Pleno dia,Crescente,Nublado,Simples,Reta,Urbano,2010,2,0,0,0,2,0,0,2
653779,07/02/2010,Domingo,01:40:00,RN,304,34.5,MOSSORO,Ingestão de álcool,Colisão frontal,Com Vítimas Feridas,Plena noite,Crescente,Ceu Claro,Simples,Cruzamento,Urbano,2010,4,0,1,2,1,0,3,2
653794,06/02/2010,Sábado,23:45:00,RN,101,95.5,NATAL,Ingestão de álcool,Colisão traseira,Sem Vítimas,Plena noite,Decrescente,Ceu Claro,Múltipla,Reta,Urbano,2010,2,0,0,0,2,0,0,2
653843,03/02/2010,Quarta,09:50:00,RN,101,108.3,PARNAMIRIM,Outras,Colisão lateral,Sem Vítimas,Pleno dia,Crescente,Ceu Claro,Dupla,Reta,Urbano,2010,2,0,0,0,2,0,0,2
653888,31/01/2010,Domingo,20:05:00,RN,101,85.0,NATAL,Falta de atenção,Colisão traseira,Com Vítimas Feridas,Plena noite,Crescente,Ignorada,Simples,Reta,Urbano,2010,2,0,1,0,1,0,1,2
654131,02/02/2010,Terça,03:50:00,RN,304,128.5,ANGICOS,Dormindo,Tombamento,Sem Vítimas,Plena noite,Decrescente,Ceu Claro,Simples,Reta,Rural,2010,1,0,0,0,1,0,0,1
654349,30/01/2010,Sábado,00:00:00,RN,101,80.0,SAO GONCALO DO AMARANTE,Falta de atenção,Capotamento,Com Vítimas Feridas,Plena noite,Decrescente,Ceu Claro,Simples,Cruzamento,Rural,2010,1,0,1,0,0,0,1,1
654443,04/02/2010,Quinta,18:30:00,RN,304,238.0,RIACHUELO,Outras,Colisão frontal,Com Vítimas Feridas,Plena noite,Decrescente,Ceu Claro,Simples,Reta,Rural,2010,2,0,1,0,1,0,1,2
654488,08/02/2010,Segunda,11:00:00,RN,101,85.7,NATAL,Falta de atenção,Colisão traseira,Sem Vítimas,Pleno dia,Decrescente,Sol,Dupla,Reta,Urbano,2010,3,0,0,0,3,0,0,3
654496,08/02/2010,Segunda,08:00:00,RN,110,47.6,MOSSORO,Falta de atenção,Colisão Transversal,Sem Vítimas,Pleno dia,Decrescente,Ceu Claro,Simples,Cruzamento,Urbano,2010,2,0,0,0,2,0,0,2