id,data_inversa,dia_semana,horario,uf,br,km,municipio,causa_acidente,tipo_acidente,classificacao_acidente,fase_dia,sentido_via,condicao_metereologica,tipo_pista,tracado_via,uso_solo,ano,pessoas,mortos,feridos_leves,feridos_graves,ilesos,ignorados,feridos,veiculos
654563,27/01/2010,Quarta,17:35:00,RN,101,117.0,SAO JOSE DE MIPIBU,Falta de atenção,Saída de Pista,Sem Vítimas,Pleno dia,Decrescente,Ceu Claro,Dupla,Curva,Rural,2010,1,0,0,0,1,0,0,1
654602,08/02/2010,Segunda,12:45:00,RN,101,97.0,NATAL,Desobediência à sinalização,Colisão lateral,Sem Vítimas,Pleno dia,Crescente,Sol,Dupla,Reta,Urbano,2010,2,0,0,0,2,0,0,2
654628,28/01/2010,Quinta,00:05:00,RN,101,99.9,NATAL,Falta de atenção,Colisão Transversal,Sem Vítimas,Plena noite,Decrescente,Ceu Claro,Dupla,Cruzamento,Urbano,2010,2,0,0,0,2,0,0,2
654653,08/02/2010,Segunda,18:15:00,RN,101,94.5,NATAL,Outras,Colisão traseira,Sem Vítimas,Anoitecer,Crescente,Ceu Claro,Dupla,Reta,Urbano,2010,2,0,0,0,2,0,0,2
654671,08/02/2010,Segunda,15:00:00,RN,405,58.0,FELIPE GUERRA,Animais na Pista,Saída de Pista,Sem Vítimas,Pleno dia,Crescente,Nublado,Simples,Reta,Rural,2010,1,0,0,0,1,0,0,1
654719,08/02/2010,Segunda,11:20:00,RN,110,46.9,MOSSORO,Desobediência à sinalização,Colisão Transversal,Sem Vítimas,Pleno dia,Decrescente,Sol,Simples,Cruzamento,Urbano,2010,3,0,0,0,3,0,0,2
654784,08/02/2010,Segunda,18:40:00,RN,226,81.0,TANGARA,Animais na Pista,Atropelamento de animal,Sem Vítimas,Plena noite,Decrescente,Chuva,Simples,Reta,Urbano,2010,1,0,0,0,1,0,0,1
654835,08/02/2010,Segunda,21:10:00,RN,226,137.9,CAMPO REDONDO,Outras,Derramamento de Carga,Sem Vítimas,Plena noite,Crescente,Ceu Claro,Simples,Reta,Rural,2010,1,0,0,0,1,0,0,1
654849,04/02/2010,Quinta,18:30:00,RN,101,96.0,NATAL,Falta de atenção,Colisão traseira,Sem Vítimas,Plena noite,Crescente,Ceu Claro,Dupla,Reta,Urbano,2010,4,0,0,0,4,0,0,4
654857,06/02/2010,Sábado,04:50:00,RN,101,97.7,NATAL,Ingestão de álcool,Colisão Transversal,Sem Vítimas,Plena noite,Decrescente,Nublado,Simples,Curva,Urbano,2010,3,0,0,0,3,0,0,3
655004,09/02/2010,Terça,09:10:00,RN,101,109.6,PARNAMIRIM,Desobediência à sinalização,Colisão Transversal,Sem Vítimas,Pleno dia,Decrescente,Nublado,Dupla,Cruzamento,Urbano,2010,3,0,0,0,2,1,0,3
655020,09/02/2010,Terça,07:00:00,RN,304,45.7,MOSSORO,Falta de atenção,Colisão traseira,Sem Vítimas,Pleno dia,Decrescente,Nublado,Simples,Cruzamento,Urbano,2010,2,0,0,0,2,0,0,2
655079,05/02/2010,Sexta,20:30:00,RN,101,85.6,NATAL,Falta de atenção,Colisão lateral,Com Vítimas Feridas,Plena noite,Decrescente,Ceu Claro,Dupla,Reta,Urbano,2010,4,0,1,1,1,1,2,4
655137,24/01/2010,Domingo,17:20:00,RN,101,66.5,EXTREMOZ,Ultrapassagem indevida,Colisão Transversal,Sem Vítimas,Pleno dia,Crescente,Ceu Claro,Simples,Reta,Rural,2010,2,0,0,0,2,0,0,2
655160,05/02/2010,Sexta,20:00:00,RN,304,190.0,LAJES,Animais na Pista,Atropelamento de animal,Sem Vítimas,Plena noite,Decrescente,Ceu Claro,Simples,Reta,Rural,2010,1,0,0,0,1,0,0,1
655254,09/02/2010,Terça,18:30:00,RN,101,96.7,NATAL,Não guardar distância de segurança,Colisão traseira,Sem Vítimas,Plena noite,Crescente,Ceu Claro,Dupla,Curva,Urbano,2010,2,0,0,0,2,0,0,2
655272,09/02/2010,Terça,06:30:00,RN,101,82.9,NATAL,Outras,Tombamento,Sem Vítimas,Pleno dia,Decrescente,Ceu Claro,Simples,Reta,Urbano,2010,1,0,0,0,1,0,0,1
655274,09/02/2010,Terça,17:00:00,RN,427,102.3,CAICO,Outras,Colisão Transversal,Com Vítimas Feridas,Anoitecer,Decrescente,Sol,Simples,Reta,Urbano,2010,2,0,1,0,1,0,1,2
655278,09/02/2010,Terça,19:10:00,RN,101,97.2,NATAL,Falta de atenção,Colisão traseira,Sem Vítimas,Plena noite,Crescente,Ceu Claro,Múltipla,Reta,Urbano,2010,2,0,0,0,2,0,0,2
655316,05/02/2010,Sexta,07:40:00,RN,101,83.0,NATAL,Não guardar distância de segurança,Colisão traseira,Sem Vítimas,Pleno dia,Decrescente,Ignorada,Dupla,Reta,Urbano,2010,2,0,0,0,2,0,0,2
655358,09/02/2010,Terça,20:00:00,RN,110,36.7,MOSSORO,Animais na Pista,Atropelamento de animal,Sem Vítimas,Plena noite,Decrescente,Chuva,Simples,Reta,Rural,2010,1,0,0,0,1,0,0,1
655384,09/02/2010,Terça,20:30:00,RN,304,100.0,ASSU,Outras,Saída de Pista,Com Vítimas Feridas,Plena noite,Decrescente,Chuva,Simples,Curva,Rural,2010,1,0,1,0,0,0,1,1
655418,06/02/2010,Sábado,13:10:00,RN,226,4.8,NATAL,Outras,Colisão Transversal,Com Vítimas Feridas,Pleno dia,Crescente,Ceu Claro,Simples,Reta,Urbano,2010,2,0,0,1,1,0,1,2
655483,06/02/2010,Sábado,17:20:00,RN,101,126.5,SAO JOSE DE MIPIBU,Outras,Colisão frontal,Sem Vítimas,Anoitecer,Crescente,Ceu Claro,Simples,Cruzamento,Urbano,2010,2,0,0,0,2,0,0,2
655653,10/02/2010,Quarta,14:30:00,RN,101,101.8,PARNAMIRIM,Não guardar distância de segurança,Colisão traseira,Com Vítimas Feridas,Pleno dia,Crescente,Ceu Claro,Múltipla,Reta,Urbano,2010,2,0,1,0,1,0,1,2
655662,10/02/2010,Quarta,14:30:00,RN,101,99.9,NATAL,Falta de atenção,Colisão traseira,Sem Vítimas,Pleno dia,Decrescente,Ceu Claro,Múltipla,Reta,Urbano,2010,2,0,0,0,2,0,0,2
655669,10/02/2010,Quarta,14:30:00,RN,101,99.9,PARNAMIRIM,Não guardar distância de segurança,Colisão traseira,Sem Vítimas,Pleno dia,Decrescente,Ceu Claro,Múltipla,Reta,Urbano,2010,3,0,0,0,3,0,0,3
655720,10/02/2010,Quarta,17:30:00,RN,304,49.2,MOSSORO,Falta de atenção,Colisão Transversal,Com Vítimas Feridas,Pleno dia,Crescente,Ceu Claro,Simples,Reta,Rural,2010,2,0,1,0,1,0,1,2
655741,10/02/2010,Quarta,15:20:00,RN,101,162.2,CANGUARETAMA,Outras,Colisão Transversal,Sem Vítimas,Pleno dia,Crescente,Sol,Dupla,Cruzamento,Urbano,2010,2,0,0,0,2,0,0,2
655794,10/02/2010,Quarta,10:30:00,RN,304,200.5,LAJES,Outras,Colisão com objeto móvel,Sem Vítimas,Pleno dia,Decrescente,Ceu Claro,Simples,Reta,Rural,2010,2,0,0,0,2,0,0,2
655826,04/02/2010,Quinta,08:10:00,RN,101,95.3,NATAL,Outras,Colisão lateral,Sem Vítimas,Pleno dia,Decrescente,Sol,Múltipla,Reta,Urbano,2010,2,0,0,0,2,0,0,2
655831,04/02/2010,Quinta,16:20:00,RN,101,94.5,NATAL,Outras,Colisão lateral,Sem Vítimas,Pleno dia,Decrescente,Ignorada,Múltipla,Reta,Urbano,2010,2,0,0,0,2,0,0,2
655846,10/02/2010,Quarta,18:50:00,RN,110,48.0,MOSSORO,Outras,Atropelamento de pessoa,Com Vítimas Feridas,Plena noite,Decrescente,Ceu Claro,Simples,Reta,Urbano,2010,2,0,1,0,1,0,1,1
655973,11/02/2010,Quinta,08:15:00,RN,101,84.3,SAO GONCALO DO AMARANTE,Não guardar distância de segurança,Colisão traseira,Sem Vítimas,Pleno dia,Crescente,Ceu Claro,Dupla,Reta,Urbano,2010,2,0,0,0,2,0,0,2
656110,07/02/2010,Domingo,19:00:00,RN,226,77.9,TANGARA,Outras,Atropelamento de pessoa,Com Vítimas Fatais,Plena noite,Decrescente,Ceu Claro,Simples,Reta,Urbano,2010,2,1,0,0,0,1,0,1
656172,08/02/2010,Segunda,16:45:00,RN,101,131.0,SAO JOSE DE MIPIBU,Defeito na via,Colisão lateral,Com Vítimas Feridas,Pleno dia,Decrescente,Ceu Claro,Dupla,Curva,Rural,2010,2,0,1,0,1,0,1,2
656266,11/02/2010,Quinta,05:40:00,RN,304,38.5,MOSSORO,Ultrapassagem indevida,Colisão lateral,Com Vítimas Fatais,Amanhecer,Crescente,Ceu Claro,Simples,Reta,Urbano,2010,7,2,0,3,0,2,3,3
656275,11/02/2010,Quinta,16:15:00,RN,406,100.0,JOAO CAMARA,Defeito na via,Saída de Pista,Com Vítimas Feridas,Pleno dia,Crescente,Ceu Claro,Simples,Reta,Rural,2010,1,0,1,0,0,0,1,1
656283,11/02/2010,Quinta,18:15:00,RN,101,85.7,NATAL,Não guardar distância de segurança,Colisão traseira,Sem Vítimas,Plena noite,Decrescente,Ceu Claro,Dupla,Reta,Urbano,2010,3,0,0,0,3,0,0,3
656306,01/02/2010,Segunda,15:00:00,RN,101,99.8,NATAL,Outras,Colisão traseira,Sem Vítimas,Pleno dia,Decrescente,Ceu Claro,Dupla,Reta,Urbano,2010,3,0,0,0,2,1,0,3
656707,12/02/2010,Sexta,09:30:00,RN,101,126.0,SAO JOSE DE MIPIBU,Outras,Colisão lateral,Sem Vítimas,Pleno dia,Crescente,Nublado,Dupla,Reta,Rural,2010,2,0,0,0,2,0,0,2
656743,12/02/2010,Sexta,15:30:00,RN,110,48.1,MOSSORO,Não guardar distância de segurança,Colisão traseira,Sem Vítimas,Pleno dia,Decrescente,Sol,Simples,Reta,Urbano,2010,5,0,0,0,5,0,0,5
656817,12/02/2010,Sexta,21:00:00,RN,101,97.0,NATAL,Outras,Colisão lateral,Sem Vítimas,Plena noite,Crescente,Ceu Claro,Dupla,Cruzamento,Urbano,2010,2,0,0,0,1,1,0,2
656850,12/02/2010,Sexta,13:15:00,RN,304,85.5,ASSU,Outras,Saída de Pista,Com Vítimas Feridas,Pleno dia,Crescente,Nublado,Simples,Reta,Rural,2010,1,0,1,0,0,0,1,1
656865,09/02/2010,Terça,01:40:00,RN,304,74.5,MOSSORO,Outras,Derramamento de Carga,Sem Vítimas,Plena noite,Decrescente,Ceu Claro,Simples,Reta,Rural,2010,1,0,0,0,1,0,0,1
657068,13/02/2010,Sábado,09:45:00,RN,304,295.0,MACAIBA,Não guardar distância de segurança,Colisão traseira,Sem Vítimas,Pleno dia,Decrescente,Nublado,Simples,Reta,Rural,2010,2,0,0,0,2,0,0,2
657090,13/02/2010,Sábado,06:00:00,RN,101,128.2,SAO JOSE DE MIPIBU,Outras,Colisão lateral,Com Vítimas Feridas,Amanhecer,Crescente,Chuva,Simples,Reta,Rural,2010,3,0,1,0,1,1,1,3
657111,09/02/2010,Terça,07:00:00,RN,101,85.5,SAO GONCALO DO AMARANTE,Não guardar distância de segurança,Colisão traseira,Com Vítimas Feridas,Pleno dia,Crescente,Ceu Claro,Dupla,Reta,Urbano,2010,2,0,0,1,1,0,1,2
657197,09/02/2010,Terça,16:20:00,RN,101,107.3,PARNAMIRIM,Não guardar distância de segurança,Colisão traseira,Sem Vítimas,Pleno dia,Crescente,Nublado,Dupla,Cruzamento,Urbano,2010,2,0,0,0,2,0,0,2
657289,13/02/2010,Sábado,14:00:00,RN,101,103.3,PARNAMIRIM,Falta de atenção,Colisão traseira,Sem Vítimas,Pleno dia,Decrescente,Ceu Claro,Dupla,Cruzamento,Urbano,2010,2,0,0,0,2,0,0,2
657305,13/02/2010,Sábado,06:40:00,RN,304,118.7,ITAJA,Falta de atenção,Colisão traseira,Sem Vítimas,Amanhecer,Crescente,Ceu Claro,Simples,Reta,Urbano,2010,3,0,0,0,3,0,0,3
657368,13/02/2010,Sábado,16:50:00,RN,304,296.9,MACAIBA,Falta de atenção,Colisão lateral,Sem Vítimas,Pleno dia,Decrescente,Nublado,Simples,Reta,Urbano,2010,2,0,0,0,2,0,0,2
657379,13/02/2010,Sábado,09:15:00,RN,101,109.7,PARNAMIRIM,Falta de atenção,Colisão lateral,Sem Vítimas,Pleno dia,Crescente,Nublado,Dupla,Reta,Urbano,2010,2,0,0,0,2,0,0,2
657523,13/02/2010,Sábado,23:15:00,RN,110,59.2,MOSSORO,Falta de atenção,Colisão traseira,Com Vítimas Feridas,Plena noite,Decrescente,Ceu Claro,Simples,Reta,Rural,2010,5,0,2,1,2,0,3,3
657567,10/02/2010,Quarta,07:00:00,RN,101,149.0,GOIANINHA,Outras,Colisão com objeto fixo,Sem Vítimas,Pleno dia,Decrescente,Chuva,Simples,Curva,Urbano,2010,1,0,0,0,1,0,0,1
657750,14/02/2010,Domingo,11:10:00,RN,405,25.0,MOSSORO,Outras,Capotamento,Com Vítimas Feridas,Pleno dia,Decrescente,Ceu Claro,Simples,Reta,Rural,2010,1,0,1,0,0,0,1,1
657751,14/02/2010,Domingo,12:02:00,RN,101,83.2,NATAL,Outras,Atropelamento de pessoa,Sem Vítimas,Pleno dia,Decrescente,Ceu Claro,Dupla,Reta,Urbano,2010,2,0,0,0,1,1,0,1
657813,11/02/2010,Quinta,08:15:00,RN,101,99.0,NATAL,Falta de atenção,Colisão traseira,Sem Vítimas,Pleno dia,Decrescente,Nublado,Dupla,Reta,Urbano,2010,2,0,0,0,2,0,0,2
658063,14/02/2010,Domingo,19:10:00,RN,101,85.0,SAO GONCALO DO AMARANTE,Falta de atenção,Colisão lateral,Com Vítimas Feridas,Plena noite,Crescente,Ceu Claro,Dupla,Curva,Urbano,2010,2,0,1,0,1,0,1,2
658103,06/02/2010,Sábado,10:00:00,RN,110,49.1,MOSSORO,Falta de atenção,Colisão lateral,Sem Vítimas,Pleno dia,Decrescente,Ceu Claro,Múltipla,Reta,Urbano,2010,2,0,0,0,2,0,0,2
658208,13/02/2010,Sábado,10:00:00,RN,304,38.7,MOSSORO,Falta de atenção,Colisão Transversal,Com Vítimas Feridas,Pleno dia,Decrescente,Ceu Claro,Simples,Reta,Urbano,2010,3,0,0,2,1,0,2,2
658210,15/02/2010,Segunda,09:45:00,RN,406,85.0,JOAO CAMARA,Outras,Saída de Pista,Sem Vítimas,Pleno dia,Crescente,Ceu Claro,Simples,Reta,Rural,2010,1,0,0,0,1,0,0,1
658282,14/02/2010,Domingo,03:00:00,RN,405,66.3,FELIPE GUERRA,Ingestão de álcool,Colisão traseira,Com Vítimas Fatais,Plena noite,Decrescente,Ceu Claro,Simples,Reta,Rural,2010,4,1,1,1,1,0,2,2
658290,11/02/2010,Quinta,15:30:00,RN,101,98.0,NATAL,Falta de atenção,Colisão traseira,Sem Vítimas,Pleno dia,Decrescente,Sol,Múltipla,Reta,Urbano,2010,3,0,0,0,3,0,0,3
658310,11/02/2010,Quinta,08:20:00,RN,101,97.4,NATAL,Falta de atenção,Colisão traseira,Sem Vítimas,Pleno dia,Decrescente,Ceu Claro,Dupla,Reta,Urbano,2010,2,0,0,0,2,0,0,2
658422,15/02/2010,Segunda,14:00:00,RN,427,89.3,CAICO,Animais na Pista,Atropelamento de animal,Sem Vítimas,Pleno dia,Decrescente,Sol,Simples,Reta,Rural,2010,4,0,0,0,4,0,0,1
658442,15/02/2010,Segunda,16:40:00,RN,101,100.1,NATAL,Outras,Queda de motocicleta / bicicleta / veículo,Com Vítimas Feridas,Pleno dia,Decrescente,Nublado,Dupla,Reta,Urbano,2010,2,0,1,0,1,0,1,1
658473,15/02/2010,Segunda,10:20:00,RN,101,170.2,CANGUARETAMA,Falta de atenção,Colisão Transversal,Sem Vítimas,Pleno dia,Decrescente,Sol,Simples,Curva,Rural,2010,2,0,0,0,2,0,0,2
658577,14/02/2010,Domingo,17:00:00,RN,406,134.8,TAIPU,Outras,Saída de Pista,Sem Vítimas,Pleno dia,Decrescente,Ceu Claro,Simples,Reta,Urbano,2010,1,0,0,0,1,0,0,1
658681,13/02/2010,Sábado,10:00:00,RN,101,99.9,NATAL,Falta de atenção,Colisão traseira,Sem Vítimas,Pleno dia,Crescente,Chuva,Múltipla,Reta,Urbano,2010,2,0,0,0,2,0,0,2
658716,13/02/2010,Sábado,10:40:00,RN,101,106.4,PARNAMIRIM,Falta de atenção,Tombamento,Com Vítimas Feridas,Pleno dia,Decrescente,Chuva,Dupla,Reta,Urbano,2010,2,0,1,0,1,0,1,2
658972,16/02/2010,Terça,18:00:00,RN,101,80.0,SAO GONCALO DO AMARANTE,Falta de atenção,Colisão traseira,Sem Vítimas,Plena noite,Crescente,Ceu Claro,Dupla,Cruzamento,Urbano,2010,3,0,0,0,3,0,0,3
659006,12/02/2010,Sexta,07:10:00,RN,101,168.5,BAIA FORMOSA,Falta de atenção,Saída de Pista,Com Vítimas Fatais,Pleno dia,Decrescente,Ceu Claro,Simples,Reta,Rural,2010,3,1,1,0,0,1,1,1
659019,17/02/2010,Quarta,01:10:00,RN,226,132.8,CAMPO REDONDO,Falta de atenção,Queda de motocicleta / bicicleta / veículo,Com Vítimas Feridas,Plena noite,Decrescente,Ceu Claro,Simples,Reta,Rural,2010,1,0,0,1,0,0,1,1
659082,12/02/2010,Sexta,17:20:00,RN,226,1.0,NATAL,Falta de atenção,Colisão Transversal,Com Vítimas Feridas,Anoitecer,Crescente,Ceu Claro,Simples,Cruzamento,Urbano,2010,2,0,1,0,1,0,1,2
659267,13/02/2010,Sábado,21:10:00,RN,427,70.5,JARDIM DO SERIDO,Defeito na via,Saída de Pista,Sem Vítimas,Plena noite,Crescente,Ceu Claro,Simples,Reta,Rural,2010,1,0,0,0,1,0,0,1
659274,10/02/2010,Quarta,06:30:00,RN,101,83.3,SAO GONCALO DO AMARANTE,Não guardar distância de segurança,Colisão traseira,Sem Vítimas,Pleno dia,Crescente,Chuva,Dupla,Reta,Urbano,2010,2,0,0,0,2,0,0,2
659297,17/02/2010,Quarta,06:40:00,RN,101,137.5,ARES,Dormindo,Saída de Pista,Sem Vítimas,Amanhecer,Decrescente,Nublado,Simples,Curva,Rural,2010,1,0,0,0,1,0,0,1
659330,13/02/2010,Sábado,07:35:00,RN,101,81.8,NATAL,Desobediência à sinalização,Colisão Transversal,Sem Vítimas,Pleno dia,Crescente,Nublado,Dupla,Cruzamento,Urbano,2010,2,0,0,0,2,0,0,2
659451,13/02/2010,Sábado,08:30:00,RN,304,213.8,CAICARA DO RIO DO VENTO,Falta de atenção,Colisão lateral,Com Vítimas Feridas,Pleno dia,Decrescente,Ceu Claro,Simples,Reta,Rural,2010,2,0,1,0,1,0,1,2
659460,13/02/2010,Sábado,17:00:00,RN,304,39.8,MOSSORO,Desobediência à sinalização,Colisão Transversal,Sem Vítimas,Pleno dia,Crescente,Ceu Claro,Simples,Cruzamento,Urbano,2010,2,0,0,0,2,0,0,2
659475,17/02/2010,Quarta,14:15:00,RN,110,52.7,MOSSORO,Outras,Capotamento,Com Vítimas Feridas,Pleno dia,Decrescente,Ceu Claro,Simples,Reta,Rural,2010,2,0,1,0,0,1,1,1
659534,17/02/2010,Quarta,10:20:00,RN,304,33.2,MOSSORO,Falta de atenção,Colisão Transversal,Com Vítimas Feridas,Pleno dia,Crescente,Ceu Claro,Simples,Reta,Urbano,2010,3,0,1,0,2,0,1,2
659556,10/02/2010,Quarta,01:10:00,RN,101,84.9,NATAL,Outras,Atropelamento de pessoa,Com Vítimas Feridas,Plena noite,Decrescente,Ceu Claro,Dupla,Reta,Urbano,2010,2,0,0,2,0,0,2,1
659575,13/02/2010,Sábado,21:45:00,RN,406,102.5,JOAO CAMARA,Ultrapassagem indevida,Colisão frontal,Com Vítimas Feridas,Plena noite,Decrescente,Ceu Claro,Simples,Reta,Urbano,2010,4,0,3,1,0,0,4,2
659656,17/02/2010,Quarta,08:00:00,RN,304,33.2,MOSSORO,Defeito mecânico em veículo,Danos Eventuais,Sem Vítimas,Pleno dia,Crescente,Ceu Claro,Simples,Reta,Urbano,2010,3,0,0,0,3,0,0,3
659675,17/02/2010,Quarta,11:30:00,RN,304,33.2,MOSSORO,Falta de atenção,Colisão traseira,Com Vítimas Feridas,Pleno dia,Crescente,Ceu Claro,Simples,Reta,Urbano,2010,2,0,1,0,1,0,1,2
659773,06/02/2010,Sábado,08:00:00,RN,101,82.4,NATAL,Falta de atenção,Colisão lateral,Com Vítimas Feridas,Pleno dia,Crescente,Ceu Claro,Simples,Reta,Urbano,2010,2,0,1,0,1,0,1,2
659785,14/02/2010,Domingo,20:30:00,RN,406,70.1,JANDAIRA,Animais na Pista,Colisão traseira,Sem Vítimas,Plena noite,Decrescente,Ceu Claro,Simples,Reta,Rural,2010,2,0,0,0,2,0,0,2
659822,15/02/2010,Segunda,13:00:00,RN,101,80.8,SAO GONCALO DO AMARANTE,Outras,Colisão lateral,Com Vítimas Feridas,Pleno dia,Decrescente,Ceu Claro,Dupla,Curva,Urbano,2010,3,0,2,0,1,0,2,2
659908,06/02/2010,Sábado,19:00:00,RN,406,160.1,SAO GONCALO DO AMARANTE,Outras,Colisão lateral,Com Vítimas Feridas,Plena noite,Crescente,Vento,Simples,Reta,Rural,2010,3,0,1,1,1,0,2,2
659956,18/02/2010,Quinta,09:40:00,RN,101,103.3,PARNAMIRIM,Falta de atenção,Colisão lateral,Sem Vítimas,Pleno dia,Crescente,Sol,Múltipla,Cruzamento,Urbano,2010,2,0,0,0,2,0,0,2
660006,18/02/2010,Quinta,08:15:00,RN,304,145.0,ANGICOS,Outras,Tombamento,Ignorado,Pleno dia,Decrescente,Ceu Claro,Simples,Reta,Rural,2010,1,0,0,0,0,1,0,1
660012,16/02/2010,Terça,17:30:00,RN,101,63.8,CEARA-MIRIM,Falta de atenção,Colisão traseira,Sem Vítimas,Anoitecer,Crescente,Ceu Claro,Simples,Reta,Rural,2010,2,0,0,0,2,0,0,2
660023,17/01/2010,Domingo,18:50:00,RN,304,28.3,MOSSORO,Ingestão de álcool,Colisão lateral,Sem Vítimas,Plena noite,Crescente,Ceu Claro,Simples,Reta,Rural,2010,2,0,0,0,2,0,0,2
660174,17/02/2010,Quarta,10:30:00,RN,304,34.0,MOSSORO,Não guardar distância de segurança,Colisão traseira,Sem Vítimas,Pleno dia,Crescente,Ceu Claro,Simples,Reta,Urbano,2010,4,0,0,0,4,0,0,3
660195,17/02/2010,Quarta,10:30:00,RN,406,30.6,GUAMARE,Outras,Colisão Transversal,Com Vítimas Feridas,Pleno dia,Decrescente,Sol,Simples,Reta,Rural,2010,2,0,1,0,1,0,1,2
660217,13/02/2010,Sábado,11:55:00,RN,304,27.6,MOSSORO,Outras,Colisão frontal,Com Vítimas Fatais,Pleno dia,Crescente,Ceu Claro,Simples,Reta,Rural,2010,3,1,1,1,0,0,2,2
660223,15/02/2010,Segunda,15:50:00,RN,304,87.0,ASSU,Outras,Saída de Pista,Com Vítimas Feridas,Pleno dia,Crescente,Chuva,Simples,Reta,Rural,2010,1,0,1,0,0,0,1,1
660248,17/02/2010,Quarta,11:45:00,RN,427,26.8,ACARI,Desobediência à sinalização,Atropelamento de pessoa,Com Vítimas Fatais,Pleno dia,Decrescente,Ceu Claro,Simples,Reta,Urbano,2010,2,1,0,0,1,0,0,1
660264,10/02/2010,Quarta,06:00:00,RN,101,80.1,NATAL,Outras,Colisão lateral,Sem Vítimas,Pleno dia,Decrescente,Chuva,Dupla,Reta,Rural,2010,2,0,0,0,2,0,0,2
660388,16/02/2010,Terça,17:50:00,RN,101,63.9,CEARA-MIRIM,Falta de atenção,Colisão traseira,Sem Vítimas,Anoitecer,Crescente,Ceu Claro,Simples,Reta,Rural,2010,2,0,0,0,2,0,0,2
660440,19/02/2010,Sexta,08:00:00,RN,101,100.7,PARNAMIRIM,Falta de atenção,Colisão traseira,Sem Vítimas,Pleno dia,Decrescente,Ceu Claro,Múltipla,Reta,Urbano,2010,2,0,0,0,1,1,0,2
660441,17/02/2010,Quarta,14:30:00,RN,427,4.0,CURRAIS NOVOS,Outras,Saída de Pista,Sem Vítimas,Pleno dia,Decrescente,Ceu Claro,Simples,Curva,Rural,2010,1,0,0,0,1,0,0,1
660465,19/02/2010,Sexta,05:30:00,RN,226,159.4,CURRAIS NOVOS,Dormindo,Capotamento,Com Vítimas Feridas,Amanhecer,Crescente,Ceu Claro,Simples,Reta,Rural,2010,2,0,2,0,0,0,2,1
660467,19/02/2010,Sexta,08:40:00,RN,101,131.1,SAO JOSE DE MIPIBU,Outras,Colisão frontal,Com Vítimas Feridas,Pleno dia,Crescente,Ceu Claro,Simples,Reta,Rural,2010,2,0,1,0,1,0,1,2
660482,17/02/2010,Quarta,18:50:00,RN,427,97.2,CAICO,Animais na Pista,Atropelamento de animal,Com Vítimas Feridas,Plena noite,Decrescente,Ceu Claro,Simples,Curva,Urbano,2010,1,0,1,0,0,0,1,1
660529,19/02/2010,Sexta,00:05:00,RN,226,208.8,SAO VICENTE,Animais na Pista,Atropelamento de animal,Sem Vítimas,Plena noite,Crescente,Ceu Claro,Simples,Reta,Rural,2010,2,0,0,0,2,0,0,1
660605,19/02/2010,Sexta,16:55:00,RN,101,84.8,NATAL,Falta de atenção,Colisão traseira,Sem Vítimas,Pleno dia,Crescente,Nublado,Dupla,Cruzamento,Urbano,2010,2,0,0,0,2,0,0,2
660850,16/02/2010,Terça,19:20:00,RN,101,98.0,NATAL,Animais na Pista,Atropelamento de animal,Sem Vítimas,Plena noite,Crescente,Ceu Claro,Múltipla,Reta,Urbano,2010,1,0,0,0,1,0,0,1
660882,16/02/2010,Terça,16:30:00,RN,101,101.7,PARNAMIRIM,Falta de atenção,Colisão traseira,Sem Vítimas,Anoitecer,Crescente,Vento,Dupla,Reta,Urbano,2010,2,0,0,0,2,0,0,2
660907,16/02/2010,Terça,08:30:00,RN,226,201.8,SAO VICENTE,Falta de atenção,Colisão Transversal,Com Vítimas Feridas,Pleno dia,Crescente,Ceu Claro,Simples,Curva,Rural,2010,4,0,3,1,0,0,4,2
661009,20/02/2010,Sábado,09:50:00,RN,101,81.7,NATAL,Falta de atenção,Colisão traseira,Sem Vítimas,Pleno dia,Crescente,Ceu Claro,Simples,Cruzamento,Urbano,2010,2,0,0,0,2,0,0,2
661100,20/02/2010,Sábado,19:30:00,RN,101,67.4,EXTREMOZ,Outras,Colisão com bicicleta,Com Vítimas Feridas,Plena noite,Crescente,Ceu Claro,Simples,Reta,Urbano,2010,2,0,0,2,0,0,2,2
661106,17/02/2010,Quarta,00:05:00,RN,101,97.8,NATAL,Falta de atenção,Colisão traseira,Sem Vítimas,Plena noite,Crescente,Nublado,Dupla,Cruzamento,Urbano,2010,2,0,0,0,2,0,0,2
661112,20/02/2010,Sábado,08:40:00,RN,101,96.8,NATAL,Outras,Colisão traseira,Sem Vítimas,Pleno dia,Crescente,Nublado,Dupla,Cruzamento,Urbano,2010,2,0,0,0,1,1,0,2