id,data_inversa,dia_semana,horario,uf,br,km,municipio,causa_acidente,tipo_acidente,classificacao_acidente,fase_dia,sentido_via,condicao_metereologica,tipo_pista,tracado_via,uso_solo,ano,pessoas,mortos,feridos_leves,feridos_graves,ilesos,ignorados,feridos,veiculos
661130,13/02/2010,Sábado,02:10:00,RN,304,47.6,MOSSORO,Desobediência à sinalização,Colisão Transversal,Com Vítimas Fatais,Plena noite,Decrescente,Ceu Claro,Simples,Cruzamento,Urbano,2010,3,1,0,1,0,1,1,2
661137,20/02/2010,Sábado,09:55:00,RN,304,47.6,MOSSORO,Desobediência à sinalização,Colisão Transversal,Sem Vítimas,Pleno dia,Decrescente,Ceu Claro,Simples,Cruzamento,Urbano,2010,4,0,0,0,4,0,0,2
661143,20/02/2010,Sábado,21:10:00,RN,110,0.8,AREIA BRANCA,Ingestão de álcool,Colisão com objeto fixo,Sem Vítimas,Plena noite,Decrescente,Ceu Claro,Simples,Reta,Urbano,2010,1,0,0,0,1,0,0,1
661149,20/02/2010,Sábado,13:25:00,RN,110,46.8,MOSSORO,Defeito mecânico em veículo,Colisão lateral,Sem Vítimas,Pleno dia,Decrescente,Sol,Simples,Reta,Urbano,2010,2,0,0,0,2,0,0,2
661158,12/02/2010,Sexta,21:46:00,RN,101,150.0,GOIANINHA,Desobediência à sinalização,Colisão Transversal,Sem Vítimas,Plena noite,Decrescente,Ceu Claro,Simples,Reta,Urbano,2010,2,0,0,0,2,0,0,2
661206,17/02/2010,Quarta,16:15:00,RN,101,66.5,CEARA-MIRIM,Falta de atenção,Colisão Transversal,Com Vítimas Feridas,Pleno dia,Decrescente,Ceu Claro,Simples,Reta,Rural,2010,4,0,2,0,2,0,2,2
661321,21/02/2010,Domingo,07:50:00,RN,101,100.0,NATAL,Não guardar distância de segurança,Colisão traseira,Sem Vítimas,Pleno dia,Crescente,Chuva,Dupla,Cruzamento,Urbano,2010,2,0,0,0,2,0,0,2
661335,21/02/2010,Domingo,14:30:00,RN,226,4.0,NATAL,Falta de atenção,Colisão Transversal,Com Vítimas Feridas,Pleno dia,Crescente,Nublado,Simples,Cruzamento,Urbano,2010,2,0,2,0,0,0,2,2
661384,21/02/2010,Domingo,14:20:00,RN,101,98.2,NATAL,Falta de atenção,Colisão traseira,Com Vítimas Feridas,Pleno dia,Decrescente,Ceu Claro,Dupla,Cruzamento,Urbano,2010,3,0,1,1,1,0,2,2
661408,21/02/2010,Domingo,15:15:00,RN,405,0.3,MOSSORO,Falta de atenção,Colisão Transversal,Sem Vítimas,Pleno dia,Crescente,Ceu Claro,Dupla,Curva,Urbano,2010,2,0,0,0,2,0,0,2
661539,18/02/2010,Quinta,05:40:00,RN,101,140.1,ARES,Velocidade incompatível,Colisão frontal,Com Vítimas Fatais,Amanhecer,Crescente,Nublado,Simples,Curva,Rural,2010,2,1,0,0,1,0,0,2
661571,21/02/2010,Domingo,16:20:00,RN,226,111.2,SANTA CRUZ,Falta de atenção,Colisão Transversal,Sem Vítimas,Pleno dia,Decrescente,Ceu Claro,Simples,Reta,Urbano,2010,2,0,0,0,1,1,0,2
661648,14/02/2010,Domingo,19:30:00,RN,304,87.0,MOSSORO,Outras,Capotamento,Com Vítimas Feridas,Plena noite,Crescente,Chuva,Simples,Reta,Rural,2010,2,0,1,0,1,0,1,1
661748,22/02/2010,Segunda,07:40:00,RN,101,101.6,PARNAMIRIM,Falta de atenção,Colisão traseira,Sem Vítimas,Pleno dia,Crescente,Ceu Claro,Múltipla,Reta,Urbano,2010,2,0,0,0,2,0,0,2
661799,18/02/2010,Quinta,18:50:00,RN,226,43.9,BOM JESUS,Outras,Capotamento,Sem Vítimas,Plena noite,Crescente,Ceu Claro,Simples,Curva,Rural,2010,1,0,0,0,1,0,0,1
661803,22/02/2010,Segunda,12:20:00,RN,226,3.3,NATAL,Desobediência à sinalização,Colisão traseira,Sem Vítimas,Pleno dia,Crescente,Ceu Claro,Simples,Curva,Urbano,2010,2,0,0,0,2,0,0,2
661832,22/02/2010,Segunda,10:00:00,RN,101,100.0,PARNAMIRIM,Não guardar distância de segurança,Colisão traseira,Sem Vítimas,Pleno dia,Decrescente,Sol,Dupla,Cruzamento,Urbano,2010,2,0,0,0,2,0,0,2
661924,15/02/2010,Segunda,06:20:00,RN,110,13.5,AREIA BRANCA,Falta de atenção,Queda de motocicleta / bicicleta / veículo,Com Vítimas Feridas,Pleno dia,Crescente,Ceu Claro,Simples,Reta,Rural,2010,2,0,2,0,0,0,2,1
661928,10/02/2010,Quarta,09:30:00,RN,304,128.2,MOSSORO,Defeito mecânico em veículo,Colisão com objeto fixo,Sem Vítimas,Plena noite,Decrescente,Ceu Claro,Simples,Reta,Rural,2010,2,0,0,0,2,0,0,2
661984,22/02/2010,Segunda,18:30:00,RN,101,96.5,NATAL,Falta de atenção,Colisão traseira,Sem Vítimas,Plena noite,Decrescente,Ceu Claro,Múltipla,Cruzamento,Urbano,2010,2,0,0,0,2,0,0,2
662100,21/02/2010,Domingo,16:40:00,RN,226,107.6,SANTA CRUZ,Outras,Colisão Transversal,Com Vítimas Fatais,Pleno dia,Crescente,Ceu Claro,Simples,Reta,Rural,2010,2,1,1,0,0,0,1,2
662253,02/02/2010,Terça,08:40:00,RN,101,99.9,NATAL,Falta de atenção,Colisão traseira,Sem Vítimas,Pleno dia,Crescente,Nublado,Dupla,Reta,Urbano,2010,3,0,0,0,3,0,0,3
662271,12/02/2010,Sexta,14:30:00,RN,101,96.2,NATAL,Falta de atenção,Colisão traseira,Sem Vítimas,Pleno dia,Crescente,Ceu Claro,Dupla,Curva,Urbano,2010,2,0,0,0,2,0,0,2
662325,20/02/2010,Sábado,05:15:00,RN,406,162.1,CEARA-MIRIM,Outras,Saída de Pista,Sem Vítimas,Amanhecer,Crescente,Chuva,Simples,Reta,Rural,2010,1,0,0,0,1,0,0,1
662329,20/02/2010,Sábado,09:55:00,RN,304,289.9,MACAIBA,Falta de atenção,Colisão Transversal,Sem Vítimas,Pleno dia,Crescente,Sol,Simples,Reta,Rural,2010,3,0,0,0,3,0,0,2
662377,20/02/2010,Sábado,18:25:00,RN,101,97.9,NATAL,Falta de atenção,Colisão traseira,Sem Vítimas,Plena noite,Crescente,Nublado,Dupla,Cruzamento,Urbano,2010,2,0,0,0,2,0,0,2
662401,19/02/2010,Sexta,19:35:00,RN,101,99.8,NATAL,Falta de atenção,Colisão traseira,Sem Vítimas,Plena noite,Crescente,Nublado,Dupla,Reta,Urbano,2010,2,0,0,0,2,0,0,2
662560,20/02/2010,Sábado,04:55:00,RN,101,103.2,PARNAMIRIM,Outras,Atropelamento de pessoa,Com Vítimas Feridas,Amanhecer,Crescente,Ignorada,Múltipla,Reta,Urbano,2010,2,0,1,0,1,0,1,1
662604,17/02/2010,Quarta,09:10:00,RN,101,73.0,EXTREMOZ,Falta de atenção,Colisão lateral,Sem Vítimas,Pleno dia,Crescente,Ceu Claro,Simples,Reta,Rural,2010,2,0,0,0,2,0,0,2
662652,23/02/2010,Terça,08:00:00,RN,101,100.0,PARNAMIRIM,Outras,Colisão frontal,Sem Vítimas,Pleno dia,Decrescente,Ceu Claro,Dupla,Reta,Urbano,2010,5,0,0,0,5,0,0,5
662804,29/01/2010,Sexta,11:20:00,RN,101,106.0,PARNAMIRIM,Falta de atenção,Colisão Transversal,Sem Vítimas,Pleno dia,Decrescente,Ceu Claro,Dupla,Reta,Urbano,2010,2,0,0,0,2,0,0,2
662824,10/02/2010,Quarta,16:20:00,RN,101,100.7,PARNAMIRIM,Desobediência à sinalização,Colisão lateral,Sem Vítimas,Pleno dia,Crescente,Ceu Claro,Múltipla,Cruzamento,Urbano,2010,2,0,0,0,2,0,0,2
662887,24/02/2010,Quarta,13:10:00,RN,101,99.9,NATAL,Falta de atenção,Colisão traseira,Sem Vítimas,Pleno dia,Decrescente,Sol,Dupla,Cruzamento,Urbano,2010,2,0,0,0,2,0,0,2
662892,24/02/2010,Quarta,08:00:00,RN,101,84.2,SAO GONCALO DO AMARANTE,Defeito mecânico em veículo,Colisão traseira,Sem Vítimas,Pleno dia,Crescente,Sol,Dupla,Reta,Urbano,2010,2,0,0,0,2,0,0,2
663168,21/02/2010,Domingo,02:55:00,RN,101,94.5,NATAL,Ingestão de álcool,Colisão traseira,Com Vítimas Feridas,Plena noite,Decrescente,Chuva,Dupla,Cruzamento,Urbano,2010,3,0,2,0,1,0,2,2
663263,16/02/2010,Terça,17:00:00,RN,304,296.8,MACAIBA,Não guardar distância de segurança,Colisão traseira,Sem Vítimas,Pleno dia,Crescente,Ceu Claro,Simples,Reta,Urbano,2010,2,0,0,0,2,0,0,2
663346,16/02/2010,Terça,17:35:00,RN,101,63.8,CEARA-MIRIM,Falta de atenção,Colisão traseira,Sem Vítimas,Anoitecer,Crescente,Ceu Claro,Simples,Reta,Rural,2010,2,0,0,0,2,0,0,2
663460,25/02/2010,Quinta,12:00:00,RN,101,82.9,SAO GONCALO DO AMARANTE,Falta de atenção,Colisão lateral,Com Vítimas Feridas,Pleno dia,Crescente,Ceu Claro,Dupla,Curva,Urbano,2010,2,0,1,0,1,0,1,2
663470,25/02/2010,Quinta,16:30:00,RN,101,109.5,PARNAMIRIM,Desobediência à sinalização,Colisão Transversal,Sem Vítimas,Pleno dia,Decrescente,Ceu Claro,Dupla,Cruzamento,Urbano,2010,2,0,0,0,2,0,0,2
663492,25/02/2010,Quinta,13:25:00,RN,101,85.0,SAO GONCALO DO AMARANTE,Não guardar distância de segurança,Colisão traseira,Sem Vítimas,Pleno dia,Crescente,Ceu Claro,Dupla,Reta,Urbano,2010,2,0,0,0,2,0,0,2
663496,25/02/2010,Quinta,14:05:00,RN,101,95.9,NATAL,Falta de atenção,Colisão lateral,Sem Vítimas,Pleno dia,Decrescente,Sol,Múltipla,Cruzamento,Urbano,2010,2,0,0,0,2,0,0,2
663579,25/02/2010,Quinta,14:50:00,RN,101,105.0,PARNAMIRIM,Falta de atenção,Colisão lateral,Sem Vítimas,Pleno dia,Decrescente,Sol,Dupla,Curva,Urbano,2010,2,0,0,0,2,0,0,2
663584,21/02/2010,Domingo,09:45:00,RN,101,100.6,NATAL,Defeito na via,Colisão com objeto fixo,Sem Vítimas,Pleno dia,Crescente,Chuva,Dupla,Curva,Urbano,2010,1,0,0,0,1,0,0,1
663604,25/02/2010,Quinta,19:50:00,RN,101,79.9,SAO GONCALO DO AMARANTE,Outras,Colisão lateral,Sem Vítimas,Anoitecer,Crescente,Ceu Claro,Dupla,Reta,Urbano,2010,2,0,0,0,1,1,0,2
663623,25/02/2010,Quinta,22:10:00,RN,226,11.7,MACAIBA,Animais na Pista,Atropelamento de animal,Sem Vítimas,Plena noite,Crescente,Ceu Claro,Simples,Reta,Urbano,2010,1,0,0,0,1,0,0,1
663658,10/02/2010,Quarta,06:50:00,RN,304,45.0,MOSSORO,Falta de atenção,Colisão lateral,Com Vítimas Feridas,Pleno dia,Crescente,Ceu Claro,Simples,Reta,Rural,2010,2,0,1,0,1,0,1,2
663717,06/02/2010,Sábado,11:00:00,RN,101,83.0,NATAL,Não guardar distância de segurança,Colisão traseira,Com Vítimas Feridas,Pleno dia,Decrescente,Ceu Claro,Simples,Reta,Urbano,2010,3,0,1,0,2,0,1,2
663760,16/02/2010,Terça,10:40:00,RN,101,70.0,EXTREMOZ,Falta de atenção,Tombamento,Com Vítimas Feridas,Pleno dia,Decrescente,Ceu Claro,Simples,Reta,Rural,2010,1,0,1,0,0,0,1,1
663762,10/02/2010,Quarta,18:30:00,RN,406,162.0,SAO GONCALO DO AMARANTE,Falta de atenção,Tombamento,Sem Vítimas,Plena noite,Crescente,Ceu Claro,Simples,Reta,Rural,2010,1,0,0,0,1,0,0,1
663802,26/02/2010,Sexta,07:40:00,RN,226,64.6,SERRA CAIADA,Ultrapassagem indevida,Colisão lateral,Sem Vítimas,Pleno dia,Decrescente,Sol,Simples,Reta,Rural,2010,3,0,0,0,3,0,0,3
663851,26/02/2010,Sexta,09:40:00,RN,226,6.1,MACAIBA,Falta de atenção,Colisão Transversal,Com Vítimas Feridas,Pleno dia,Crescente,Ceu Claro,Simples,Curva,Urbano,2010,2,0,0,1,0,1,1,2
663856,26/02/2010,Sexta,09:00:00,RN,226,11.7,MACAIBA,Defeito mecânico em veículo,Colisão Transversal,Com Vítimas Feridas,Pleno dia,Crescente,Ceu Claro,Dupla,Reta,Rural,2010,2,0,1,0,1,0,1,2
663874,26/02/2010,Sexta,13:30:00,RN,101,84.2,NATAL,Falta de atenção,Colisão com bicicleta,Sem Vítimas,Pleno dia,Decrescente,Ceu Claro,Dupla,Curva,Urbano,2010,2,0,0,0,2,0,0,2
663888,26/02/2010,Sexta,10:40:00,RN,101,107.0,PARNAMIRIM,Desobediência à sinalização,Colisão Transversal,Sem Vítimas,Pleno dia,Decrescente,Ceu Claro,Dupla,Reta,Urbano,2010,2,0,0,0,2,0,0,2
663922,26/02/2010,Sexta,15:29:00,RN,101,99.0,NATAL,Não guardar distância de segurança,Colisão traseira,Sem Vítimas,Pleno dia,Decrescente,Ceu Claro,Dupla,Curva,Urbano,2010,3,0,0,0,3,0,0,3
663927,26/02/2010,Sexta,11:40:00,RN,406,169.7,SAO GONCALO DO AMARANTE,Desobediência à sinalização,Colisão traseira,Sem Vítimas,Pleno dia,Decrescente,Ceu Claro,Simples,Reta,Urbano,2010,2,0,0,0,2,0,0,2
663975,26/02/2010,Sexta,16:40:00,RN,101,107.0,PARNAMIRIM,Falta de atenção,Colisão traseira,Sem Vítimas,Pleno dia,Crescente,Ceu Claro,Múltipla,Reta,Urbano,2010,2,0,0,0,2,0,0,2
664005,26/02/2010,Sexta,15:15:00,RN,304,305.1,PARNAMIRIM,Outras,Colisão lateral,Sem Vítimas,Pleno dia,Decrescente,Ceu Claro,Dupla,Reta,Urbano,2010,2,0,0,0,1,1,0,2
664039,26/02/2010,Sexta,18:30:00,RN,101,104.4,PARNAMIRIM,Falta de atenção,Colisão lateral,Sem Vítimas,Anoitecer,Crescente,Ceu Claro,Múltipla,Cruzamento,Urbano,2010,2,0,0,0,2,0,0,2
664044,22/02/2010,Segunda,12:30:00,RN,101,99.9,NATAL,Falta de atenção,Colisão lateral,Sem Vítimas,Pleno dia,Decrescente,Ceu Claro,Múltipla,Cruzamento,Urbano,2010,2,0,0,0,2,0,0,2
664064,26/02/2010,Sexta,19:00:00,RN,226,111.5,SANTA CRUZ,Falta de atenção,Colisão traseira,Sem Vítimas,Anoitecer,Crescente,Ceu Claro,Simples,Reta,Urbano,2010,2,0,0,0,2,0,0,2
664143,26/02/2010,Sexta,17:30:00,RN,304,87.1,ASSU,Ultrapassagem indevida,Colisão frontal,Sem Vítimas,Anoitecer,Crescente,Ceu Claro,Simples,Reta,Rural,2010,5,0,0,0,5,0,0,2
664161,26/02/2010,Sexta,18:40:00,RN,101,45.4,MAXARANGUAPE,Animais na Pista,Atropelamento de animal,Com Vítimas Feridas,Plena noite,Crescente,Ceu Claro,Simples,Reta,Rural,2010,5,0,3,2,0,0,5,2
664168,26/02/2010,Sexta,15:30:00,RN,226,69.9,SERRA CAIADA,Falta de atenção,Colisão traseira,Sem Vítimas,Pleno dia,Decrescente,Ceu Claro,Simples,Reta,Urbano,2010,2,0,0,0,2,0,0,2
664318,23/02/2010,Terça,23:45:00,RN,304,284.5,MACAIBA,Animais na Pista,Atropelamento de animal,Sem Vítimas,Plena noite,Crescente,Ceu Claro,Simples,Reta,Rural,2010,1,0,0,0,1,0,0,1
664406,23/02/2010,Terça,08:10:00,RN,101,100.6,PARNAMIRIM,Não guardar distância de segurança,Colisão traseira,Com Vítimas Feridas,Pleno dia,Decrescente,Ceu Claro,Dupla,Reta,Urbano,2010,3,0,1,0,2,0,1,2
664504,23/02/2010,Terça,11:55:00,RN,101,95.9,NATAL,Falta de atenção,Colisão lateral,Sem Vítimas,Pleno dia,Decrescente,Ceu Claro,Múltipla,Reta,Urbano,2010,2,0,0,0,1,1,0,2
664513,25/02/2010,Quinta,09:35:00,RN,110,48.3,MOSSORO,Falta de atenção,Colisão lateral,Com Vítimas Feridas,Pleno dia,Decrescente,Ceu Claro,Simples,Reta,Urbano,2010,2,0,0,1,1,0,1,2
664624,26/02/2010,Sexta,05:20:00,RN,304,130.2,ANGICOS,Falta de atenção,Colisão lateral,Sem Vítimas,Amanhecer,Crescente,Ceu Claro,Simples,Reta,Rural,2010,6,0,0,0,5,1,0,2
664739,24/02/2010,Quarta,17:50:00,RN,101,102.8,PARNAMIRIM,Falta de atenção,Colisão lateral,Com Vítimas Feridas,Pleno dia,Crescente,Ceu Claro,Dupla,Reta,Urbano,2010,2,0,1,0,1,0,1,2
664822,28/02/2010,Domingo,06:45:00,RN,226,65.5,SENADOR ELOI DE SOUZA,Outras,Capotamento,Com Vítimas Feridas,Pleno dia,Crescente,Sol,Simples,Reta,Rural,2010,1,0,1,0,0,0,1,1
664908,26/02/2010,Sexta,19:00:00,RN,101,95.1,NATAL,Falta de atenção,Colisão traseira,Com Vítimas Feridas,Plena noite,Crescente,Ceu Claro,Múltipla,Reta,Urbano,2010,2,0,1,0,1,0,1,2
664920,28/02/2010,Domingo,14:45:00,RN,101,98.0,NATAL,Outras,Colisão lateral,Sem Vítimas,Pleno dia,Decrescente,Ceu Claro,Múltipla,Curva,Urbano,2010,2,0,0,0,2,0,0,2
664945,28/02/2010,Domingo,16:00:00,RN,406,133.5,TAIPU,Ultrapassagem indevida,Colisão lateral,Com Vítimas Feridas,Pleno dia,Crescente,Sol,Simples,Reta,Rural,2010,2,0,0,1,1,0,1,2
664947,17/02/2010,Quarta,09:10:00,RN,101,106.2,PARNAMIRIM,Outras,Atropelamento de pessoa,Com Vítimas Feridas,Pleno dia,Crescente,Sol,Dupla,Reta,Urbano,2010,2,0,1,0,1,0,1,1
664967,21/02/2010,Domingo,08:00:00,RN,101,99.9,NATAL,Falta de atenção,Colisão traseira,Sem Vítimas,Pleno dia,Crescente,Chuva,Dupla,Reta,Urbano,2010,2,0,0,0,2,0,0,2
665074,28/02/2010,Domingo,21:20:00,RN,101,107.0,PARNAMIRIM,Outras,Colisão traseira,Sem Vítimas,Plena noite,Decrescente,Ceu Claro,Dupla,Cruzamento,Urbano,2010,2,0,0,0,1,1,0,2
665099,28/02/2010,Domingo,21:30:00,RN,304,90.6,ASSU,Outras,Queda de motocicleta / bicicleta / veículo,Com Vítimas Feridas,Plena noite,Decrescente,Ceu Claro,Simples,Reta,Rural,2010,1,0,1,0,0,0,1,1
665102,28/02/2010,Domingo,19:58:00,RN,406,50.0,JANDAIRA,Animais na Pista,Atropelamento de animal,Sem Vítimas,Plena noite,Decrescente,Ceu Claro,Simples,Reta,Rural,2010,2,0,0,0,2,0,0,2
665104,01/03/2010,Segunda,00:20:00,RN,304,7.1,MOSSORO,Animais na Pista,Saída de Pista,Sem Vítimas,Plena noite,Crescente,Ceu Claro,Simples,Reta,Rural,2010,1,0,0,0,1,0,0,1
665139,28/02/2010,Domingo,13:45:00,RN,226,168.6,CURRAIS NOVOS,Falta de atenção,Capotamento,Sem Vítimas,Pleno dia,Decrescente,Ceu Claro,Simples,Reta,Rural,2010,1,0,0,0,1,0,0,1
665150,28/02/2010,Domingo,12:30:00,RN,101,97.0,NATAL,Falta de atenção,Colisão traseira,Sem Vítimas,Pleno dia,Crescente,Ceu Claro,Dupla,Reta,Urbano,2010,2,0,0,0,2,0,0,2
665567,01/03/2010,Segunda,12:30:00,RN,101,98.0,NATAL,Não guardar distância de segurança,Colisão traseira,Sem Vítimas,Pleno dia,Decrescente,Ceu Claro,Dupla,Cruzamento,Urbano,2010,2,0,0,0,2,0,0,2
665586,01/03/2010,Segunda,08:00:00,RN,110,34.1,MOSSORO,Defeito na via,Colisão lateral,Sem Vítimas,Pleno dia,Crescente,Ceu Claro,Simples,Reta,Rural,2010,3,0,0,0,2,1,0,3
665611,01/03/2010,Segunda,16:40:00,RN,304,300.0,MACAIBA,Falta de atenção,Colisão traseira,Sem Vítimas,Pleno dia,Crescente,Ceu Claro,Dupla,Reta,Rural,2010,2,0,0,0,2,0,0,2
665739,01/03/2010,Segunda,07:30:00,RN,101,106.0,PARNAMIRIM,Falta de atenção,Colisão lateral,Com Vítimas Feridas,Pleno dia,Decrescente,Sol,Dupla,Cruzamento,Urbano,2010,3,0,2,0,1,0,2,2
665745,01/03/2010,Segunda,15:00:00,RN,101,95.9,NATAL,Falta de atenção,Colisão lateral,Sem Vítimas,Pleno dia,Crescente,Sol,Dupla,Reta,Urbano,2010,2,0,0,0,2,0,0,2
665750,26/02/2010,Sexta,00:40:00,RN,101,94.0,NATAL,Velocidade incompatível,Colisão lateral,Sem Vítimas,Plena noite,Crescente,Nublado,Dupla,Reta,Urbano,2010,2,0,0,0,1,1,0,2
665795,26/02/2010,Sexta,10:50:00,RN,101,148.5,GOIANINHA,Falta de atenção,Colisão Transversal,Com Vítimas Feridas,Pleno dia,Crescente,Ceu Claro,Simples,Reta,Urbano,2010,2,0,1,0,1,0,1,2
665830,02/02/2010,Terça,16:30:00,RN,226,12.3,NATAL,Outras,Colisão traseira,Sem Vítimas,Pleno dia,Decrescente,Ceu Claro,Simples,Reta,Urbano,2010,2,0,0,0,2,0,0,2
665872,02/03/2010,Terça,02:30:00,RN,226,130.6,CAMPO REDONDO,Dormindo,Saída de Pista,Com Vítimas Feridas,Plena noite,Decrescente,Ceu Claro,Simples,Curva,Rural,2010,2,0,2,0,0,0,2,1
665926,24/02/2010,Quarta,17:40:00,RN,110,35.1,MOSSORO,Defeito na via,Colisão lateral,Sem Vítimas,Anoitecer,Crescente,Ceu Claro,Simples,Reta,Rural,2010,2,0,0,0,2,0,0,2
665969,01/03/2010,Segunda,04:45:00,RN,304,48.0,MOSSORO,Animais na Pista,Atropelamento de animal,Sem Vítimas,Plena noite,Crescente,Ceu Claro,Simples,Reta,Urbano,2010,2,0,0,0,2,0,0,1
665990,02/03/2010,Terça,07:33:00,RN,110,49.1,MOSSORO,Não guardar distância de segurança,Colisão traseira,Sem Vítimas,Pleno dia,Decrescente,Ceu Claro,Múltipla,Reta,Urbano,2010,3,0,0,0,2,1,0,2
666014,02/03/2010,Terça,08:50:00,RN,101,99.8,NATAL,Falta de atenção,Colisão lateral,Sem Vítimas,Pleno dia,Crescente,Ceu Claro,Múltipla,Reta,Urbano,2010,3,0,0,0,3,0,0,3
666024,02/03/2010,Terça,12:10:00,RN,427,23.8,ACARI,Falta de atenção,Saída de Pista,Sem Vítimas,Pleno dia,Crescente,Sol,Simples,Curva,Rural,2010,1,0,0,0,1,0,0,1
666066,02/03/2010,Terça,15:30:00,RN,101,83.3,NATAL,Não guardar distância de segurança,Colisão traseira,Sem Vítimas,Pleno dia,Decrescente,Ceu Claro,Dupla,Reta,Urbano,2010,2,0,0,0,2,0,0,2
666130,02/03/2010,Terça,14:00:00,RN,101,103.0,PARNAMIRIM,Outras,Colisão traseira,Sem Vítimas,Pleno dia,Crescente,Ceu Claro,Múltipla,Reta,Urbano,2010,2,0,0,0,2,0,0,2
666154,27/02/2010,Sábado,00:00:00,RN,101,81.2,NATAL,Falta de atenção,Colisão traseira,Sem Vítimas,Plena noite,Crescente,Ceu Claro,Simples,Reta,Urbano,2010,2,0,0,0,2,0,0,2
666180,02/03/2010,Terça,16:10:00,RN,110,49.3,MOSSORO,Falta de atenção,Colisão Transversal,Com Vítimas Feridas,Pleno dia,Crescente,Ceu Claro,Múltipla,Reta,Urbano,2010,6,0,3,0,3,0,3,2
666198,02/03/2010,Terça,20:30:00,RN,110,46.1,MOSSORO,Outras,Atropelamento de pessoa,Com Vítimas Feridas,Plena noite,Decrescente,Ceu Claro,Simples,Reta,Urbano,2010,2,0,0,1,0,1,1,1
666207,02/03/2010,Terça,17:00:00,RN,101,97.0,NATAL,Outras,Colisão lateral,Sem Vítimas,Anoitecer,Crescente,Ceu Claro,Múltipla,Reta,Urbano,2010,2,0,0,0,2,0,0,2
666258,02/03/2010,Terça,12:40:00,RN,406,154.5,CEARA-MIRIM,Não guardar distância de segurança,Colisão traseira,Com Vítimas Feridas,Pleno dia,Decrescente,Ceu Claro,Simples,Reta,Rural,2010,2,0,1,0,1,0,1,2
666319,27/02/2010,Sábado,10:00:00,RN,304,256.0,SANTA MARIA,Falta de atenção,Colisão traseira,Com Vítimas Feridas,Pleno dia,Crescente,Ceu Claro,Simples,Reta,Rural,2010,3,0,0,2,1,0,2,2
666365,21/01/2010,Quinta,18:10:00,RN,226,175.2,CURRAIS NOVOS,Outras,Atropelamento de pessoa,Com Vítimas Feridas,Anoitecer,Crescente,Ceu Claro,Simples,Reta,Urbano,2010,2,0,1,1,0,0,2,1
666460,03/03/2010,Quarta,08:50:00,RN,101,126.8,SAO JOSE DE MIPIBU,Falta de atenção,Colisão frontal,Com Vítimas Feridas,Pleno dia,Decrescente,Ceu Claro,Simples,Reta,Urbano,2010,4,0,1,0,3,0,1,3
666506,03/03/2010,Quarta,13:55:00,RN,110,48.7,MOSSORO,Falta de atenção,Colisão lateral,Sem Vítimas,Pleno dia,Crescente,Sol,Dupla,Cruzamento,Urbano,2010,2,0,0,0,2,0,0,2
666531,03/03/2010,Quarta,08:15:00,RN,101,99.0,NATAL,Não guardar distância de segurança,Colisão traseira,Sem Vítimas,Pleno dia,Decrescente,Ceu Claro,Dupla,Reta,Urbano,2010,2,0,0,0,2,0,0,2
666544,27/02/2010,Sábado,21:30:00,RN,101,96.6,NATAL,Falta de atenção,Colisão traseira,Sem Vítimas,Plena noite,Crescente,Ceu Claro,Simples,Reta,Urbano,2010,4,0,0,0,4,0,0,2
666603,27/02/2010,Sábado,17:00:00,RN,101,112.8,PARNAMIRIM,Outras,Colisão traseira,Sem Vítimas,Pleno dia,Decrescente,Sol,Simples,Reta,Rural,2010,2,0,0,0,1,1,0,2
666628,03/03/2010,Quarta,17:45:00,RN,101,78.2,EXTREMOZ,Outras,Colisão Transversal,Com Vítimas Feridas,Anoitecer,Decrescente,Ceu Claro,Dupla,Reta,Rural,2010,2,0,1,0,1,0,1,2
666644,03/03/2010,Quarta,18:30:00,RN,110,49.3,MOSSORO,Não guardar distância de segurança,Colisão traseira,Sem Vítimas,Plena noite,Crescente,Ceu Claro,Dupla,Reta,Urbano,2010,2,0,0,0,2,0,0,2
666703,28/02/2010,Domingo,19:30:00,RN,226,109.9,SANTA CRUZ,Outras,Atropelamento de pessoa,Com Vítimas Fatais,Plena noite,Crescente,Ceu Claro,Simples,Reta,Urbano,2010,2,1,0,0,0,1,0,1
667048,04/03/2010,Quinta,10:20:00,RN,101,81.6,NATAL,Falta de atenção,Colisão com bicicleta,Com Vítimas Feridas,Pleno dia,Decrescente,Ceu Claro,Dupla,Reta,Urbano,2010,2,0,0,1,1,0,1,2
667057,04/03/2010,Quinta,11:50:00,RN,101,83.0,NATAL,Outras,Atropelamento de pessoa,Com Vítimas Feridas,Pleno dia,Crescente,Ceu Claro,Dupla,Reta,Urbano,2010,2,0,0,1,1,0,1,1
667066,04/03/2010,Quinta,07:30:00,RN,101,94.9,NATAL,Falta de atenção,Colisão traseira,Sem Vítimas,Pleno dia,Crescente,Sol,Dupla,Curva,Urbano,2010,2,0,0,0,2,0,0,2