id,data_inversa,dia_semana,horario,uf,br,km,municipio,causa_acidente,tipo_acidente,classificacao_acidente,fase_dia,sentido_via,condicao_metereologica,tipo_pista,tracado_via,uso_solo,ano,pessoas,mortos,feridos_leves,feridos_graves,ilesos,ignorados,feridos,veiculos
667084,28/02/2010,Domingo,06:45:00,RN,304,291.9,MACAIBA,Ultrapassagem indevida,Colisão frontal,Com Vítimas Feridas,Pleno dia,Decrescente,Sol,Simples,Reta,Rural,2010,3,0,1,1,1,0,2,2
667109,25/02/2010,Quinta,16:45:00,RN,101,95.6,NATAL,Falta de atenção,Colisão lateral,Sem Vítimas,Anoitecer,Crescente,Ceu Claro,Dupla,Reta,Urbano,2010,2,0,0,0,2,0,0,2
667189,03/03/2010,Quarta,06:00:00,RN,304,257.0,SANTA MARIA,Animais na Pista,Capotamento,Com Vítimas Feridas,Pleno dia,Decrescente,Ceu Claro,Simples,Reta,Urbano,2010,1,0,1,0,0,0,1,1
667439,24/02/2010,Quarta,17:50:00,RN,101,95.5,NATAL,Falta de atenção,Colisão traseira,Sem Vítimas,Pleno dia,Decrescente,Sol,Simples,Cruzamento,Urbano,2010,2,0,0,0,2,0,0,2
667508,05/03/2010,Sexta,07:00:00,RN,405,18.5,MOSSORO,Falta de atenção,Queda de motocicleta / bicicleta / veículo,Com Vítimas Feridas,Pleno dia,Crescente,Ceu Claro,Dupla,Reta,Rural,2010,1,0,1,0,0,0,1,1
667588,05/03/2010,Sexta,13:00:00,RN,101,85.0,SAO GONCALO DO AMARANTE,Falta de atenção,Colisão traseira,Sem Vítimas,Pleno dia,Crescente,Ceu Claro,Dupla,Reta,Urbano,2010,2,0,0,0,2,0,0,2
667601,01/03/2010,Segunda,18:15:00,RN,101,97.7,NATAL,Falta de atenção,Colisão lateral,Sem Vítimas,Plena noite,Crescente,Ceu Claro,Múltipla,Reta,Urbano,2010,2,0,0,0,2,0,0,2
667645,05/03/2010,Sexta,15:20:00,RN,101,98.7,NATAL,Não guardar distância de segurança,Colisão traseira,Sem Vítimas,Pleno dia,Decrescente,Ceu Claro,Simples,Reta,Urbano,2010,2,0,0,0,2,0,0,2
667681,05/03/2010,Sexta,13:45:00,RN,101,97.9,NATAL,Falta de atenção,Colisão traseira,Sem Vítimas,Pleno dia,Crescente,Ceu Claro,Dupla,Reta,Urbano,2010,2,0,0,0,2,0,0,2
667709,05/03/2010,Sexta,14:30:00,RN,101,159.3,CANGUARETAMA,Falta de atenção,Colisão traseira,Sem Vítimas,Pleno dia,Crescente,Sol,Simples,Reta,Urbano,2010,2,0,0,0,2,0,0,2
667735,05/03/2010,Sexta,06:40:00,RN,101,94.3,NATAL,Não guardar distância de segurança,Colisão traseira,Sem Vítimas,Pleno dia,Decrescente,Ceu Claro,Múltipla,Reta,Urbano,2010,3,0,0,0,3,0,0,3
667736,02/03/2010,Terça,06:00:00,RN,101,82.8,SAO GONCALO DO AMARANTE,Falta de atenção,Colisão lateral,Com Vítimas Feridas,Pleno dia,Crescente,Ceu Claro,Dupla,Reta,Urbano,2010,2,0,0,1,1,0,1,2
667749,05/03/2010,Sexta,18:40:00,RN,304,17.6,MOSSORO,Outras,Danos Eventuais,Sem Vítimas,Anoitecer,Crescente,Ceu Claro,Simples,Reta,Rural,2010,2,0,0,0,2,0,0,1
667766,05/03/2010,Sexta,17:00:00,RN,101,97.3,NATAL,Não guardar distância de segurança,Colisão traseira,Sem Vítimas,Pleno dia,Decrescente,Ceu Claro,Múltipla,Reta,Urbano,2010,2,0,0,0,2,0,0,2
667840,05/03/2010,Sexta,09:40:00,RN,101,97.8,NATAL,Falta de atenção,Colisão traseira,Sem Vítimas,Pleno dia,Decrescente,Ceu Claro,Dupla,Cruzamento,Urbano,2010,2,0,0,0,2,0,0,2
667844,05/03/2010,Sexta,21:20:00,RN,304,112.5,ASSU,Outras,Colisão Transversal,Sem Vítimas,Plena noite,Crescente,Ceu Claro,Simples,Reta,Rural,2010,2,0,0,0,2,0,0,2
667846,05/03/2010,Sexta,19:45:00,RN,226,59.9,SENADOR ELOI DE SOUZA,Animais na Pista,Colisão traseira,Sem Vítimas,Plena noite,Crescente,Ceu Claro,Simples,Reta,Rural,2010,2,0,0,0,2,0,0,2
667911,26/02/2010,Sexta,22:55:00,RN,101,99.7,NATAL,Outras,Colisão traseira,Sem Vítimas,Plena noite,Crescente,Ceu Claro,Múltipla,Reta,Urbano,2010,3,0,0,0,2,1,0,3
667919,06/03/2010,Sábado,06:40:00,RN,101,98.8,NATAL,Outras,Colisão traseira,Sem Vítimas,Pleno dia,Decrescente,Sol,Dupla,Reta,Urbano,2010,2,0,0,0,2,0,0,2
667945,27/02/2010,Sábado,16:00:00,RN,101,108.0,PARNAMIRIM,Falta de atenção,Colisão traseira,Sem Vítimas,Pleno dia,Crescente,Ceu Claro,Dupla,Reta,Urbano,2010,3,0,0,0,3,0,0,3
667987,06/03/2010,Sábado,09:50:00,RN,101,97.9,NATAL,Não guardar distância de segurança,Colisão traseira,Sem Vítimas,Pleno dia,Crescente,Ceu Claro,Múltipla,Reta,Urbano,2010,2,0,0,0,2,0,0,2
668037,03/03/2010,Quarta,17:30:00,RN,101,94.9,NATAL,Falta de atenção,Colisão traseira,Sem Vítimas,Anoitecer,Decrescente,Ceu Claro,Dupla,Reta,Urbano,2010,2,0,0,0,2,0,0,2
668152,06/03/2010,Sábado,18:45:00,RN,304,87.5,MOSSORO,Animais na Pista,Atropelamento de animal,Com Vítimas Feridas,Plena noite,Decrescente,Ceu Claro,Simples,Reta,Urbano,2010,1,0,1,0,0,0,1,1
668185,28/02/2010,Domingo,18:30:00,RN,304,108.8,ASSU,Desobediência à sinalização,Colisão lateral,Com Vítimas Feridas,Plena noite,Decrescente,Ceu Claro,Simples,Reta,Rural,2010,2,0,0,1,1,0,1,2
668225,06/03/2010,Sábado,19:40:00,RN,101,85.2,SAO GONCALO DO AMARANTE,Falta de atenção,Colisão lateral,Com Vítimas Feridas,Plena noite,Crescente,Ceu Claro,Dupla,Reta,Urbano,2010,2,0,0,1,1,0,1,2
668279,07/03/2010,Domingo,00:10:00,RN,226,114.2,SANTA CRUZ,Outras,Incêndio,Sem Vítimas,Plena noite,Decrescente,Ceu Claro,Simples,Reta,Rural,2010,1,0,0,0,1,0,0,1
668310,07/03/2010,Domingo,04:50:00,RN,110,50.2,MOSSORO,Ingestão de álcool,Saída de Pista,Com Vítimas Feridas,Amanhecer,Decrescente,Ceu Claro,Múltipla,Reta,Urbano,2010,3,0,1,0,1,1,1,1
668397,06/03/2010,Sábado,04:20:00,RN,101,115.9,SAO JOSE DE MIPIBU,Outras,Capotamento,Sem Vítimas,Plena noite,Crescente,Ceu Claro,Dupla,Reta,Rural,2010,1,0,0,0,1,0,0,1
668455,27/02/2010,Sábado,10:10:00,RN,101,109.0,PARNAMIRIM,Não guardar distância de segurança,Colisão lateral,Sem Vítimas,Pleno dia,Crescente,Sol,Dupla,Reta,Urbano,2010,2,0,0,0,2,0,0,2
668619,07/03/2010,Domingo,14:55:00,RN,226,185.1,CURRAIS NOVOS,Ingestão de álcool,Colisão frontal,Com Vítimas Feridas,Pleno dia,Decrescente,Sol,Simples,Curva,Rural,2010,4,0,0,4,0,0,4,2
668621,07/03/2010,Domingo,19:40:00,RN,101,66.0,EXTREMOZ,Desobediência à sinalização,Colisão Transversal,Sem Vítimas,Pleno dia,Decrescente,Ceu Claro,Simples,Cruzamento,Rural,2010,2,0,0,0,2,0,0,2
668629,07/03/2010,Domingo,17:30:00,RN,101,84.2,NATAL,Outras,Colisão lateral,Sem Vítimas,Anoitecer,Decrescente,Ceu Claro,Dupla,Reta,Urbano,2010,2,0,0,0,2,0,0,2
668727,07/03/2010,Domingo,22:40:00,RN,304,299.3,MACAIBA,Defeito na via,Queda de motocicleta / bicicleta / veículo,Com Vítimas Feridas,Plena noite,Decrescente,Ceu Claro,Dupla,Reta,Urbano,2010,1,0,1,0,0,0,1,1
668882,05/03/2010,Sexta,18:40:00,RN,101,85.8,SAO GONCALO DO AMARANTE,Não guardar distância de segurança,Colisão traseira,Sem Vítimas,Plena noite,Crescente,Ceu Claro,Dupla,Reta,Urbano,2010,3,0,0,0,3,0,0,3
668886,05/03/2010,Sexta,17:40:00,RN,406,153.0,CEARA-MIRIM,Animais na Pista,Atropelamento de animal,Com Vítimas Feridas,Anoitecer,Crescente,Ceu Claro,Simples,Reta,Rural,2010,1,0,0,1,0,0,1,1
668893,05/03/2010,Sexta,07:40:00,RN,101,82.4,SAO GONCALO DO AMARANTE,Falta de atenção,Colisão lateral,Com Vítimas Feridas,Pleno dia,Crescente,Ceu Claro,Dupla,Reta,Urbano,2010,2,0,0,1,1,0,1,2
668958,28/02/2010,Domingo,17:30:00,RN,101,82.0,NATAL,Outras,Colisão com objeto fixo,Com Vítimas Feridas,Anoitecer,Crescente,Ceu Claro,Dupla,Reta,Urbano,2010,1,0,0,1,0,0,1,1
669095,28/02/2010,Domingo,21:13:00,RN,101,84.0,SAO GONCALO DO AMARANTE,Desobediência à sinalização,Atropelamento de pessoa,Com Vítimas Feridas,Plena noite,Crescente,Ceu Claro,Dupla,Reta,Urbano,2010,2,0,1,0,1,0,1,1
669127,08/03/2010,Segunda,09:05:00,RN,101,96.3,NATAL,Defeito na via,Colisão traseira,Sem Vítimas,Pleno dia,Crescente,Ceu Claro,Múltipla,Reta,Urbano,2010,2,0,0,0,2,0,0,2
669147,08/03/2010,Segunda,17:40:00,RN,101,97.0,NATAL,Outras,Colisão lateral,Sem Vítimas,Anoitecer,Crescente,Ceu Claro,Dupla,Cruzamento,Urbano,2010,2,0,0,0,2,0,0,2
669159,08/03/2010,Segunda,11:50:00,RN,101,99.9,NATAL,Falta de atenção,Colisão traseira,Sem Vítimas,Pleno dia,Crescente,Ceu Claro,Dupla,Cruzamento,Urbano,2010,2,0,0,0,2,0,0,2
669175,08/03/2010,Segunda,19:45:00,RN,101,99.5,NATAL,Outras,Colisão traseira,Sem Vítimas,Plena noite,Crescente,Ceu Claro,Simples,Cruzamento,Urbano,2010,2,0,0,0,2,0,0,2
669184,04/03/2010,Quinta,13:35:00,RN,101,97.7,NATAL,Falta de atenção,Colisão lateral,Sem Vítimas,Pleno dia,Decrescente,Sol,Dupla,Cruzamento,Urbano,2010,2,0,0,0,2,0,0,2
669225,28/02/2010,Domingo,18:20:00,RN,101,84.2,SAO GONCALO DO AMARANTE,Falta de atenção,Atropelamento de pessoa,Com Vítimas Feridas,Plena noite,Crescente,Ceu Claro,Dupla,Reta,Urbano,2010,2,0,0,1,0,1,1,1
669251,05/03/2010,Sexta,06:40:00,RN,101,103.5,PARNAMIRIM,Falta de atenção,Colisão traseira,Sem Vítimas,Pleno dia,Decrescente,Ceu Claro,Dupla,Cruzamento,Urbano,2010,2,0,0,0,2,0,0,2
669377,24/02/2010,Quarta,11:05:00,RN,110,46.0,MOSSORO,Não guardar distância de segurança,Colisão traseira,Sem Vítimas,Pleno dia,Decrescente,Ceu Claro,Simples,Cruzamento,Urbano,2010,2,0,0,0,2,0,0,2
669393,09/03/2010,Terça,07:15:00,RN,101,98.8,NATAL,Falta de atenção,Colisão traseira,Sem Vítimas,Pleno dia,Crescente,Ceu Claro,Dupla,Reta,Urbano,2010,3,0,0,0,3,0,0,3
669419,09/03/2010,Terça,07:15:00,RN,226,15.1,MACAIBA,Outras,Colisão Transversal,Com Vítimas Feridas,Pleno dia,Crescente,Sol,Simples,Cruzamento,Urbano,2010,2,0,0,1,1,0,1,2
669451,09/03/2010,Terça,11:35:00,RN,304,300.1,MACAIBA,Outras,Saída de Pista,Sem Vítimas,Pleno dia,Crescente,Ceu Claro,Múltipla,Reta,Urbano,2010,1,0,0,0,1,0,0,1
669518,05/03/2010,Sexta,09:00:00,RN,101,84.9,SAO GONCALO DO AMARANTE,Falta de atenção,Colisão lateral,Sem Vítimas,Pleno dia,Crescente,Ceu Claro,Dupla,Reta,Urbano,2010,2,0,0,0,2,0,0,2
669535,04/03/2010,Quinta,08:40:00,RN,304,119.1,ITAJA,Desobediência à sinalização,Colisão Transversal,Sem Vítimas,Pleno dia,Crescente,Ceu Claro,Simples,Cruzamento,Rural,2010,2,0,0,0,1,1,0,2
669550,06/03/2010,Sábado,21:00:00,RN,101,97.8,NATAL,Falta de atenção,Colisão lateral,Sem Vítimas,Plena noite,Crescente,Ceu Claro,Múltipla,Reta,Urbano,2010,2,0,0,0,2,0,0,2
669552,05/03/2010,Sexta,16:30:00,RN,101,58.5,CEARA-MIRIM,Falta de atenção,Colisão lateral,Sem Vítimas,Pleno dia,Crescente,Ignorada,Simples,Reta,Rural,2010,2,0,0,0,2,0,0,2
669567,04/03/2010,Quinta,16:30:00,RN,304,156.0,ANGICOS,Animais na Pista,Saída de Pista,Sem Vítimas,Pleno dia,Crescente,Ceu Claro,Simples,Reta,Rural,2010,1,0,0,0,1,0,0,1
669582,04/03/2010,Quinta,20:25:00,RN,110,49.0,MOSSORO,Desobediência à sinalização,Colisão Transversal,Com Vítimas Feridas,Plena noite,Decrescente,Ceu Claro,Simples,Cruzamento,Urbano,2010,3,0,2,0,1,0,2,2
669587,05/03/2010,Sexta,18:10:00,RN,101,85.2,SAO GONCALO DO AMARANTE,Não guardar distância de segurança,Colisão traseira,Sem Vítimas,Anoitecer,Crescente,Ignorada,Dupla,Reta,Urbano,2010,3,0,0,0,3,0,0,3
669622,09/03/2010,Terça,13:10:00,RN,304,292.5,MACAIBA,Falta de atenção,Capotamento,Sem Vítimas,Pleno dia,Crescente,Sol,Simples,Reta,Rural,2010,1,0,0,0,1,0,0,1
669670,09/03/2010,Terça,18:20:00,RN,101,98.0,NATAL,Outras,Colisão lateral,Sem Vítimas,Plena noite,Crescente,Ceu Claro,Dupla,Reta,Urbano,2010,3,0,0,0,2,1,0,3
669765,05/03/2010,Sexta,09:00:00,RN,101,97.8,NATAL,Desobediência à sinalização,Colisão Transversal,Com Vítimas Feridas,Pleno dia,Crescente,Sol,Dupla,Cruzamento,Urbano,2010,3,0,2,0,1,0,2,2
669777,05/03/2010,Sexta,18:45:00,RN,101,96.1,NATAL,Não guardar distância de segurança,Colisão lateral,Sem Vítimas,Plena noite,Decrescente,Ceu Claro,Dupla,Cruzamento,Urbano,2010,2,0,0,0,2,0,0,2
669787,09/03/2010,Terça,16:30:00,RN,304,43.1,MOSSORO,Falta de atenção,Colisão Transversal,Com Vítimas Feridas,Pleno dia,Crescente,Ceu Claro,Simples,Cruzamento,Urbano,2010,2,0,1,0,1,0,1,2
669838,05/03/2010,Sexta,18:20:00,RN,226,171.3,CURRAIS NOVOS,Outras,Colisão com bicicleta,Com Vítimas Fatais,Plena noite,Decrescente,Ceu Claro,Simples,Reta,Rural,2010,2,1,0,0,1,0,0,2
669858,09/03/2010,Terça,08:10:00,RN,101,97.8,NATAL,Não guardar distância de segurança,Colisão traseira,Sem Vítimas,Pleno dia,Decrescente,Ceu Claro,Múltipla,Cruzamento,Urbano,2010,2,0,0,0,2,0,0,2
669862,06/03/2010,Sábado,11:00:00,RN,101,0.0,NATAL,Outras,Colisão lateral,Sem Vítimas,Pleno dia,Crescente,Sol,Múltipla,Cruzamento,Urbano,2010,2,0,0,0,2,0,0,2
670030,06/03/2010,Sábado,20:10:00,RN,101,98.0,NATAL,Não guardar distância de segurança,Colisão traseira,Sem Vítimas,Plena noite,Crescente,Ignorada,Dupla,Reta,Urbano,2010,2,0,0,0,2,0,0,2
670089,07/03/2010,Domingo,16:30:00,RN,101,97.8,NATAL,Outras,Colisão traseira,Sem Vítimas,Pleno dia,Decrescente,Ceu Claro,Dupla,Reta,Urbano,2010,2,0,0,0,2,0,0,2
670140,10/03/2010,Quarta,17:40:00,RN,101,81.7,SAO GONCALO DO AMARANTE,Falta de atenção,Tombamento,Com Vítimas Feridas,Anoitecer,Crescente,Ceu Claro,Dupla,Cruzamento,Urbano,2010,2,0,1,0,1,0,1,2
670292,10/03/2010,Quarta,17:00:00,RN,226,114.6,SANTA CRUZ,Outras,Capotamento,Sem Vítimas,Anoitecer,Crescente,Ceu Claro,Simples,Curva,Rural,2010,3,0,0,0,3,0,0,2
670309,04/03/2010,Quinta,11:00:00,RN,405,45.0,FELIPE GUERRA,Animais na Pista,Saída de Pista,Sem Vítimas,Pleno dia,Crescente,Ceu Claro,Simples,Reta,Rural,2010,3,0,0,0,3,0,0,1
670313,10/03/2010,Quarta,22:50:00,RN,101,99.1,NATAL,Falta de atenção,Colisão traseira,Sem Vítimas,Plena noite,Crescente,Ceu Claro,Múltipla,Reta,Urbano,2010,2,0,0,0,2,0,0,2
670335,10/03/2010,Quarta,18:30:00,RN,226,247.0,JUCURUTU,Desobediência à sinalização,Colisão lateral,Com Vítimas Feridas,Plena noite,Decrescente,Ceu Claro,Simples,Cruzamento,Urbano,2010,3,0,1,0,2,0,1,2
670376,09/03/2010,Terça,10:05:00,RN,101,107.3,PARNAMIRIM,Falta de atenção,Colisão traseira,Sem Vítimas,Pleno dia,Decrescente,Ceu Claro,Dupla,Reta,Urbano,2010,2,0,0,0,2,0,0,2
670455,11/03/2010,Quinta,11:00:00,RN,110,48.5,MOSSORO,Não guardar distância de segurança,Colisão traseira,Sem Vítimas,Pleno dia,Crescente,Ceu Claro,Dupla,Cruzamento,Urbano,2010,2,0,0,0,2,0,0,2
670507,07/03/2010,Domingo,18:00:00,RN,101,147.0,GOIANINHA,Outras,Colisão frontal,Com Vítimas Feridas,Plena noite,Decrescente,Ceu Claro,Simples,Reta,Urbano,2010,3,0,2,0,1,0,2,2
670537,06/03/2010,Sábado,19:00:00,RN,101,177.3,CANGUARETAMA,Outras,Saída de Pista,Com Vítimas Feridas,Plena noite,Crescente,Ceu Claro,Simples,Reta,Rural,2010,1,0,1,0,0,0,1,1
670559,07/03/2010,Domingo,18:50:00,RN,304,300.4,MACAIBA,Falta de atenção,Queda de motocicleta / bicicleta / veículo,Com Vítimas Feridas,Plena noite,Decrescente,Ceu Claro,Dupla,Reta,Rural,2010,1,0,0,1,0,0,1,1
670637,09/03/2010,Terça,12:20:00,RN,101,97.3,NATAL,Falta de atenção,Colisão traseira,Sem Vítimas,Pleno dia,Crescente,Sol,Dupla,Reta,Urbano,2010,2,0,0,0,2,0,0,2
670679,07/03/2010,Domingo,03:00:00,RN,101,101.8,PARNAMIRIM,Falta de atenção,Colisão traseira,Sem Vítimas,Plena noite,Decrescente,Ceu Claro,Dupla,Cruzamento,Urbano,2010,2,0,0,0,2,0,0,2
670769,09/03/2010,Terça,15:20:00,RN,101,85.1,NATAL,Ultrapassagem indevida,Colisão lateral,Sem Vítimas,Pleno dia,Decrescente,Sol,Múltipla,Curva,Urbano,2010,3,0,0,0,3,0,0,3
670812,13/03/2010,Sábado,17:30:00,RN,101,97.9,NATAL,Falta de atenção,Colisão traseira,Sem Vítimas,Anoitecer,Decrescente,Ceu Claro,Dupla,Cruzamento,Urbano,2010,2,0,0,0,2,0,0,2
670867,13/03/2010,Sábado,07:15:00,RN,226,113.2,SANTA CRUZ,Outras,Atropelamento de pessoa,Com Vítimas Fatais,Pleno dia,Crescente,Ceu Claro,Simples,Reta,Urbano,2010,2,1,1,0,0,0,1,1
670910,13/03/2010,Sábado,20:00:00,RN,101,106.0,PARNAMIRIM,Ingestão de álcool,Colisão traseira,Sem Vítimas,Plena noite,Decrescente,Ceu Claro,Dupla,Cruzamento,Urbano,2010,2,0,0,0,2,0,0,2
671040,14/03/2010,Domingo,06:30:00,RN,101,97.8,NATAL,Ingestão de álcool,Colisão traseira,Sem Vítimas,Pleno dia,Crescente,Ceu Claro,Múltipla,Cruzamento,Urbano,2010,2,0,0,0,2,0,0,2
671048,06/03/2010,Sábado,07:20:00,RN,405,88.5,APODI,Animais na Pista,Atropelamento de animal,Sem Vítimas,Pleno dia,Crescente,Ceu Claro,Simples,Reta,Urbano,2010,1,0,0,0,1,0,0,1
671090,14/03/2010,Domingo,11:00:00,RN,101,94.0,NATAL,Velocidade incompatível,Capotamento,Com Vítimas Feridas,Pleno dia,Decrescente,Ceu Claro,Simples,Curva,Urbano,2010,1,0,1,0,0,0,1,1
671097,14/03/2010,Domingo,14:00:00,RN,101,96.0,NATAL,Falta de atenção,Colisão lateral,Sem Vítimas,Pleno dia,Decrescente,Ceu Claro,Múltipla,Reta,Urbano,2010,2,0,0,0,2,0,0,2
671182,14/03/2010,Domingo,18:05:00,RN,110,50.6,MOSSORO,Falta de atenção,Tombamento,Com Vítimas Feridas,Plena noite,Crescente,Ceu Claro,Dupla,Curva,Urbano,2010,1,0,1,0,0,0,1,1
671187,10/03/2010,Quarta,15:55:00,RN,110,48.2,MOSSORO,Não guardar distância de segurança,Colisão traseira,Sem Vítimas,Pleno dia,Decrescente,Ceu Claro,Simples,Reta,Urbano,2010,2,0,0,0,2,0,0,2
671203,14/03/2010,Domingo,14:15:00,RN,226,12.8,MACAIBA,Ingestão de álcool,Colisão traseira,Sem Vítimas,Pleno dia,Decrescente,Ceu Claro,Simples,Reta,Urbano,2010,2,0,0,0,2,0,0,2
671209,14/03/2010,Domingo,16:50:00,RN,406,151.2,CEARA-MIRIM,Não guardar distância de segurança,Colisão traseira,Com Vítimas Feridas,Anoitecer,Crescente,Ceu Claro,Simples,Reta,Rural,2010,2,0,1,0,1,0,1,2
671239,14/03/2010,Domingo,16:55:00,RN,101,107.0,PARNAMIRIM,Ingestão de álcool,Colisão traseira,Sem Vítimas,Pleno dia,Decrescente,Chuva,Múltipla,Reta,Urbano,2010,2,0,0,0,2,0,0,2
671325,14/03/2010,Domingo,18:40:00,RN,427,20.0,ACARI,Falta de atenção,Saída de Pista,Sem Vítimas,Plena noite,Crescente,Ceu Claro,Simples,Reta,Rural,2010,4,0,0,0,4,0,0,1
671402,14/03/2010,Domingo,10:30:00,RN,304,294.0,MACAIBA,Falta de atenção,Colisão lateral,Sem Vítimas,Pleno dia,Crescente,Sol,Simples,Reta,Rural,2010,2,0,0,0,2,0,0,2
671480,11/03/2010,Quinta,14:50:00,RN,101,95.8,NATAL,Falta de atenção,Colisão lateral,Sem Vítimas,Pleno dia,Decrescente,Ceu Claro,Dupla,Reta,Urbano,2010,2,0,0,0,2,0,0,2
671514,10/03/2010,Quarta,17:15:00,RN,110,96.2,UPANEMA,Outras,Saída de Pista,Sem Vítimas,Pleno dia,Crescente,Sol,Simples,Reta,Rural,2010,3,0,0,0,3,0,0,1
671529,27/02/2010,Sábado,14:20:00,RN,101,106.0,PARNAMIRIM,Não guardar distância de segurança,Colisão traseira,Com Vítimas Feridas,Pleno dia,Decrescente,Ceu Claro,Dupla,Reta,Urbano,2010,2,0,0,1,1,0,1,2
671572,09/03/2010,Terça,06:50:00,RN,101,94.9,NATAL,Falta de atenção,Colisão lateral,Com Vítimas Feridas,Pleno dia,Decrescente,Ceu Claro,Dupla,Reta,Urbano,2010,2,0,1,0,1,0,1,2
671656,07/03/2010,Domingo,17:05:00,RN,101,110.0,PARNAMIRIM,Falta de atenção,Colisão traseira,Com Vítimas Feridas,Pleno dia,Decrescente,Ceu Claro,Dupla,Cruzamento,Urbano,2010,3,0,0,1,0,2,1,2
671729,15/03/2010,Segunda,13:55:00,RN,304,38.5,MOSSORO,Falta de atenção,Colisão com bicicleta,Com Vítimas Feridas,Pleno dia,Decrescente,Nublado,Simples,Cruzamento,Urbano,2010,2,0,0,1,1,0,1,2
671736,14/03/2010,Domingo,11:30:00,RN,226,111.5,SANTA CRUZ,Falta de atenção,Colisão Transversal,Com Vítimas Feridas,Pleno dia,Decrescente,Vento,Simples,Reta,Urbano,2010,2,0,1,0,1,0,1,2
671756,15/03/2010,Segunda,08:55:00,RN,101,80.8,NATAL,Falta de atenção,Danos Eventuais,Sem Vítimas,Pleno dia,Decrescente,Sol,Dupla,Reta,Urbano,2010,2,0,0,0,2,0,0,2
671766,11/03/2010,Quinta,17:00:00,RN,101,104.3,PARNAMIRIM,Falta de atenção,Colisão lateral,Sem Vítimas,Pleno dia,Crescente,Ceu Claro,Dupla,Reta,Urbano,2010,2,0,0,0,2,0,0,2
671892,15/03/2010,Segunda,14:20:00,RN,304,32.9,MOSSORO,Falta de atenção,Queda de motocicleta / bicicleta / veículo,Com Vítimas Feridas,Pleno dia,Crescente,Chuva,Simples,Reta,Urbano,2010,1,0,1,0,0,0,1,1
671894,07/03/2010,Domingo,10:14:00,RN,101,94.3,NATAL,Outras,Colisão lateral,Sem Vítimas,Pleno dia,Decrescente,Sol,Múltipla,Reta,Urbano,2010,2,0,0,0,2,0,0,2
671900,15/03/2010,Segunda,08:30:00,RN,101,97.9,NATAL,Outras,Colisão Transversal,Sem Vítimas,Pleno dia,Crescente,Ceu Claro,Dupla,Reta,Urbano,2010,2,0,0,0,2,0,0,2
671908,11/03/2010,Quinta,04:50:00,RN,406,150.5,CEARA-MIRIM,Outras,Colisão lateral,Com Vítimas Feridas,Amanhecer,Crescente,Ceu Claro,Simples,Reta,Rural,2010,2,0,1,0,0,1,1,2
671971,15/03/2010,Segunda,20:20:00,RN,304,33.9,MOSSORO,Animais na Pista,Atropelamento de animal,Com Vítimas Feridas,Plena noite,Decrescente,Ceu Claro,Simples,Reta,Urbano,2010,1,0,1,0,0,0,1,1
672016,15/03/2010,Segunda,16:40:00,RN,101,96.6,NATAL,Falta de atenção,Colisão traseira,Sem Vítimas,Pleno dia,Crescente,Ceu Claro,Dupla,Reta,Urbano,2010,2,0,0,0,2,0,0,2
672055,15/03/2010,Segunda,09:20:00,RN,101,106.2,PARNAMIRIM,Não guardar distância de segurança,Colisão traseira,Sem Vítimas,Pleno dia,Decrescente,Sol,Múltipla,Cruzamento,Urbano,2010,2,0,0,0,2,0,0,2
672083,15/03/2010,Segunda,13:30:00,RN,304,34.9,MOSSORO,Falta de atenção,Colisão Transversal,Com Vítimas Feridas,Pleno dia,Crescente,Nublado,Simples,Reta,Urbano,2010,2,0,1,0,1,0,1,2
672090,11/03/2010,Quinta,20:15:00,RN,110,47.9,MOSSORO,Ingestão de álcool,Colisão com bicicleta,Com Vítimas Feridas,Plena noite,Decrescente,Ceu Claro,Simples,Reta,Urbano,2010,3,0,3,0,0,0,3,2
672129,16/03/2010,Terça,08:40:00,RN,110,47.8,MOSSORO,Falta de atenção,Colisão lateral,Sem Vítimas,Pleno dia,Decrescente,Ceu Claro,Simples,Reta,Urbano,2010,2,0,0,0,2,0,0,2
672211,16/03/2010,Terça,08:00:00,RN,101,100.1,PARNAMIRIM,Outras,Colisão lateral,Com Vítimas Feridas,Pleno dia,Decrescente,Ceu Claro,Dupla,Reta,Urbano,2010,2,0,1,0,1,0,1,2
672229,16/03/2010,Terça,07:20:00,RN,101,97.5,NATAL,Falta de atenção,Colisão lateral,Sem Vítimas,Pleno dia,Decrescente,Ceu Claro,Dupla,Reta,Urbano,2010,2,0,0,0,2,0,0,2
672408,28/02/2010,Domingo,16:30:00,RN,226,143.0,CAMPO REDONDO,Outras,Atropelamento de pessoa,Com Vítimas Feridas,Pleno dia,Crescente,Ceu Claro,Simples,Reta,Rural,2010,2,0,2,0,0,0,2,1