id,data_inversa,dia_semana,horario,uf,br,km,municipio,causa_acidente,tipo_acidente,classificacao_acidente,fase_dia,sentido_via,condicao_metereologica,tipo_pista,tracado_via,uso_solo,ano,pessoas,mortos,feridos_leves,feridos_graves,ilesos,ignorados,feridos,veiculos
672437,10/03/2010,Quarta,18:40:00,RN,101,101.0,NATAL,Outras,Colisão traseira,Sem Vítimas,Anoitecer,Decrescente,Ceu Claro,Dupla,Reta,Urbano,2010,2,0,0,0,2,0,0,2
672512,08/03/2010,Segunda,08:10:00,RN,101,96.2,NATAL,Falta de atenção,Colisão lateral,Sem Vítimas,Pleno dia,Decrescente,Sol,Dupla,Cruzamento,Urbano,2010,2,0,0,0,2,0,0,2
672531,16/02/2010,Terça,18:00:00,RN,226,2.7,NATAL,Ingestão de álcool,Atropelamento de pessoa,Com Vítimas Feridas,Plena noite,Decrescente,Ceu Claro,Simples,Cruzamento,Urbano,2010,2,0,1,0,1,0,1,1
672571,08/03/2010,Segunda,14:45:00,RN,101,106.9,PARNAMIRIM,Falta de atenção,Colisão traseira,Sem Vítimas,Pleno dia,Crescente,Sol,Dupla,Cruzamento,Urbano,2010,2,0,0,0,2,0,0,2
672580,16/03/2010,Terça,17:30:00,RN,304,305.6,MACAIBA,Animais na Pista,Atropelamento de animal,Com Vítimas Feridas,Pleno dia,Crescente,Ceu Claro,Dupla,Reta,Rural,2010,1,0,1,0,0,0,1,1
672582,16/03/2010,Terça,14:30:00,RN,226,134.4,CAMPO REDONDO,Falta de atenção,Colisão traseira,Sem Vítimas,Pleno dia,Crescente,Ceu Claro,Simples,Reta,Rural,2010,2,0,0,0,2,0,0,2
672583,16/03/2010,Terça,10:25:00,RN,101,95.4,NATAL,Falta de atenção,Colisão lateral,Sem Vítimas,Pleno dia,Crescente,Sol,Simples,Cruzamento,Urbano,2010,2,0,0,0,2,0,0,2
672592,16/03/2010,Terça,14:20:00,RN,101,94.0,NATAL,Falta de atenção,Colisão traseira,Sem Vítimas,Pleno dia,Decrescente,Sol,Dupla,Reta,Urbano,2010,3,0,0,0,3,0,0,3
672596,16/03/2010,Terça,17:30:00,RN,101,96.0,NATAL,Falta de atenção,Colisão traseira,Sem Vítimas,Pleno dia,Crescente,Sol,Dupla,Reta,Urbano,2010,2,0,0,0,2,0,0,2
672605,16/03/2010,Terça,13:30:00,RN,101,98.5,NATAL,Desobediência à sinalização,Colisão Transversal,Sem Vítimas,Pleno dia,Crescente,Sol,Dupla,Reta,Urbano,2010,2,0,0,0,2,0,0,2
672656,08/03/2010,Segunda,21:30:00,RN,101,98.5,NATAL,Animais na Pista,Atropelamento de animal,Sem Vítimas,Plena noite,Decrescente,Ceu Claro,Dupla,Reta,Urbano,2010,1,0,0,0,1,0,0,1
672691,16/03/2010,Terça,20:40:00,RN,406,170.0,SAO GONCALO DO AMARANTE,Animais na Pista,Atropelamento de animal,Com Vítimas Feridas,Plena noite,Decrescente,Ceu Claro,Simples,Reta,Urbano,2010,2,0,2,0,0,0,2,1
672741,16/03/2010,Terça,15:00:00,RN,101,95.5,NATAL,Não guardar distância de segurança,Colisão traseira,Sem Vítimas,Pleno dia,Crescente,Sol,Dupla,Reta,Urbano,2010,2,0,0,0,2,0,0,2
672783,12/03/2010,Sexta,14:00:00,RN,101,97.9,NATAL,Desobediência à sinalização,Colisão lateral,Sem Vítimas,Pleno dia,Crescente,Sol,Dupla,Reta,Urbano,2010,2,0,0,0,1,1,0,2
672888,12/03/2010,Sexta,19:10:00,RN,101,94.5,NATAL,Falta de atenção,Colisão traseira,Sem Vítimas,Plena noite,Decrescente,Ceu Claro,Dupla,Reta,Urbano,2010,2,0,0,0,2,0,0,2
673007,14/03/2010,Domingo,19:35:00,RN,304,114.4,ASSU,Outras,Colisão frontal,Com Vítimas Fatais,Plena noite,Decrescente,Ceu Claro,Simples,Reta,Rural,2010,9,2,4,0,1,2,4,5
673071,13/03/2010,Sábado,06:50:00,RN,101,100.3,PARNAMIRIM,Defeito mecânico em veículo,Colisão traseira,Sem Vítimas,Pleno dia,Decrescente,Ceu Claro,Dupla,Reta,Urbano,2010,2,0,0,0,2,0,0,2
673145,12/03/2010,Sexta,08:00:00,RN,101,97.1,NATAL,Não guardar distância de segurança,Colisão traseira,Sem Vítimas,Pleno dia,Decrescente,Sol,Dupla,Reta,Urbano,2010,2,0,0,0,2,0,0,2
673181,17/03/2010,Quarta,13:50:00,RN,101,102.0,PARNAMIRIM,Não guardar distância de segurança,Colisão traseira,Sem Vítimas,Pleno dia,Crescente,Ceu Claro,Múltipla,Reta,Urbano,2010,2,0,0,0,2,0,0,2
673199,14/03/2010,Domingo,09:30:00,RN,226,284.1,CAMPO GRANDE,Outras,Capotamento,Com Vítimas Feridas,Pleno dia,Crescente,Ceu Claro,Simples,Reta,Rural,2010,1,0,0,1,0,0,1,1
673211,13/03/2010,Sábado,14:20:00,RN,101,68.0,EXTREMOZ,Falta de atenção,Colisão Transversal,Sem Vítimas,Plena noite,Crescente,Sol,Simples,Cruzamento,Rural,2010,2,0,0,0,2,0,0,2
673215,13/03/2010,Sábado,13:00:00,RN,101,98.0,NATAL,Falta de atenção,Colisão traseira,Sem Vítimas,Pleno dia,Decrescente,Sol,Dupla,Cruzamento,Urbano,2010,2,0,0,0,2,0,0,2
673229,10/03/2010,Quarta,09:30:00,RN,405,34.0,GOVERNADOR DIX-SEPT ROSADO,Outras,Colisão lateral,Sem Vítimas,Pleno dia,Decrescente,Ceu Claro,Simples,Reta,Rural,2010,2,0,0,0,2,0,0,2
673257,12/03/2010,Sexta,07:40:00,RN,101,95.8,NATAL,Não guardar distância de segurança,Colisão traseira,Sem Vítimas,Pleno dia,Crescente,Ceu Claro,Dupla,Reta,Urbano,2010,3,0,0,0,3,0,0,3
673277,10/03/2010,Quarta,20:00:00,RN,110,49.0,MOSSORO,Velocidade incompatível,Colisão traseira,Sem Vítimas,Plena noite,Decrescente,Ceu Claro,Dupla,Reta,Urbano,2010,2,0,0,0,2,0,0,2
673287,12/03/2010,Sexta,14:00:00,RN,304,278.0,MACAIBA,Falta de atenção,Colisão traseira,Sem Vítimas,Pleno dia,Decrescente,Ceu Claro,Simples,Reta,Rural,2010,4,0,0,0,4,0,0,4
673366,17/03/2010,Quarta,16:30:00,RN,101,99.9,NATAL,Falta de atenção,Colisão lateral,Sem Vítimas,Pleno dia,Crescente,Sol,Múltipla,Cruzamento,Urbano,2010,2,0,0,0,2,0,0,2
673416,17/03/2010,Quarta,17:40:00,RN,304,47.0,MOSSORO,Falta de atenção,Colisão Transversal,Com Vítimas Feridas,Pleno dia,Crescente,Ceu Claro,Simples,Cruzamento,Urbano,2010,2,0,1,0,1,0,1,2
673442,17/03/2010,Quarta,15:00:00,RN,406,152.0,CEARA-MIRIM,Falta de atenção,Colisão Transversal,Com Vítimas Feridas,Pleno dia,Crescente,Ceu Claro,Simples,Reta,Urbano,2010,3,0,1,0,2,0,1,2
673474,17/03/2010,Quarta,08:00:00,RN,304,35.2,MOSSORO,Falta de atenção,Colisão Transversal,Com Vítimas Feridas,Pleno dia,Decrescente,Ceu Claro,Dupla,Cruzamento,Urbano,2010,2,0,1,0,1,0,1,2
673484,17/03/2010,Quarta,11:30:00,RN,405,2.6,MOSSORO,Outras,Colisão lateral,Sem Vítimas,Pleno dia,Crescente,Ceu Claro,Dupla,Reta,Urbano,2010,2,0,0,0,2,0,0,2
673508,17/03/2010,Quarta,14:30:00,RN,405,170.6,RIACHO DE SANTANA,Falta de atenção,Colisão Transversal,Sem Vítimas,Pleno dia,Crescente,Ceu Claro,Simples,Reta,Urbano,2010,2,0,0,0,2,0,0,2
673534,15/03/2010,Segunda,01:30:00,RN,101,98.0,NATAL,Ingestão de álcool,Colisão com objeto fixo,Sem Vítimas,Plena noite,Decrescente,Nublado,Simples,Curva,Urbano,2010,1,0,0,0,1,0,0,1
673544,04/03/2010,Quinta,07:50:00,RN,101,96.1,NATAL,Falta de atenção,Colisão traseira,Sem Vítimas,Pleno dia,Decrescente,Ceu Claro,Dupla,Reta,Urbano,2010,2,0,0,0,2,0,0,2
673682,18/03/2010,Quinta,08:50:00,RN,304,60.4,MOSSORO,Defeito mecânico em veículo,Saída de Pista,Sem Vítimas,Pleno dia,Decrescente,Sol,Simples,Reta,Rural,2010,1,0,0,0,1,0,0,1
673703,06/03/2010,Sábado,19:10:00,RN,101,99.0,NATAL,Falta de atenção,Colisão traseira,Sem Vítimas,Plena noite,Crescente,Ceu Claro,Múltipla,Reta,Urbano,2010,2,0,0,0,2,0,0,2
673736,10/03/2010,Quarta,07:28:00,RN,101,97.9,NATAL,Não guardar distância de segurança,Colisão traseira,Sem Vítimas,Pleno dia,Decrescente,Ceu Claro,Múltipla,Reta,Urbano,2010,2,0,0,0,2,0,0,2
673769,14/03/2010,Domingo,09:40:00,RN,101,143.1,GOIANINHA,Outras,Tombamento,Sem Vítimas,Pleno dia,Crescente,Ceu Claro,Simples,Curva,Rural,2010,1,0,0,0,1,0,0,1
673811,12/03/2010,Sexta,17:05:00,RN,226,10.5,MACAIBA,Outras,Colisão traseira,Sem Vítimas,Anoitecer,Decrescente,Ceu Claro,Simples,Curva,Urbano,2010,2,0,0,0,2,0,0,2
673859,16/03/2010,Terça,07:40:00,RN,101,85.3,NATAL,Defeito na via,Colisão lateral,Com Vítimas Feridas,Amanhecer,Crescente,Ceu Claro,Dupla,Reta,Urbano,2010,2,0,1,0,1,0,1,2
673872,03/03/2010,Quarta,06:10:00,RN,101,82.9,SAO GONCALO DO AMARANTE,Falta de atenção,Colisão Transversal,Sem Vítimas,Pleno dia,Crescente,Ceu Claro,Dupla,Reta,Urbano,2010,2,0,0,0,1,1,0,2
673957,06/03/2010,Sábado,09:45:00,RN,226,287.9,TRIUNFO POTIGUAR,Defeito na via,Capotamento,Com Vítimas Feridas,Pleno dia,Crescente,Ceu Claro,Simples,Curva,Rural,2010,1,0,1,0,0,0,1,1
673991,18/03/2010,Quinta,18:10:00,RN,406,90.6,JOAO CAMARA,Outras,Colisão com objeto móvel,Com Vítimas Feridas,Plena noite,Crescente,Ceu Claro,Simples,Reta,Rural,2010,2,0,0,1,0,1,1,2
673992,18/03/2010,Quinta,11:30:00,RN,304,184.0,LAJES,Falta de atenção,Colisão com objeto fixo,Sem Vítimas,Pleno dia,Crescente,Ceu Claro,Simples,Reta,Rural,2010,1,0,0,0,1,0,0,1
674004,18/03/2010,Quinta,18:00:00,RN,101,99.9,NATAL,Falta de atenção,Colisão traseira,Sem Vítimas,Plena noite,Decrescente,Ceu Claro,Simples,Reta,Urbano,2010,2,0,0,0,2,0,0,2
674108,11/03/2010,Quinta,10:40:00,RN,101,101.8,PARNAMIRIM,Outras,Colisão traseira,Sem Vítimas,Pleno dia,Decrescente,Sol,Dupla,Reta,Urbano,2010,2,0,0,0,2,0,0,2
674177,12/03/2010,Sexta,09:45:00,RN,101,95.8,NATAL,Falta de atenção,Colisão lateral,Sem Vítimas,Pleno dia,Crescente,Ceu Claro,Simples,Reta,Urbano,2010,2,0,0,0,2,0,0,2
674193,19/03/2010,Sexta,07:15:00,RN,304,291.6,MACAIBA,Velocidade incompatível,Colisão traseira,Sem Vítimas,Pleno dia,Crescente,Nublado,Simples,Reta,Rural,2010,2,0,0,0,2,0,0,2
674255,19/03/2010,Sexta,11:30:00,RN,101,99.9,NATAL,Outras,Colisão lateral,Sem Vítimas,Pleno dia,Crescente,Ceu Claro,Dupla,Reta,Urbano,2010,2,0,0,0,2,0,0,2
674348,19/03/2010,Sexta,14:00:00,RN,304,209.2,LAJES,Defeito mecânico em veículo,Saída de Pista,Sem Vítimas,Pleno dia,Decrescente,Chuva,Simples,Reta,Rural,2010,1,0,0,0,1,0,0,1
674361,19/03/2010,Sexta,14:30:00,RN,304,152.7,ANGICOS,Velocidade incompatível,Capotamento,Sem Vítimas,Pleno dia,Decrescente,Chuva,Simples,Reta,Rural,2010,1,0,0,0,1,0,0,1
674466,12/03/2010,Sexta,10:00:00,RN,110,8.5,AREIA BRANCA,Falta de atenção,Colisão Transversal,Com Vítimas Feridas,Pleno dia,Crescente,Ceu Claro,Simples,Curva,Urbano,2010,2,0,0,1,1,0,1,2
674594,09/03/2010,Terça,11:30:00,RN,304,92.0,ASSU,Falta de atenção,Colisão traseira,Sem Vítimas,Pleno dia,Crescente,Ceu Claro,Simples,Reta,Rural,2010,3,0,0,0,3,0,0,3
674615,19/03/2010,Sexta,01:40:00,RN,304,147.9,ANGICOS,Outras,Capotamento,Com Vítimas Fatais,Plena noite,Crescente,Ceu Claro,Simples,Reta,Rural,2010,2,1,0,1,0,0,1,1
674627,09/03/2010,Terça,13:48:00,RN,110,46.7,MOSSORO,Falta de atenção,Colisão traseira,Sem Vítimas,Pleno dia,Decrescente,Ceu Claro,Simples,Reta,Urbano,2010,2,0,0,0,2,0,0,2
674643,09/03/2010,Terça,18:30:00,RN,405,85.0,ITAU,Outras,Colisão Transversal,Sem Vítimas,Anoitecer,Crescente,Ceu Claro,Simples,Reta,Rural,2010,2,0,0,0,2,0,0,2
674763,16/03/2010,Terça,01:30:00,RN,304,275.0,IELMO MARINHO,Animais na Pista,Atropelamento de animal,Sem Vítimas,Plena noite,Crescente,Ceu Claro,Simples,Reta,Rural,2010,1,0,0,0,1,0,0,1
674854,20/03/2010,Sábado,14:15:00,RN,427,106.4,CAICO,Outras,Capotamento,Com Vítimas Feridas,Pleno dia,Decrescente,Chuva,Simples,Curva,Rural,2010,1,0,1,0,0,0,1,1
674919,20/03/2010,Sábado,14:00:00,RN,304,209.0,LAJES,Outras,Saída de Pista,Sem Vítimas,Pleno dia,Crescente,Chuva,Simples,Reta,Rural,2010,1,0,0,0,1,0,0,1
674994,17/03/2010,Quarta,01:30:00,RN,304,275.0,IELMO MARINHO,Outras,Atropelamento de animal,Sem Vítimas,Plena noite,Crescente,Ceu Claro,Simples,Reta,Rural,2010,1,0,0,0,1,0,0,1
675047,21/03/2010,Domingo,01:45:00,RN,110,49.5,MOSSORO,Falta de atenção,Colisão com objeto fixo,Com Vítimas Feridas,Plena noite,Crescente,Chuva,Dupla,Reta,Urbano,2010,1,0,1,0,0,0,1,1
675050,21/03/2010,Domingo,02:30:00,RN,101,104.4,PARNAMIRIM,Falta de atenção,Colisão com objeto fixo,Sem Vítimas,Plena noite,Decrescente,Chuva,Dupla,Curva,Urbano,2010,1,0,0,0,1,0,0,1
675139,20/03/2010,Sábado,15:10:00,RN,101,97.0,NATAL,Não guardar distância de segurança,Colisão traseira,Sem Vítimas,Pleno dia,Crescente,Nublado,Dupla,Reta,Urbano,2010,2,0,0,0,2,0,0,2
675173,21/03/2010,Domingo,07:10:00,RN,101,97.8,NATAL,Desobediência à sinalização,Colisão Transversal,Sem Vítimas,Pleno dia,Decrescente,Ceu Claro,Múltipla,Cruzamento,Urbano,2010,2,0,0,0,2,0,0,2
675180,17/03/2010,Quarta,22:50:00,RN,101,144.0,GOIANINHA,Outras,Tombamento,Sem Vítimas,Plena noite,Crescente,Ceu Claro,Dupla,Cruzamento,Rural,2010,2,0,0,0,1,1,0,2
675224,18/03/2010,Quinta,12:10:00,RN,101,108.0,PARNAMIRIM,Falta de atenção,Colisão Transversal,Com Vítimas Feridas,Pleno dia,Decrescente,Ceu Claro,Múltipla,Cruzamento,Urbano,2010,2,0,1,0,1,0,1,2
675232,18/03/2010,Quinta,12:20:00,RN,101,99.9,NATAL,Falta de atenção,Colisão traseira,Sem Vítimas,Pleno dia,Decrescente,Ceu Claro,Múltipla,Reta,Urbano,2010,2,0,0,0,2,0,0,2
675342,18/03/2010,Quinta,18:00:00,RN,101,97.0,NATAL,Falta de atenção,Colisão traseira,Sem Vítimas,Pleno dia,Decrescente,Ceu Claro,Múltipla,Reta,Urbano,2010,4,0,0,0,4,0,0,4
675379,21/03/2010,Domingo,14:40:00,RN,101,80.6,NATAL,Desobediência à sinalização,Colisão Transversal,Sem Vítimas,Pleno dia,Decrescente,Nublado,Dupla,Cruzamento,Urbano,2010,2,0,0,0,2,0,0,2
675406,15/03/2010,Segunda,13:45:00,RN,101,107.3,PARNAMIRIM,Desobediência à sinalização,Colisão lateral,Com Vítimas Feridas,Pleno dia,Crescente,Ceu Claro,Múltipla,Cruzamento,Urbano,2010,2,0,0,1,1,0,1,2
675487,21/03/2010,Domingo,10:00:00,RN,406,24.8,MACAU,Animais na Pista,Atropelamento de animal,Sem Vítimas,Pleno dia,Decrescente,Ignorada,Simples,Reta,Rural,2010,1,0,0,0,1,0,0,1
675498,21/03/2010,Domingo,16:00:00,RN,304,24.8,MOSSORO,Outras,Colisão Transversal,Com Vítimas Feridas,Pleno dia,Decrescente,Nublado,Simples,Reta,Rural,2010,2,0,0,1,1,0,1,2
675518,21/03/2010,Domingo,18:30:00,RN,304,113.5,ASSU,Falta de atenção,Colisão frontal,Com Vítimas Feridas,Plena noite,Decrescente,Nublado,Simples,Reta,Rural,2010,5,0,1,0,4,0,1,4
675615,18/03/2010,Quinta,19:00:00,RN,101,95.7,NATAL,Defeito mecânico em veículo,Colisão traseira,Sem Vítimas,Plena noite,Crescente,Ceu Claro,Múltipla,Reta,Urbano,2010,2,0,0,0,2,0,0,2
675669,12/02/2010,Sexta,16:15:00,RN,101,85.6,NATAL,Não guardar distância de segurança,Colisão traseira,Sem Vítimas,Pleno dia,Decrescente,Ceu Claro,Dupla,Reta,Urbano,2010,4,0,0,0,3,1,0,4
675672,14/03/2010,Domingo,17:10:00,RN,101,147.0,CANGUARETAMA,Falta de atenção,Colisão lateral,Sem Vítimas,Anoitecer,Crescente,Ceu Claro,Simples,Reta,Urbano,2010,2,0,0,0,2,0,0,2
675688,20/03/2010,Sábado,22:00:00,RN,110,48.2,MOSSORO,Falta de atenção,Colisão lateral,Com Vítimas Feridas,Plena noite,Crescente,Ceu Claro,Simples,Cruzamento,Urbano,2010,2,0,1,0,1,0,1,2
675695,18/03/2010,Quinta,16:30:00,RN,101,161.0,CANGUARETAMA,Dormindo,Capotamento,Com Vítimas Feridas,Pleno dia,Decrescente,Ceu Claro,Simples,Reta,Urbano,2010,1,0,1,0,0,0,1,1
675741,18/03/2010,Quinta,13:15:00,RN,101,94.0,NATAL,Não guardar distância de segurança,Colisão lateral,Sem Vítimas,Pleno dia,Decrescente,Sol,Múltipla,Reta,Urbano,2010,2,0,0,0,2,0,0,2
675810,18/03/2010,Quinta,12:20:00,RN,101,96.3,NATAL,Outras,Colisão lateral,Com Vítimas Feridas,Pleno dia,Crescente,Sol,Múltipla,Curva,Urbano,2010,2,0,1,0,0,1,1,2
675868,18/03/2010,Quinta,18:05:00,RN,304,292.2,MACAIBA,Dormindo,Tombamento,Com Vítimas Feridas,Plena noite,Crescente,Ceu Claro,Simples,Curva,Rural,2010,1,0,1,0,0,0,1,1
676042,22/03/2010,Segunda,19:50:00,RN,101,99.6,NATAL,Falta de atenção,Colisão traseira,Sem Vítimas,Plena noite,Crescente,Ceu Claro,Múltipla,Reta,Urbano,2010,2,0,0,0,2,0,0,2
676142,12/03/2010,Sexta,21:10:00,RN,101,82.7,SAO GONCALO DO AMARANTE,Falta de atenção,Colisão traseira,Com Vítimas Feridas,Plena noite,Crescente,Ceu Claro,Dupla,Reta,Urbano,2010,3,0,1,1,1,0,2,2
676302,21/03/2010,Domingo,02:45:00,RN,101,101.0,PARNAMIRIM,Velocidade incompatível,Colisão com objeto fixo,Com Vítimas Fatais,Plena noite,Decrescente,Chuva,Dupla,Curva,Urbano,2010,4,1,0,3,0,0,3,1
676306,23/03/2010,Terça,13:25:00,RN,110,49.4,MOSSORO,Outras,Colisão lateral,Sem Vítimas,Plena noite,Crescente,Sol,Dupla,Reta,Urbano,2010,2,0,0,0,2,0,0,2
676394,19/03/2010,Sexta,15:30:00,RN,304,37.6,MOSSORO,Desobediência à sinalização,Queda de motocicleta / bicicleta / veículo,Com Vítimas Feridas,Pleno dia,Decrescente,Nublado,Simples,Cruzamento,Urbano,2010,6,0,1,0,5,0,1,2
676425,23/03/2010,Terça,14:00:00,RN,101,98.2,NATAL,Falta de atenção,Colisão traseira,Sem Vítimas,Pleno dia,Decrescente,Ceu Claro,Dupla,Cruzamento,Urbano,2010,2,0,0,0,2,0,0,2
676460,23/03/2010,Terça,10:00:00,RN,427,88.9,CAICO,Outras,Capotamento,Com Vítimas Feridas,Pleno dia,Decrescente,Ceu Claro,Simples,Curva,Rural,2010,4,0,1,1,2,0,2,2
676495,23/03/2010,Terça,10:45:00,RN,110,24.8,MOSSORO,Outras,Colisão traseira,Sem Vítimas,Pleno dia,Crescente,Ceu Claro,Simples,Reta,Rural,2010,3,0,0,0,3,0,0,2
676499,23/03/2010,Terça,13:10:00,RN,101,101.6,NATAL,Falta de atenção,Colisão traseira,Sem Vítimas,Pleno dia,Decrescente,Sol,Múltipla,Reta,Urbano,2010,2,0,0,0,2,0,0,2
676523,23/03/2010,Terça,13:30:00,RN,304,89.8,MOSSORO,Outras,Colisão lateral,Sem Vítimas,Pleno dia,Decrescente,Ceu Claro,Simples,Reta,Rural,2010,5,0,0,0,5,0,0,4
676533,23/03/2010,Terça,06:30:00,RN,101,98.5,NATAL,Não guardar distância de segurança,Colisão traseira,Com Vítimas Feridas,Pleno dia,Decrescente,Nublado,Dupla,Reta,Urbano,2010,3,0,1,0,2,0,1,2
676539,23/03/2010,Terça,18:00:00,RN,427,11.5,CURRAIS NOVOS,Outras,Saída de Pista,Sem Vítimas,Plena noite,Decrescente,Ceu Claro,Simples,Curva,Rural,2010,1,0,0,0,1,0,0,1
676550,23/03/2010,Terça,22:10:00,RN,406,36.5,GUAMARE,Outras,Capotamento,Com Vítimas Feridas,Plena noite,Decrescente,Nublado,Simples,Reta,Rural,2010,1,0,1,0,0,0,1,1
676593,12/03/2010,Sexta,19:30:00,RN,110,47.3,MOSSORO,Não guardar distância de segurança,Colisão traseira,Sem Vítimas,Plena noite,Decrescente,Ceu Claro,Simples,Reta,Urbano,2010,2,0,0,0,2,0,0,2
676618,20/03/2010,Sábado,21:00:00,RN,110,22.3,AREIA BRANCA,Outras,Capotamento,Com Vítimas Feridas,Plena noite,Crescente,Ceu Claro,Simples,Reta,Rural,2010,4,0,2,2,0,0,4,1
676686,20/03/2010,Sábado,18:00:00,RN,226,114.2,CAMPO REDONDO,Outras,Colisão com bicicleta,Com Vítimas Feridas,Plena noite,Crescente,Ceu Claro,Simples,Reta,Rural,2010,4,0,1,2,1,0,3,3
676863,19/03/2010,Sexta,08:40:00,RN,101,135.9,SAO JOSE DE MIPIBU,Ultrapassagem indevida,Colisão lateral,Com Vítimas Fatais,Pleno dia,Crescente,Ceu Claro,Simples,Reta,Rural,2010,4,1,0,2,1,0,2,2
676900,24/03/2010,Quarta,14:10:00,RN,405,11.9,MOSSORO,Falta de atenção,Colisão traseira,Com Vítimas Feridas,Pleno dia,Decrescente,Sol,Simples,Reta,Rural,2010,2,0,1,0,1,0,1,2
676946,24/03/2010,Quarta,18:20:00,RN,101,96.6,NATAL,Desobediência à sinalização,Colisão lateral,Sem Vítimas,Plena noite,Crescente,Ceu Claro,Dupla,Reta,Urbano,2010,2,0,0,0,1,1,0,2
676969,20/03/2010,Sábado,18:15:00,RN,101,99.7,NATAL,Não guardar distância de segurança,Colisão traseira,Sem Vítimas,Plena noite,Crescente,Ceu Claro,Dupla,Reta,Urbano,2010,2,0,0,0,2,0,0,2
677017,24/03/2010,Quarta,08:00:00,RN,101,97.5,NATAL,Não guardar distância de segurança,Colisão traseira,Sem Vítimas,Pleno dia,Crescente,Ceu Claro,Dupla,Curva,Urbano,2010,2,0,0,0,1,1,0,2
677145,14/03/2010,Domingo,19:30:00,RN,304,36.4,MOSSORO,Falta de atenção,Colisão Transversal,Sem Vítimas,Plena noite,Crescente,Ceu Claro,Simples,Reta,Urbano,2010,2,0,0,0,2,0,0,2
677333,25/03/2010,Quinta,07:40:00,RN,226,6.3,NATAL,Velocidade incompatível,Derramamento de Carga,Com Vítimas Feridas,Pleno dia,Decrescente,Ceu Claro,Simples,Curva,Urbano,2010,2,0,1,0,1,0,1,2
677338,05/03/2010,Sexta,15:30:00,RN,101,98.7,NATAL,Não guardar distância de segurança,Colisão traseira,Sem Vítimas,Pleno dia,Decrescente,Ceu Claro,Dupla,Reta,Urbano,2010,3,0,0,0,3,0,0,3
677380,25/03/2010,Quinta,18:10:00,RN,101,98.0,NATAL,Falta de atenção,Colisão traseira,Sem Vítimas,Plena noite,Decrescente,Ceu Claro,Dupla,Cruzamento,Urbano,2010,2,0,0,0,2,0,0,2
677448,25/03/2010,Quinta,19:50:00,RN,101,127.0,SAO JOSE DE MIPIBU,Outras,Saída de Pista,Sem Vítimas,Plena noite,Decrescente,Nublado,Dupla,Cruzamento,Urbano,2010,1,0,0,0,1,0,0,1
677542,25/03/2010,Quinta,16:30:00,RN,405,6.0,MOSSORO,Falta de atenção,Colisão Transversal,Com Vítimas Feridas,Pleno dia,Decrescente,Ceu Claro,Simples,Reta,Urbano,2010,2,0,1,0,1,0,1,2
677615,04/03/2010,Quinta,17:20:00,RN,101,101.8,NATAL,Falta de atenção,Colisão traseira,Sem Vítimas,Anoitecer,Crescente,Ceu Claro,Múltipla,Reta,Urbano,2010,2,0,0,0,1,1,0,2
677761,26/03/2010,Sexta,12:00:00,RN,101,79.0,NATAL,Animais na Pista,Atropelamento de animal,Sem Vítimas,Pleno dia,Decrescente,Ceu Claro,Dupla,Reta,Urbano,2010,1,0,0,0,1,0,0,1
677841,26/03/2010,Sexta,16:55:00,RN,304,295.2,MACAIBA,Outras,Colisão Transversal,Com Vítimas Feridas,Pleno dia,Crescente,Ceu Claro,Simples,Reta,Rural,2010,2,0,0,1,1,0,1,2
677847,26/03/2010,Sexta,12:05:00,RN,101,98.4,NATAL,Falta de atenção,Colisão lateral,Com Vítimas Feridas,Pleno dia,Crescente,Sol,Múltipla,Reta,Urbano,2010,2,0,1,0,1,0,1,2
677993,26/03/2010,Sexta,10:20:00,RN,101,99.9,PARNAMIRIM,Falta de atenção,Colisão Transversal,Sem Vítimas,Pleno dia,Decrescente,Sol,Múltipla,Cruzamento,Urbano,2010,2,0,0,0,2,0,0,2
678158,23/03/2010,Terça,22:15:00,RN,101,101.9,PARNAMIRIM,Não guardar distância de segurança,Colisão traseira,Sem Vítimas,Plena noite,Decrescente,Ceu Claro,Dupla,Reta,Urbano,2010,2,0,0,0,2,0,0,2
678168,27/03/2010,Sábado,08:20:00,RN,101,103.4,PARNAMIRIM,Falta de atenção,Atropelamento de pessoa,Com Vítimas Feridas,Pleno dia,Crescente,Sol,Dupla,Reta,Urbano,2010,2,0,2,0,0,0,2,1
678185,23/03/2010,Terça,21:20:00,RN,101,97.8,NATAL,Falta de atenção,Colisão traseira,Sem Vítimas,Plena noite,Crescente,Ceu Claro,Dupla,Reta,Urbano,2010,2,0,0,0,1,1,0,2
678320,27/03/2010,Sábado,15:40:00,RN,101,95.8,NATAL,Falta de atenção,Colisão traseira,Sem Vítimas,Pleno dia,Decrescente,Ceu Claro,Múltipla,Reta,Urbano,2010,2,0,0,0,2,0,0,2