id,data_inversa,dia_semana,horario,uf,br,km,municipio,causa_acidente,tipo_acidente,classificacao_acidente,fase_dia,sentido_via,condicao_metereologica,tipo_pista,tracado_via,uso_solo,ano,pessoas,mortos,feridos_leves,feridos_graves,ilesos,ignorados,feridos,veiculos
678347,27/03/2010,Sábado,13:30:00,RN,101,80.8,NATAL,Desobediência à sinalização,Colisão Transversal,Com Vítimas Feridas,Pleno dia,Decrescente,Nublado,Dupla,Cruzamento,Urbano,2010,2,0,0,1,1,0,1,2
678351,27/03/2010,Sábado,15:30:00,RN,101,84.7,SAO GONCALO DO AMARANTE,Outras,Colisão com objeto fixo,Com Vítimas Feridas,Pleno dia,Crescente,Chuva,Simples,Curva,Urbano,2010,1,0,0,1,0,0,1,1
678407,27/03/2010,Sábado,19:20:00,RN,101,97.9,NATAL,Não guardar distância de segurança,Colisão lateral,Sem Vítimas,Plena noite,Crescente,Nublado,Múltipla,Cruzamento,Urbano,2010,2,0,0,0,2,0,0,2
678419,27/03/2010,Sábado,18:30:00,RN,226,120.3,LAJES PINTADAS,Animais na Pista,Atropelamento de animal,Com Vítimas Feridas,Plena noite,Crescente,Ceu Claro,Simples,Reta,Rural,2010,1,0,1,0,0,0,1,1
678429,27/03/2010,Sábado,11:30:00,RN,101,106.8,PARNAMIRIM,Falta de atenção,Colisão lateral,Sem Vítimas,Pleno dia,Crescente,Sol,Dupla,Reta,Urbano,2010,3,0,0,0,3,0,0,2
678440,27/03/2010,Sábado,22:00:00,RN,101,83.5,NATAL,Outras,Colisão Transversal,Sem Vítimas,Plena noite,Decrescente,Nublado,Dupla,Reta,Urbano,2010,2,0,0,0,1,1,0,2
678493,27/03/2010,Sábado,23:35:00,RN,304,7.8,MOSSORO,Animais na Pista,Atropelamento de animal,Com Vítimas Feridas,Plena noite,Decrescente,Nublado,Simples,Reta,Rural,2010,2,0,1,1,0,0,2,1
678495,27/03/2010,Sábado,19:10:00,RN,101,106.5,PARNAMIRIM,Ingestão de álcool,Colisão Transversal,Com Vítimas Feridas,Plena noite,Crescente,Ceu Claro,Dupla,Reta,Urbano,2010,2,0,0,1,1,0,1,2
678524,27/03/2010,Sábado,21:30:00,RN,405,144.1,SAO FRANCISCO DO OESTE,Ingestão de álcool,Colisão frontal,Com Vítimas Fatais,Plena noite,Crescente,Nublado,Simples,Reta,Rural,2010,2,1,0,1,0,0,1,2
678532,27/03/2010,Sábado,16:45:00,RN,101,110.8,PARNAMIRIM,Outras,Queda de motocicleta / bicicleta / veículo,Com Vítimas Feridas,Pleno dia,Decrescente,Ceu Claro,Dupla,Reta,Urbano,2010,1,0,0,1,0,0,1,1
678573,27/03/2010,Sábado,21:00:00,RN,304,236.6,RIACHUELO,Animais na Pista,Atropelamento de animal,Com Vítimas Feridas,Plena noite,Crescente,Chuva,Simples,Reta,Rural,2010,2,0,1,0,1,0,1,1
678742,27/03/2010,Sábado,23:10:00,RN,110,47.2,MOSSORO,Ingestão de álcool,Colisão traseira,Com Vítimas Feridas,Plena noite,Decrescente,Ceu Claro,Simples,Reta,Urbano,2010,3,0,1,0,2,0,1,2
678778,28/03/2010,Domingo,09:15:00,RN,101,107.8,NATAL,Não guardar distância de segurança,Colisão traseira,Sem Vítimas,Pleno dia,Decrescente,Nublado,Múltipla,Cruzamento,Urbano,2010,2,0,0,0,2,0,0,2
678914,28/03/2010,Domingo,20:10:00,RN,101,100.3,PARNAMIRIM,Outras,Colisão traseira,Sem Vítimas,Plena noite,Crescente,Nublado,Dupla,Reta,Urbano,2010,2,0,0,0,2,0,0,2
678920,28/03/2010,Domingo,21:20:00,RN,101,97.5,NATAL,Outras,Colisão traseira,Sem Vítimas,Plena noite,Decrescente,Nublado,Dupla,Cruzamento,Urbano,2010,2,0,0,0,2,0,0,2
678952,28/03/2010,Domingo,13:20:00,RN,101,137.7,SAO JOSE DE MIPIBU,Defeito mecânico em veículo,Capotamento,Sem Vítimas,Pleno dia,Decrescente,Sol,Dupla,Curva,Rural,2010,1,0,0,0,1,0,0,1
678964,28/03/2010,Domingo,19:40:00,RN,101,100.4,NATAL,Defeito mecânico em veículo,Colisão Transversal,Com Vítimas Feridas,Plena noite,Decrescente,Nublado,Dupla,Reta,Urbano,2010,3,0,1,0,2,0,1,2
678966,28/03/2010,Domingo,20:30:00,RN,101,124.3,SAO JOSE DE MIPIBU,Ultrapassagem indevida,Colisão frontal,Sem Vítimas,Plena noite,Decrescente,Nevoeiro/neblina,Dupla,Reta,Urbano,2010,2,0,0,0,2,0,0,2
678992,26/03/2010,Sexta,09:50:00,RN,101,125.0,SAO JOSE DE MIPIBU,Outras,Tombamento,Sem Vítimas,Pleno dia,Crescente,Ceu Claro,Simples,Cruzamento,Urbano,2010,1,0,0,0,1,0,0,1
678995,26/03/2010,Sexta,14:00:00,RN,101,107.0,PARNAMIRIM,Falta de atenção,Colisão traseira,Com Vítimas Feridas,Pleno dia,Crescente,Ceu Claro,Múltipla,Cruzamento,Urbano,2010,2,0,1,0,1,0,1,2
679005,26/03/2010,Sexta,16:30:00,RN,101,98.0,NATAL,Falta de atenção,Colisão traseira,Sem Vítimas,Anoitecer,Decrescente,Ceu Claro,Múltipla,Cruzamento,Urbano,2010,2,0,0,0,2,0,0,2
679103,27/03/2010,Sábado,16:20:00,RN,304,303.0,MACAIBA,Falta de atenção,Colisão Transversal,Sem Vítimas,Pleno dia,Decrescente,Sol,Dupla,Reta,Rural,2010,2,0,0,0,2,0,0,2
679139,29/03/2010,Segunda,06:30:00,RN,101,101.8,PARNAMIRIM,Não guardar distância de segurança,Colisão traseira,Sem Vítimas,Pleno dia,Decrescente,Chuva,Múltipla,Cruzamento,Urbano,2010,2,0,0,0,2,0,0,2
679181,29/03/2010,Segunda,08:00:00,RN,101,103.4,PARNAMIRIM,Falta de atenção,Colisão traseira,Sem Vítimas,Pleno dia,Decrescente,Chuva,Múltipla,Cruzamento,Urbano,2010,5,0,0,0,5,0,0,5
679214,28/03/2010,Domingo,22:00:00,RN,406,148.7,CEARA-MIRIM,Outras,Colisão com bicicleta,Com Vítimas Fatais,Plena noite,Decrescente,Ceu Claro,Simples,Reta,Rural,2010,2,1,0,0,0,1,0,2
679251,29/03/2010,Segunda,06:31:00,RN,101,103.2,PARNAMIRIM,Falta de atenção,Colisão traseira,Sem Vítimas,Amanhecer,Decrescente,Chuva,Dupla,Reta,Urbano,2010,4,0,0,0,4,0,0,4
679346,29/03/2010,Segunda,11:45:00,RN,304,108.3,ASSU,Falta de atenção,Colisão com bicicleta,Com Vítimas Feridas,Pleno dia,Crescente,Nublado,Simples,Reta,Rural,2010,2,0,1,0,1,0,1,2
679391,29/03/2010,Segunda,18:00:00,RN,110,48.0,MOSSORO,Não guardar distância de segurança,Colisão traseira,Sem Vítimas,Plena noite,Crescente,Nublado,Simples,Reta,Urbano,2010,3,0,0,0,3,0,0,3
679410,29/03/2010,Segunda,08:30:00,RN,226,10.9,MACAIBA,Falta de atenção,Colisão Transversal,Com Vítimas Feridas,Pleno dia,Crescente,Sol,Simples,Reta,Urbano,2010,2,0,0,1,1,0,1,2
679413,29/03/2010,Segunda,06:32:00,RN,101,103.2,PARNAMIRIM,Falta de atenção,Colisão traseira,Sem Vítimas,Amanhecer,Decrescente,Chuva,Dupla,Reta,Urbano,2010,3,0,0,0,2,1,0,3
679488,06/02/2010,Sábado,03:50:00,RN,101,99.8,NATAL,Outras,Colisão traseira,Com Vítimas Feridas,Plena noite,Crescente,Nublado,Dupla,Cruzamento,Urbano,2010,3,0,2,0,1,0,2,2
679627,26/03/2010,Sexta,14:40:00,RN,101,96.0,NATAL,Não guardar distância de segurança,Colisão traseira,Sem Vítimas,Pleno dia,Decrescente,Sol,Múltipla,Reta,Urbano,2010,2,0,0,0,2,0,0,2
679678,26/03/2010,Sexta,13:40:00,RN,101,99.9,NATAL,Outras,Colisão traseira,Sem Vítimas,Pleno dia,Crescente,Sol,Múltipla,Cruzamento,Urbano,2010,2,0,0,0,2,0,0,2
679692,30/03/2010,Terça,11:00:00,RN,406,113.6,JOAO CAMARA,Dormindo,Capotamento,Com Vítimas Feridas,Pleno dia,Crescente,Sol,Simples,Reta,Rural,2010,1,0,1,0,0,0,1,1
679695,30/03/2010,Terça,10:30:00,RN,101,102.0,PARNAMIRIM,Outras,Colisão traseira,Sem Vítimas,Pleno dia,Decrescente,Ceu Claro,Múltipla,Reta,Urbano,2010,2,0,0,0,2,0,0,2
679699,08/03/2010,Segunda,13:10:00,RN,304,64.0,MOSSORO,Outras,Saída de Pista,Com Vítimas Feridas,Pleno dia,Decrescente,Ceu Claro,Simples,Reta,Rural,2010,2,0,2,0,0,0,2,1
679731,30/03/2010,Terça,08:00:00,RN,101,158.2,CANGUARETAMA,Outras,Colisão lateral,Com Vítimas Feridas,Pleno dia,Decrescente,Sol,Simples,Reta,Urbano,2010,3,0,0,1,2,0,1,2
679768,30/03/2010,Terça,14:35:00,RN,427,17.9,ACARI,Defeito mecânico em veículo,Saída de Pista,Sem Vítimas,Pleno dia,Decrescente,Nublado,Simples,Curva,Rural,2010,1,0,0,0,1,0,0,1
679818,30/03/2010,Terça,18:45:00,RN,406,149.0,CEARA-MIRIM,Não guardar distância de segurança,Colisão lateral,Sem Vítimas,Plena noite,Decrescente,Ceu Claro,Simples,Reta,Rural,2010,2,0,0,0,1,1,0,2
679911,26/03/2010,Sexta,04:00:00,RN,304,34.0,MOSSORO,Animais na Pista,Atropelamento de animal,Com Vítimas Feridas,Plena noite,Crescente,Nublado,Simples,Reta,Urbano,2010,3,0,2,0,1,0,2,2
679921,30/03/2010,Terça,10:10:00,RN,101,97.9,NATAL,Falta de atenção,Colisão Transversal,Sem Vítimas,Pleno dia,Decrescente,Sol,Múltipla,Curva,Urbano,2010,2,0,0,0,2,0,0,2
679922,30/03/2010,Terça,13:00:00,RN,101,101.6,PARNAMIRIM,Outras,Colisão Transversal,Sem Vítimas,Pleno dia,Crescente,Sol,Múltipla,Reta,Urbano,2010,3,0,0,0,3,0,0,3
679935,30/03/2010,Terça,14:30:00,RN,405,100.7,APODI,Animais na Pista,Saída de Pista,Sem Vítimas,Pleno dia,Crescente,Nublado,Simples,Reta,Urbano,2010,1,0,0,0,1,0,0,1
679937,29/03/2010,Segunda,06:15:00,RN,101,102.3,PARNAMIRIM,Falta de atenção,Colisão traseira,Sem Vítimas,Pleno dia,Decrescente,Chuva,Dupla,Reta,Urbano,2010,2,0,0,0,2,0,0,2
679964,30/03/2010,Terça,19:10:00,RN,101,95.8,NATAL,Falta de atenção,Colisão traseira,Sem Vítimas,Plena noite,Crescente,Ceu Claro,Múltipla,Reta,Urbano,2010,2,0,0,0,2,0,0,2
679975,31/03/2010,Quarta,00:35:00,RN,101,107.1,PARNAMIRIM,Desobediência à sinalização,Colisão Transversal,Com Vítimas Fatais,Plena noite,Decrescente,Ceu Claro,Dupla,Reta,Urbano,2010,2,1,1,0,0,0,1,2
680022,19/03/2010,Sexta,08:15:00,RN,101,104.2,PARNAMIRIM,Outras,Saída de Pista,Sem Vítimas,Pleno dia,Crescente,Nevoeiro/neblina,Dupla,Curva,Urbano,2010,1,0,0,0,1,0,0,1
680048,19/03/2010,Sexta,17:10:00,RN,101,97.6,NATAL,Falta de atenção,Colisão lateral,Com Vítimas Feridas,Pleno dia,Decrescente,Ceu Claro,Dupla,Reta,Urbano,2010,2,0,1,0,1,0,1,2
680053,25/03/2010,Quinta,19:00:00,RN,304,48.0,MOSSORO,Falta de atenção,Colisão lateral,Com Vítimas Feridas,Plena noite,Crescente,Ignorada,Simples,Reta,Urbano,2010,2,0,1,0,0,1,1,2
680055,29/03/2010,Segunda,19:00:00,RN,110,50.6,MOSSORO,Outras,Atropelamento de pessoa,Com Vítimas Feridas,Plena noite,Crescente,Ignorada,Simples,Reta,Urbano,2010,3,0,1,1,1,0,2,1
680066,23/03/2010,Terça,07:15:00,RN,101,107.7,PARNAMIRIM,Defeito mecânico em veículo,Saída de Pista,Sem Vítimas,Pleno dia,Decrescente,Sol,Dupla,Cruzamento,Urbano,2010,1,0,0,0,1,0,0,1
680080,23/03/2010,Terça,21:10:00,RN,101,97.5,NATAL,Falta de atenção,Colisão traseira,Com Vítimas Feridas,Plena noite,Crescente,Chuva,Dupla,Reta,Urbano,2010,2,0,1,0,1,0,1,2
680135,29/03/2010,Segunda,05:30:00,RN,101,100.4,PARNAMIRIM,Falta de atenção,Colisão lateral,Sem Vítimas,Amanhecer,Decrescente,Chuva,Dupla,Reta,Urbano,2010,2,0,0,0,2,0,0,2
680179,28/03/2010,Domingo,22:35:00,RN,101,97.8,NATAL,Desobediência à sinalização,Colisão Transversal,Sem Vítimas,Plena noite,Crescente,Chuva,Dupla,Cruzamento,Urbano,2010,2,0,0,0,2,0,0,2
680182,31/03/2010,Quarta,07:00:00,RN,101,83.6,SAO GONCALO DO AMARANTE,Outras,Colisão lateral,Sem Vítimas,Pleno dia,Crescente,Ceu Claro,Dupla,Reta,Urbano,2010,2,0,0,0,2,0,0,2
680187,28/03/2010,Domingo,22:20:00,RN,101,102.4,PARNAMIRIM,Falta de atenção,Colisão traseira,Sem Vítimas,Plena noite,Decrescente,Chuva,Dupla,Reta,Urbano,2010,2,0,0,0,2,0,0,2
680194,29/03/2010,Segunda,13:00:00,RN,406,169.7,SAO GONCALO DO AMARANTE,Outras,Colisão lateral,Sem Vítimas,Pleno dia,Crescente,Ceu Claro,Simples,Reta,Rural,2010,2,0,0,0,2,0,0,2
680234,31/03/2010,Quarta,12:20:00,RN,304,234.5,RIACHUELO,Defeito mecânico em veículo,Colisão com objeto fixo,Sem Vítimas,Pleno dia,Decrescente,Ceu Claro,Simples,Curva,Rural,2010,1,0,0,0,1,0,0,1
680301,29/03/2010,Segunda,00:10:00,RN,101,97.4,NATAL,Falta de atenção,Colisão traseira,Sem Vítimas,Plena noite,Crescente,Chuva,Dupla,Reta,Urbano,2010,2,0,0,0,2,0,0,2
680333,31/03/2010,Quarta,07:00:00,RN,304,294.7,MACAIBA,Defeito mecânico em veículo,Colisão com objeto móvel,Sem Vítimas,Pleno dia,Decrescente,Sol,Simples,Reta,Rural,2010,2,0,0,0,2,0,0,2
680396,31/03/2010,Quarta,11:15:00,RN,101,96.2,NATAL,Desobediência à sinalização,Colisão lateral,Sem Vítimas,Pleno dia,Decrescente,Sol,Múltipla,Reta,Urbano,2010,2,0,0,0,2,0,0,2
680431,28/03/2010,Domingo,19:00:00,RN,101,125.0,SAO JOSE DE MIPIBU,Ingestão de álcool,Colisão lateral,Com Vítimas Feridas,Plena noite,Decrescente,Chuva,Simples,Reta,Urbano,2010,2,0,1,0,1,0,1,2
680485,01/04/2010,Quinta,00:05:00,RN,226,40.2,MACAIBA,Defeito mecânico em veículo,Incêndio,Sem Vítimas,Plena noite,Crescente,Ceu Claro,Simples,Reta,Rural,2010,2,0,0,0,2,0,0,1
680491,31/03/2010,Quarta,23:30:00,RN,101,96.7,NATAL,Falta de atenção,Colisão lateral,Sem Vítimas,Pleno dia,Crescente,Nublado,Simples,Curva,Urbano,2010,2,0,0,0,2,0,0,2
680558,24/03/2010,Quarta,22:20:00,RN,304,47.5,MOSSORO,Desobediência à sinalização,Colisão Transversal,Com Vítimas Feridas,Plena noite,Crescente,Ceu Claro,Simples,Cruzamento,Urbano,2010,3,0,1,2,0,0,3,2
680576,24/03/2010,Quarta,10:00:00,RN,405,106.9,ITAU,Outras,Colisão com objeto fixo,Sem Vítimas,Pleno dia,Decrescente,Ceu Claro,Simples,Reta,Rural,2010,2,0,0,0,1,1,0,2
680606,28/03/2010,Domingo,22:15:00,RN,427,53.0,JARDIM DO SERIDO,Outras,Atropelamento de pessoa,Com Vítimas Fatais,Plena noite,Crescente,Chuva,Simples,Reta,Rural,2010,2,1,0,0,0,1,0,1
680720,29/03/2010,Segunda,00:30:00,RN,101,97.7,NATAL,Velocidade incompatível,Colisão traseira,Sem Vítimas,Plena noite,Decrescente,Chuva,Dupla,Reta,Urbano,2010,2,0,0,0,2,0,0,2
680775,24/03/2010,Quarta,14:20:00,RN,101,104.0,PARNAMIRIM,Falta de atenção,Colisão lateral,Sem Vítimas,Pleno dia,Crescente,Sol,Dupla,Reta,Urbano,2010,2,0,0,0,2,0,0,2
680791,29/03/2010,Segunda,06:30:00,RN,101,103.0,PARNAMIRIM,Outras,Tombamento,Com Vítimas Feridas,Pleno dia,Decrescente,Chuva,Dupla,Reta,Urbano,2010,1,0,1,0,0,0,1,1
680944,01/04/2010,Quinta,19:50:00,RN,427,0.9,CURRAIS NOVOS,Ingestão de álcool,Colisão traseira,Sem Vítimas,Plena noite,Crescente,Ceu Claro,Simples,Reta,Urbano,2010,2,0,0,0,2,0,0,2
681059,01/04/2010,Quinta,14:25:00,RN,101,109.5,PARNAMIRIM,Ingestão de álcool,Colisão Transversal,Com Vítimas Feridas,Pleno dia,Decrescente,Sol,Dupla,Curva,Urbano,2010,3,0,1,0,2,0,1,3
681092,28/03/2010,Domingo,22:35:00,RN,101,97.5,NATAL,Falta de atenção,Saída de Pista,Sem Vítimas,Plena noite,Decrescente,Chuva,Dupla,Reta,Urbano,2010,1,0,0,0,1,0,0,1
681299,29/03/2010,Segunda,15:00:00,RN,101,100.2,NATAL,Não guardar distância de segurança,Colisão traseira,Sem Vítimas,Pleno dia,Decrescente,Ceu Claro,Múltipla,Reta,Urbano,2010,2,0,0,0,2,0,0,2
681348,02/04/2010,Sexta,07:45:00,RN,304,55.6,MOSSORO,Defeito na via,Capotamento,Com Vítimas Feridas,Pleno dia,Decrescente,Nublado,Simples,Reta,Rural,2010,4,0,3,1,0,0,4,1
681355,02/04/2010,Sexta,09:45:00,RN,226,12.9,MACAIBA,Outras,Atropelamento de pessoa,Com Vítimas Feridas,Pleno dia,Crescente,Sol,Simples,Cruzamento,Urbano,2010,2,0,1,0,1,0,1,1
681417,02/04/2010,Sexta,12:25:00,RN,101,98.2,NATAL,Não guardar distância de segurança,Colisão lateral,Sem Vítimas,Pleno dia,Decrescente,Sol,Dupla,Reta,Urbano,2010,2,0,0,0,2,0,0,2
681451,02/04/2010,Sexta,18:00:00,RN,101,107.3,PARNAMIRIM,Falta de atenção,Colisão traseira,Sem Vítimas,Anoitecer,Decrescente,Ceu Claro,Dupla,Cruzamento,Urbano,2010,2,0,0,0,2,0,0,2
681473,01/03/2010,Segunda,22:10:00,RN,101,97.2,NATAL,Falta de atenção,Colisão Transversal,Sem Vítimas,Plena noite,Decrescente,Nublado,Dupla,Reta,Urbano,2010,2,0,0,0,2,0,0,2
681519,02/04/2010,Sexta,09:40:00,RN,101,105.5,PARNAMIRIM,Não guardar distância de segurança,Colisão traseira,Com Vítimas Feridas,Pleno dia,Decrescente,Ceu Claro,Dupla,Cruzamento,Urbano,2010,3,0,2,0,1,0,2,2
681541,29/03/2010,Segunda,13:15:00,RN,101,109.8,PARNAMIRIM,Falta de atenção,Atropelamento de pessoa,Com Vítimas Feridas,Pleno dia,Decrescente,Ceu Claro,Dupla,Reta,Urbano,2010,2,0,1,0,1,0,1,1
681636,01/04/2010,Quinta,11:25:00,RN,304,133.0,ANGICOS,Ultrapassagem indevida,Colisão frontal,Com Vítimas Feridas,Pleno dia,Crescente,Sol,Simples,Reta,Rural,2010,4,0,1,0,2,1,1,3
681656,30/03/2010,Terça,07:45:00,RN,101,99.9,NATAL,Não guardar distância de segurança,Colisão traseira,Sem Vítimas,Pleno dia,Crescente,Nublado,Dupla,Cruzamento,Urbano,2010,2,0,0,0,2,0,0,2
681692,30/03/2010,Terça,13:50:00,RN,101,94.7,NATAL,Não guardar distância de segurança,Colisão traseira,Sem Vítimas,Pleno dia,Decrescente,Ceu Claro,Múltipla,Reta,Urbano,2010,2,0,0,0,2,0,0,2
681732,01/04/2010,Quinta,19:05:00,RN,110,48.9,MOSSORO,Desobediência à sinalização,Colisão frontal,Com Vítimas Fatais,Plena noite,Crescente,Ceu Claro,Múltipla,Reta,Urbano,2010,2,1,0,0,0,1,0,2
681751,30/03/2010,Terça,21:00:00,RN,101,107.0,PARNAMIRIM,Ingestão de álcool,Colisão com bicicleta,Com Vítimas Feridas,Plena noite,Crescente,Ceu Claro,Dupla,Cruzamento,Urbano,2010,2,0,1,0,1,0,1,2
682017,18/03/2010,Quinta,21:00:00,RN,101,83.0,NATAL,Ingestão de álcool,Colisão traseira,Sem Vítimas,Plena noite,Decrescente,Ceu Claro,Múltipla,Reta,Urbano,2010,2,0,0,0,2,0,0,2
682050,03/04/2010,Sábado,18:30:00,RN,226,90.1,TANGARA,Animais na Pista,Atropelamento de animal,Sem Vítimas,Plena noite,Decrescente,Ceu Claro,Simples,Reta,Rural,2010,5,0,0,0,5,0,0,1
682102,31/03/2010,Quarta,23:00:00,RN,406,135.0,TAIPU,Animais na Pista,Atropelamento de animal,Com Vítimas Feridas,Plena noite,Crescente,Ceu Claro,Simples,Reta,Urbano,2010,3,0,2,0,1,0,2,1
682106,31/03/2010,Quarta,20:00:00,RN,101,113.0,SAO JOSE DE MIPIBU,Animais na Pista,Atropelamento de animal,Sem Vítimas,Plena noite,Crescente,Ceu Claro,Dupla,Reta,Rural,2010,2,0,0,0,2,0,0,2
682121,31/03/2010,Quarta,23:55:00,RN,101,94.3,NATAL,Outras,Capotamento,Sem Vítimas,Plena noite,Crescente,Ceu Claro,Dupla,Reta,Urbano,2010,2,0,0,0,2,0,0,1
682191,01/04/2010,Quinta,13:20:00,RN,226,54.0,BOM JESUS,Outras,Colisão lateral,Sem Vítimas,Pleno dia,Crescente,Ceu Claro,Simples,Reta,Rural,2010,2,0,0,0,2,0,0,2
682480,04/04/2010,Domingo,20:00:00,RN,226,112.4,SANTA CRUZ,Outras,Colisão lateral,Sem Vítimas,Plena noite,Crescente,Ceu Claro,Simples,Reta,Urbano,2010,2,0,0,0,1,1,0,2
682512,04/04/2010,Domingo,21:00:00,RN,304,299.9,MACAIBA,Animais na Pista,Atropelamento de animal,Com Vítimas Feridas,Plena noite,Decrescente,Ceu Claro,Dupla,Reta,Rural,2010,3,0,1,0,2,0,1,1
682541,31/03/2010,Quarta,18:30:00,RN,226,116.3,SANTA CRUZ,Animais na Pista,Atropelamento de animal,Com Vítimas Feridas,Plena noite,Crescente,Ceu Claro,Simples,Reta,Rural,2010,2,0,1,0,1,0,1,1
682644,05/04/2010,Segunda,05:40:00,RN,304,197.3,LAJES,Falta de atenção,Saída de Pista,Sem Vítimas,Amanhecer,Decrescente,Ceu Claro,Simples,Curva,Rural,2010,1,0,0,0,1,0,0,1
682703,30/03/2010,Terça,17:20:00,RN,304,299.8,MACAIBA,Outras,Colisão traseira,Com Vítimas Fatais,Anoitecer,Crescente,Ceu Claro,Dupla,Reta,Rural,2010,3,1,2,0,0,0,2,2
682718,30/03/2010,Terça,18:40:00,RN,304,48.1,MOSSORO,Defeito na via,Queda de motocicleta / bicicleta / veículo,Com Vítimas Feridas,Plena noite,Decrescente,Ceu Claro,Simples,Reta,Urbano,2010,1,0,1,0,0,0,1,1
682800,01/04/2010,Quinta,15:30:00,RN,304,287.0,MACAIBA,Não guardar distância de segurança,Colisão traseira,Sem Vítimas,Pleno dia,Decrescente,Ceu Claro,Simples,Reta,Rural,2010,2,0,0,0,2,0,0,2
683034,01/04/2010,Quinta,04:00:00,RN,101,151.0,GOIANINHA,Outras,Colisão com bicicleta,Com Vítimas Fatais,Plena noite,Decrescente,Chuva,Simples,Reta,Rural,2010,2,1,0,0,0,1,0,2
683055,01/04/2010,Quinta,15:30:00,RN,304,285.2,MACAIBA,Não guardar distância de segurança,Colisão traseira,Sem Vítimas,Pleno dia,Decrescente,Ceu Claro,Simples,Reta,Rural,2010,2,0,0,0,2,0,0,2
683092,01/04/2010,Quinta,11:50:00,RN,101,100.1,NATAL,Outras,Colisão traseira,Sem Vítimas,Pleno dia,Decrescente,Ceu Claro,Dupla,Reta,Urbano,2010,3,0,0,0,3,0,0,3
683127,01/04/2010,Quinta,15:55:00,RN,101,101.3,PARNAMIRIM,Ingestão de álcool,Colisão traseira,Sem Vítimas,Pleno dia,Crescente,Ceu Claro,Dupla,Reta,Urbano,2010,2,0,0,0,2,0,0,2
683211,05/04/2010,Segunda,07:00:00,RN,101,103.0,PARNAMIRIM,Outras,Colisão traseira,Sem Vítimas,Pleno dia,Decrescente,Ceu Claro,Dupla,Reta,Urbano,2010,2,0,0,0,2,0,0,2
683228,05/04/2010,Segunda,17:20:00,RN,405,9.0,MOSSORO,Outras,Saída de Pista,Ignorado,Plena noite,Crescente,Ceu Claro,Simples,Reta,Rural,2010,1,0,0,0,0,1,0,1
683233,05/04/2010,Segunda,09:20:00,RN,101,104.4,PARNAMIRIM,Outras,Colisão traseira,Sem Vítimas,Pleno dia,Decrescente,Ceu Claro,Dupla,Curva,Urbano,2010,3,0,0,0,3,0,0,3
683235,05/04/2010,Segunda,21:25:00,RN,304,48.3,MOSSORO,Defeito na via,Queda de motocicleta / bicicleta / veículo,Com Vítimas Feridas,Plena noite,Decrescente,Ceu Claro,Simples,Cruzamento,Urbano,2010,1,0,1,0,0,0,1,1
683238,05/04/2010,Segunda,20:20:00,RN,101,99.8,NATAL,Outras,Colisão lateral,Sem Vítimas,Plena noite,Decrescente,Ceu Claro,Dupla,Reta,Urbano,2010,2,0,0,0,2,0,0,2
683251,05/04/2010,Segunda,18:30:00,RN,101,82.9,SAO GONCALO DO AMARANTE,Falta de atenção,Colisão lateral,Sem Vítimas,Plena noite,Crescente,Ceu Claro,Dupla,Cruzamento,Urbano,2010,2,0,0,0,2,0,0,2
683256,02/04/2010,Sexta,22:50:00,RN,304,45.5,MOSSORO,Ingestão de álcool,Colisão traseira,Com Vítimas Feridas,Plena noite,Decrescente,Ceu Claro,Simples,Reta,Urbano,2010,2,0,1,0,1,0,1,2
683304,05/04/2010,Segunda,16:45:00,RN,304,46.6,MOSSORO,Defeito mecânico em veículo,Colisão com objeto fixo,Sem Vítimas,Pleno dia,Decrescente,Ceu Claro,Simples,Reta,Urbano,2010,2,0,0,0,2,0,0,2
683360,12/03/2010,Sexta,19:00:00,RN,101,101.5,PARNAMIRIM,Desobediência à sinalização,Colisão Transversal,Sem Vítimas,Pleno dia,Crescente,Sol,Dupla,Reta,Urbano,2010,2,0,0,0,1,1,0,2
683427,02/04/2010,Sexta,11:20:00,RN,226,137.6,CAMPO REDONDO,Velocidade incompatível,Tombamento,Sem Vítimas,Pleno dia,Decrescente,Ceu Claro,Simples,Reta,Rural,2010,1,0,0,0,1,0,0,1
683439,01/04/2010,Quinta,12:50:00,RN,101,66.0,CEARA-MIRIM,Falta de atenção,Colisão Transversal,Com Vítimas Feridas,Pleno dia,Decrescente,Ceu Claro,Simples,Reta,Rural,2010,4,0,2,0,2,0,2,2