id,data_inversa,dia_semana,horario,uf,br,km,municipio,causa_acidente,tipo_acidente,classificacao_acidente,fase_dia,sentido_via,condicao_metereologica,tipo_pista,tracado_via,uso_solo,ano,pessoas,mortos,feridos_leves,feridos_graves,ilesos,ignorados,feridos,veiculos
695698,01/05/2010,Sábado,10:30:00,RN,101,107.8,PARNAMIRIM,Desobediência à sinalização,Colisão Transversal,Com Vítimas Feridas,Pleno dia,Decrescente,Ceu Claro,Múltipla,Cruzamento,Urbano,2010,2,0,0,1,1,0,1,2
695748,01/05/2010,Sábado,12:25:00,RN,427,108.7,CAICO,Outras,Colisão frontal,Com Vítimas Feridas,Pleno dia,Crescente,Ceu Claro,Simples,Reta,Rural,2010,3,0,1,1,1,0,2,2
695785,01/05/2010,Sábado,10:20:00,RN,101,99.9,NATAL,Falta de atenção,Colisão lateral,Sem Vítimas,Pleno dia,Crescente,Sol,Dupla,Cruzamento,Urbano,2010,2,0,0,0,2,0,0,2
695795,01/05/2010,Sábado,17:45:00,RN,101,94.8,NATAL,Ingestão de álcool,Saída de Pista,Sem Vítimas,Plena noite,Decrescente,Ceu Claro,Múltipla,Reta,Urbano,2010,1,0,0,0,1,0,0,1
695999,29/04/2010,Quinta,04:20:00,RN,101,95.3,NATAL,Outras,Colisão lateral,Sem Vítimas,Amanhecer,Crescente,Ceu Claro,Simples,Reta,Urbano,2010,2,0,0,0,2,0,0,2
696031,28/04/2010,Quarta,14:20:00,RN,101,96.1,NATAL,Não guardar distância de segurança,Colisão traseira,Com Vítimas Feridas,Pleno dia,Decrescente,Sol,Múltipla,Reta,Urbano,2010,2,0,1,0,1,0,1,2
696046,28/04/2010,Quarta,16:00:00,RN,101,98.2,NATAL,Outras,Colisão traseira,Sem Vítimas,Plena noite,Decrescente,Sol,Múltipla,Reta,Urbano,2010,2,0,0,0,2,0,0,2
696163,02/05/2010,Domingo,15:40:00,RN,101,104.3,NATAL,Não guardar distância de segurança,Colisão traseira,Sem Vítimas,Pleno dia,Crescente,Sol,Simples,Reta,Urbano,2010,2,0,0,0,1,1,0,2
696252,28/04/2010,Quarta,19:10:00,RN,101,97.2,NATAL,Falta de atenção,Colisão lateral,Sem Vítimas,Plena noite,Crescente,Ceu Claro,Dupla,Reta,Urbano,2010,2,0,0,0,2,0,0,2
696343,28/04/2010,Quarta,10:20:00,RN,101,94.1,NATAL,Falta de atenção,Colisão lateral,Com Vítimas Feridas,Pleno dia,Crescente,Ceu Claro,Múltipla,Reta,Urbano,2010,2,0,1,0,0,1,1,2
696395,28/04/2010,Quarta,20:20:00,RN,304,243.8,RIACHUELO,Outras,Colisão frontal,Com Vítimas Feridas,Plena noite,Decrescente,Ignorada,Simples,Reta,Rural,2010,2,0,0,1,1,0,1,2
696422,03/05/2010,Segunda,03:00:00,RN,304,163.6,ANGICOS,Animais na Pista,Atropelamento de animal,Sem Vítimas,Plena noite,Crescente,Ceu Claro,Simples,Reta,Rural,2010,1,0,0,0,1,0,0,1
696636,03/05/2010,Segunda,09:30:00,RN,101,98.5,NATAL,Falta de atenção,Colisão traseira,Sem Vítimas,Pleno dia,Decrescente,Chuva,Dupla,Reta,Urbano,2010,2,0,0,0,2,0,0,2
696661,29/04/2010,Quinta,22:00:00,RN,226,270.4,CURRAIS NOVOS,Falta de atenção,Capotamento,Com Vítimas Feridas,Plena noite,Crescente,Ceu Claro,Simples,Reta,Rural,2010,2,0,1,0,1,0,1,1
696698,29/04/2010,Quinta,19:05:00,RN,101,96.7,NATAL,Velocidade incompatível,Colisão traseira,Com Vítimas Feridas,Plena noite,Crescente,Ceu Claro,Dupla,Reta,Urbano,2010,2,0,1,0,1,0,1,2
696719,28/04/2010,Quarta,13:18:00,RN,101,95.0,NATAL,Falta de atenção,Colisão traseira,Sem Vítimas,Pleno dia,Decrescente,Ceu Claro,Dupla,Reta,Urbano,2010,4,0,0,0,4,0,0,4
696841,03/05/2010,Segunda,15:50:00,RN,101,98.5,NATAL,Falta de atenção,Colisão traseira,Sem Vítimas,Pleno dia,Decrescente,Ceu Claro,Dupla,Reta,Urbano,2010,2,0,0,0,2,0,0,2
696854,03/05/2010,Segunda,11:30:00,RN,101,95.2,NATAL,Outras,Colisão lateral,Sem Vítimas,Pleno dia,Decrescente,Ceu Claro,Simples,Reta,Urbano,2010,2,0,0,0,2,0,0,2
696963,03/05/2010,Segunda,19:40:00,RN,304,38.3,MOSSORO,Falta de atenção,Colisão Transversal,Com Vítimas Feridas,Plena noite,Crescente,Ceu Claro,Simples,Reta,Urbano,2010,3,0,2,0,1,0,2,2
696965,03/05/2010,Segunda,18:20:00,RN,304,112.9,ASSU,Outras,Colisão Transversal,Com Vítimas Feridas,Plena noite,Decrescente,Nublado,Simples,Reta,Rural,2010,2,0,0,1,1,0,1,2
697012,02/05/2010,Domingo,19:10:00,RN,304,239.0,RIACHUELO,Outras,Colisão com bicicleta,Com Vítimas Fatais,Plena noite,Decrescente,Ceu Claro,Simples,Reta,Rural,2010,2,1,0,0,0,1,0,2
697030,03/05/2010,Segunda,15:15:00,RN,304,307.7,PARNAMIRIM,Falta de atenção,Colisão Transversal,Sem Vítimas,Pleno dia,Decrescente,Ceu Claro,Simples,Curva,Urbano,2010,2,0,0,0,2,0,0,2
697058,03/05/2010,Segunda,06:00:00,RN,101,149.7,GOIANINHA,Não guardar distância de segurança,Colisão traseira,Sem Vítimas,Pleno dia,Decrescente,Chuva,Simples,Reta,Urbano,2010,2,0,0,0,2,0,0,2
697201,04/05/2010,Terça,08:20:00,RN,101,98.6,NATAL,Falta de atenção,Colisão traseira,Sem Vítimas,Pleno dia,Decrescente,Sol,Dupla,Reta,Urbano,2010,4,0,0,0,4,0,0,4
697206,04/05/2010,Terça,06:50:00,RN,101,99.8,NATAL,Falta de atenção,Colisão lateral,Sem Vítimas,Pleno dia,Decrescente,Ceu Claro,Múltipla,Reta,Urbano,2010,2,0,0,0,2,0,0,2
697238,01/05/2010,Sábado,02:50:00,RN,101,103.1,PARNAMIRIM,Outras,Colisão traseira,Com Vítimas Feridas,Plena noite,Decrescente,Nublado,Dupla,Reta,Urbano,2010,3,0,2,0,1,0,2,3
697268,04/05/2010,Terça,12:40:00,RN,304,294.2,PARNAMIRIM,Falta de atenção,Colisão traseira,Com Vítimas Feridas,Pleno dia,Decrescente,Ceu Claro,Simples,Reta,Rural,2010,3,0,1,0,2,0,1,2
697322,30/04/2010,Sexta,10:30:00,RN,101,95.2,NATAL,Velocidade incompatível,Colisão com objeto fixo,Sem Vítimas,Pleno dia,Crescente,Sol,Dupla,Curva,Urbano,2010,1,0,0,0,1,0,0,1
697434,17/04/2010,Sábado,12:40:00,RN,101,102.0,PARNAMIRIM,Falta de atenção,Colisão traseira,Com Vítimas Feridas,Pleno dia,Crescente,Ceu Claro,Dupla,Reta,Urbano,2010,2,0,1,0,1,0,1,2
697464,25/04/2010,Domingo,15:09:00,RN,101,107.0,PARNAMIRIM,Outras,Colisão com bicicleta,Sem Vítimas,Pleno dia,Crescente,Ceu Claro,Dupla,Reta,Urbano,2010,2,0,0,0,2,0,0,2
697485,01/05/2010,Sábado,09:30:00,RN,304,304.3,MACAIBA,Outras,Colisão traseira,Sem Vítimas,Pleno dia,Decrescente,Ceu Claro,Dupla,Reta,Urbano,2010,3,0,0,0,3,0,0,2
697537,30/04/2010,Sexta,18:50:00,RN,101,83.1,NATAL,Não guardar distância de segurança,Colisão traseira,Sem Vítimas,Plena noite,Decrescente,Ceu Claro,Dupla,Reta,Urbano,2010,4,0,0,0,3,1,0,4
697540,01/05/2010,Sábado,22:10:00,RN,304,307.0,MACAIBA,Outras,Colisão lateral,Sem Vítimas,Plena noite,Crescente,Ceu Claro,Dupla,Reta,Urbano,2010,2,0,0,0,1,1,0,2
697612,04/05/2010,Terça,17:45:00,RN,101,99.8,PARNAMIRIM,Não guardar distância de segurança,Colisão traseira,Sem Vítimas,Anoitecer,Decrescente,Ceu Claro,Dupla,Reta,Urbano,2010,2,0,0,0,2,0,0,2
697706,20/03/2010,Sábado,20:10:00,RN,101,103.9,PARNAMIRIM,Falta de atenção,Colisão traseira,Sem Vítimas,Plena noite,Crescente,Ceu Claro,Dupla,Reta,Urbano,2010,2,0,0,0,2,0,0,2
697809,05/05/2010,Quarta,07:00:00,RN,101,84.6,NATAL,Outras,Colisão traseira,Sem Vítimas,Pleno dia,Crescente,Ceu Claro,Simples,Curva,Urbano,2010,2,0,0,0,2,0,0,2
697908,01/05/2010,Sábado,20:45:00,RN,304,287.3,MACAIBA,Falta de atenção,Colisão lateral,Com Vítimas Feridas,Plena noite,Decrescente,Ceu Claro,Simples,Reta,Rural,2010,2,0,1,0,1,0,1,2
697997,05/05/2010,Quarta,13:45:00,RN,101,94.5,NATAL,Outras,Colisão traseira,Com Vítimas Feridas,Pleno dia,Decrescente,Chuva,Múltipla,Reta,Urbano,2010,4,0,1,0,3,0,1,4
698229,02/05/2010,Domingo,18:10:00,RN,226,13.5,MACAIBA,Desobediência à sinalização,Colisão frontal,Com Vítimas Feridas,Plena noite,Decrescente,Ceu Claro,Simples,Reta,Urbano,2010,4,0,1,3,0,0,4,2
698323,06/05/2010,Quinta,12:20:00,RN,110,46.9,MOSSORO,Desobediência à sinalização,Colisão lateral,Sem Vítimas,Pleno dia,Decrescente,Sol,Simples,Cruzamento,Urbano,2010,2,0,0,0,2,0,0,2
698327,05/05/2010,Quarta,05:30:00,RN,101,114.7,SAO JOSE DE MIPIBU,Velocidade incompatível,Colisão com objeto fixo,Sem Vítimas,Amanhecer,Crescente,Chuva,Dupla,Reta,Urbano,2010,1,0,0,0,1,0,0,1
698418,05/05/2010,Quarta,18:20:00,RN,405,0.1,MOSSORO,Falta de atenção,Colisão Transversal,Com Vítimas Feridas,Plena noite,Decrescente,Ceu Claro,Dupla,Reta,Urbano,2010,2,0,1,0,0,1,1,2
698548,06/05/2010,Quinta,16:47:00,RN,101,99.6,NATAL,Falta de atenção,Colisão traseira,Sem Vítimas,Pleno dia,Crescente,Sol,Múltipla,Cruzamento,Urbano,2010,2,0,0,0,2,0,0,2
698618,06/05/2010,Quinta,10:35:00,RN,101,104.0,PARNAMIRIM,Velocidade incompatível,Capotamento,Com Vítimas Feridas,Pleno dia,Crescente,Ceu Claro,Dupla,Curva,Urbano,2010,2,0,1,1,0,0,2,1
698698,22/04/2010,Quinta,08:40:00,RN,101,97.9,NATAL,Falta de atenção,Colisão traseira,Sem Vítimas,Pleno dia,Crescente,Sol,Dupla,Reta,Urbano,2010,2,0,0,0,2,0,0,2
698726,04/05/2010,Terça,17:00:00,RN,427,47.7,JARDIM DO SERIDO,Velocidade incompatível,Saída de Pista,Com Vítimas Feridas,Pleno dia,Crescente,Nublado,Simples,Curva,Rural,2010,4,0,0,1,3,0,1,2
698730,03/05/2010,Segunda,13:00:00,RN,226,138.1,CAMPO REDONDO,Falta de atenção,Colisão com objeto fixo,Sem Vítimas,Pleno dia,Crescente,Ceu Claro,Simples,Reta,Rural,2010,1,0,0,0,1,0,0,1
698807,04/05/2010,Terça,18:45:00,RN,304,48.4,MOSSORO,Outras,Colisão com bicicleta,Com Vítimas Feridas,Plena noite,Crescente,Ignorada,Simples,Reta,Urbano,2010,2,0,1,0,1,0,1,2
698841,07/05/2010,Sexta,09:00:00,RN,101,100.0,NATAL,Não guardar distância de segurança,Colisão traseira,Sem Vítimas,Pleno dia,Decrescente,Ceu Claro,Múltipla,Cruzamento,Urbano,2010,2,0,0,0,2,0,0,2
698883,29/04/2010,Quinta,13:00:00,RN,406,51.4,JANDAIRA,Outras,Colisão Transversal,Com Vítimas Feridas,Pleno dia,Crescente,Sol,Simples,Reta,Rural,2010,2,0,1,1,0,0,2,2
698909,07/05/2010,Sexta,16:00:00,RN,226,2.0,NATAL,Não guardar distância de segurança,Colisão traseira,Sem Vítimas,Pleno dia,Decrescente,Ceu Claro,Simples,Cruzamento,Urbano,2010,2,0,0,0,2,0,0,2
698915,07/05/2010,Sexta,14:10:00,RN,101,100.0,NATAL,Desobediência à sinalização,Colisão lateral,Sem Vítimas,Pleno dia,Crescente,Sol,Dupla,Cruzamento,Urbano,2010,2,0,0,0,2,0,0,2
699010,07/05/2010,Sexta,18:50:00,RN,304,40.0,MOSSORO,Desobediência à sinalização,Colisão com bicicleta,Com Vítimas Fatais,Plena noite,Decrescente,Ceu Claro,Simples,Cruzamento,Urbano,2010,2,1,1,0,0,0,1,2
699103,07/05/2010,Sexta,21:30:00,RN,304,34.4,MOSSORO,Desobediência à sinalização,Colisão Transversal,Com Vítimas Feridas,Plena noite,Crescente,Ceu Claro,Simples,Cruzamento,Urbano,2010,4,0,2,0,2,0,2,2
699123,07/05/2010,Sexta,15:48:00,RN,101,84.2,SAO GONCALO DO AMARANTE,Falta de atenção,Colisão lateral,Sem Vítimas,Pleno dia,Crescente,Ceu Claro,Dupla,Reta,Urbano,2010,2,0,0,0,2,0,0,2
699135,07/05/2010,Sexta,18:20:00,RN,406,99.0,JOAO CAMARA,Falta de atenção,Colisão Transversal,Com Vítimas Feridas,Plena noite,Crescente,Ceu Claro,Simples,Reta,Urbano,2010,2,0,0,1,1,0,1,2
699154,07/05/2010,Sexta,22:30:00,RN,101,97.5,NATAL,Falta de atenção,Colisão traseira,Sem Vítimas,Plena noite,Crescente,Ceu Claro,Dupla,Reta,Urbano,2010,2,0,0,0,2,0,0,2
699495,08/05/2010,Sábado,14:20:00,RN,101,98.0,NATAL,Outras,Colisão lateral,Sem Vítimas,Pleno dia,Crescente,Ceu Claro,Dupla,Cruzamento,Urbano,2010,3,0,0,0,3,0,0,3
699548,07/05/2010,Sexta,11:00:00,RN,304,159.0,FERNANDO PEDROZA,Falta de atenção,Colisão traseira,Sem Vítimas,Pleno dia,Crescente,Ceu Claro,Simples,Reta,Urbano,2010,2,0,0,0,2,0,0,2
699687,08/05/2010,Sábado,18:00:00,RN,101,20.3,TOUROS,Animais na Pista,Atropelamento de animal,Com Vítimas Feridas,Plena noite,Decrescente,Ignorada,Simples,Curva,Rural,2010,2,0,0,2,0,0,2,1
699728,08/05/2010,Sábado,20:40:00,RN,101,84.8,SAO GONCALO DO AMARANTE,Falta de atenção,Colisão Transversal,Sem Vítimas,Plena noite,Decrescente,Ceu Claro,Simples,Reta,Urbano,2010,2,0,0,0,2,0,0,2
699736,08/05/2010,Sábado,22:26:00,RN,101,107.3,PARNAMIRIM,Ingestão de álcool,Colisão Transversal,Sem Vítimas,Plena noite,Decrescente,Nublado,Dupla,Cruzamento,Urbano,2010,2,0,0,0,2,0,0,2
699744,08/05/2010,Sábado,21:00:00,RN,101,95.1,NATAL,Falta de atenção,Colisão traseira,Com Vítimas Feridas,Plena noite,Crescente,Ceu Claro,Múltipla,Curva,Urbano,2010,2,0,0,1,1,0,1,2
699751,08/05/2010,Sábado,23:30:00,RN,304,36.0,MOSSORO,Não guardar distância de segurança,Colisão lateral,Sem Vítimas,Plena noite,Crescente,Ceu Claro,Simples,Cruzamento,Urbano,2010,2,0,0,0,1,1,0,2
699780,09/05/2010,Domingo,05:10:00,RN,226,39.7,MACAIBA,Outras,Capotamento,Sem Vítimas,Amanhecer,Decrescente,Ceu Claro,Simples,Reta,Urbano,2010,1,0,0,0,1,0,0,1
699797,10/03/2010,Quarta,07:05:00,RN,101,98.5,NATAL,Falta de atenção,Colisão traseira,Sem Vítimas,Pleno dia,Decrescente,Ceu Claro,Múltipla,Reta,Urbano,2010,3,0,0,0,3,0,0,3
699813,06/05/2010,Quinta,05:45:00,RN,406,147.5,CEARA-MIRIM,Outras,Colisão traseira,Com Vítimas Feridas,Pleno dia,Decrescente,Ceu Claro,Simples,Reta,Urbano,2010,3,0,0,2,0,1,2,3
699862,09/05/2010,Domingo,08:50:00,RN,406,168.3,SAO GONCALO DO AMARANTE,Desobediência à sinalização,Colisão traseira,Com Vítimas Feridas,Pleno dia,Decrescente,Ceu Claro,Simples,Reta,Urbano,2010,2,0,0,1,1,0,1,2
700102,09/05/2010,Domingo,18:30:00,RN,406,162.0,CEARA-MIRIM,Defeito na via,Tombamento,Com Vítimas Feridas,Plena noite,Crescente,Ceu Claro,Simples,Reta,Rural,2010,2,0,1,1,0,0,2,1
700176,09/05/2010,Domingo,19:30:00,RN,101,80.7,NATAL,Falta de atenção,Colisão Transversal,Sem Vítimas,Plena noite,Crescente,Ceu Claro,Dupla,Cruzamento,Urbano,2010,2,0,0,0,2,0,0,2
700186,05/05/2010,Quarta,09:30:00,RN,226,190.0,CURRAIS NOVOS,Outras,Colisão lateral,Sem Vítimas,Pleno dia,Decrescente,Ceu Claro,Simples,Curva,Rural,2010,2,0,0,0,2,0,0,2
700263,05/05/2010,Quarta,23:30:00,RN,101,100.5,PARNAMIRIM,Falta de atenção,Colisão com objeto fixo,Sem Vítimas,Plena noite,Crescente,Chuva,Dupla,Curva,Urbano,2010,1,0,0,0,1,0,0,1
700298,09/05/2010,Domingo,18:10:00,RN,101,101.8,PARNAMIRIM,Falta de atenção,Colisão traseira,Sem Vítimas,Plena noite,Decrescente,Ceu Claro,Dupla,Reta,Urbano,2010,2,0,0,0,2,0,0,2
700322,09/05/2010,Domingo,19:00:00,RN,304,297.7,MACAIBA,Desobediência à sinalização,Colisão lateral,Sem Vítimas,Plena noite,Crescente,Ceu Claro,Dupla,Cruzamento,Urbano,2010,2,0,0,0,2,0,0,2
700330,03/05/2010,Segunda,18:10:00,RN,406,71.0,JOAO CAMARA,Outras,Saída de Pista,Com Vítimas Feridas,Pleno dia,Crescente,Ceu Claro,Simples,Reta,Rural,2010,1,0,0,1,0,0,1,1
700501,03/05/2010,Segunda,06:50:00,RN,101,101.5,PARNAMIRIM,Falta de atenção,Colisão traseira,Sem Vítimas,Pleno dia,Decrescente,Ceu Claro,Dupla,Reta,Urbano,2010,4,0,0,0,3,1,0,4
700541,08/05/2010,Sábado,14:10:00,RN,110,46.9,MOSSORO,Falta de atenção,Colisão Transversal,Sem Vítimas,Pleno dia,Crescente,Ceu Claro,Simples,Cruzamento,Urbano,2010,2,0,0,0,2,0,0,2
700568,10/05/2010,Segunda,10:00:00,RN,101,84.7,SAO GONCALO DO AMARANTE,Falta de atenção,Colisão traseira,Sem Vítimas,Plena noite,Crescente,Sol,Dupla,Curva,Urbano,2010,2,0,0,0,2,0,0,2
700600,10/05/2010,Segunda,08:40:00,RN,406,164.0,SAO GONCALO DO AMARANTE,Outras,Colisão Transversal,Sem Vítimas,Pleno dia,Decrescente,Sol,Simples,Reta,Urbano,2010,3,0,0,0,3,0,0,2
700605,10/05/2010,Segunda,13:30:00,RN,427,15.7,CURRAIS NOVOS,Falta de atenção,Capotamento,Sem Vítimas,Pleno dia,Crescente,Ceu Claro,Simples,Reta,Rural,2010,1,0,0,0,1,0,0,1
700611,06/05/2010,Quinta,16:40:00,RN,101,85.5,NATAL,Não guardar distância de segurança,Colisão traseira,Com Vítimas Feridas,Pleno dia,Decrescente,Ceu Claro,Dupla,Reta,Urbano,2010,2,0,0,1,1,0,1,2
700625,10/05/2010,Segunda,11:00:00,RN,101,153.7,GOIANINHA,Outras,Colisão com objeto fixo,Sem Vítimas,Pleno dia,Decrescente,Ceu Claro,Simples,Reta,Rural,2010,2,0,0,0,1,1,0,2
700661,10/05/2010,Segunda,14:30:00,RN,101,83.0,SAO GONCALO DO AMARANTE,Defeito mecânico em veículo,Colisão traseira,Sem Vítimas,Pleno dia,Crescente,Ceu Claro,Dupla,Cruzamento,Urbano,2010,3,0,0,0,3,0,0,3
700665,10/05/2010,Segunda,11:00:00,RN,101,95.3,NATAL,Outras,Colisão lateral,Sem Vítimas,Pleno dia,Crescente,Ceu Claro,Simples,Reta,Urbano,2010,2,0,0,0,2,0,0,2
700667,10/05/2010,Segunda,14:15:00,RN,304,33.5,MOSSORO,Falta de atenção,Colisão Transversal,Com Vítimas Feridas,Pleno dia,Crescente,Ceu Claro,Simples,Reta,Urbano,2010,2,0,2,0,0,0,2,2
700675,10/05/2010,Segunda,11:20:00,RN,110,49.2,MOSSORO,Outras,Colisão lateral,Sem Vítimas,Pleno dia,Crescente,Sol,Simples,Cruzamento,Urbano,2010,2,0,0,0,2,0,0,2
700780,03/05/2010,Segunda,15:30:00,RN,101,98.0,NATAL,Falta de atenção,Colisão lateral,Sem Vítimas,Pleno dia,Crescente,Ceu Claro,Simples,Curva,Urbano,2010,2,0,0,0,2,0,0,2
700862,29/04/2010,Quinta,07:50:00,RN,101,99.8,NATAL,Falta de atenção,Colisão lateral,Com Vítimas Feridas,Pleno dia,Decrescente,Ceu Claro,Dupla,Reta,Urbano,2010,2,0,1,0,1,0,1,2
700895,10/05/2010,Segunda,16:50:00,RN,101,100.0,NATAL,Falta de atenção,Colisão lateral,Sem Vítimas,Anoitecer,Crescente,Ceu Claro,Dupla,Reta,Urbano,2010,2,0,0,0,2,0,0,2
700907,10/05/2010,Segunda,15:30:00,RN,101,97.3,NATAL,Outras,Colisão traseira,Com Vítimas Feridas,Pleno dia,Decrescente,Sol,Dupla,Reta,Urbano,2010,2,0,1,0,1,0,1,2
700931,10/05/2010,Segunda,12:20:00,RN,101,97.9,NATAL,Falta de atenção,Colisão traseira,Sem Vítimas,Pleno dia,Crescente,Ceu Claro,Dupla,Cruzamento,Urbano,2010,2,0,0,0,2,0,0,2
700945,03/05/2010,Segunda,02:45:00,RN,101,123.8,SAO JOSE DE MIPIBU,Animais na Pista,Atropelamento de animal,Com Vítimas Feridas,Plena noite,Decrescente,Nublado,Simples,Reta,Urbano,2010,1,0,1,0,0,0,1,1
700946,10/05/2010,Segunda,18:20:00,RN,101,97.1,NATAL,Falta de atenção,Colisão traseira,Sem Vítimas,Plena noite,Crescente,Ceu Claro,Dupla,Reta,Urbano,2010,2,0,0,0,2,0,0,2
700969,06/05/2010,Quinta,11:55:00,RN,101,104.0,PARNAMIRIM,Falta de atenção,Colisão lateral,Sem Vítimas,Pleno dia,Crescente,Ceu Claro,Múltipla,Curva,Urbano,2010,2,0,0,0,2,0,0,2
701011,10/05/2010,Segunda,17:45:00,RN,101,112.5,PARNAMIRIM,Falta de atenção,Queda de motocicleta / bicicleta / veículo,Com Vítimas Feridas,Anoitecer,Decrescente,Ceu Claro,Dupla,Reta,Rural,2010,3,0,1,0,2,0,1,3
701050,08/05/2010,Sábado,02:40:00,RN,101,100.0,NATAL,Ingestão de álcool,Colisão traseira,Com Vítimas Feridas,Plena noite,Decrescente,Ceu Claro,Dupla,Cruzamento,Urbano,2010,3,0,2,0,1,0,2,2
701068,07/05/2010,Sexta,19:30:00,RN,406,73.5,JANDAIRA,Falta de atenção,Colisão traseira,Com Vítimas Fatais,Plena noite,Decrescente,Ceu Claro,Simples,Reta,Rural,2010,4,1,1,1,1,0,2,2
701137,10/05/2010,Segunda,04:40:00,RN,226,204.5,SAO VICENTE,Animais na Pista,Atropelamento de animal,Sem Vítimas,Amanhecer,Crescente,Ceu Claro,Simples,Reta,Rural,2010,1,0,0,0,1,0,0,1
701142,06/05/2010,Quinta,14:20:00,RN,101,98.0,NATAL,Falta de atenção,Colisão com objeto fixo,Sem Vítimas,Pleno dia,Crescente,Nublado,Múltipla,Cruzamento,Urbano,2010,2,0,0,0,1,1,0,2
701154,07/05/2010,Sexta,15:00:00,RN,101,84.0,SAO GONCALO DO AMARANTE,Não guardar distância de segurança,Colisão traseira,Sem Vítimas,Pleno dia,Crescente,Ceu Claro,Dupla,Reta,Urbano,2010,2,0,0,0,2,0,0,2
701158,08/05/2010,Sábado,20:00:00,RN,406,170.0,SAO GONCALO DO AMARANTE,Falta de atenção,Colisão frontal,Com Vítimas Feridas,Plena noite,Decrescente,Ceu Claro,Simples,Reta,Rural,2010,2,0,1,1,0,0,2,2
701241,06/05/2010,Quinta,20:00:00,RN,101,95.4,NATAL,Falta de atenção,Colisão traseira,Sem Vítimas,Plena noite,Crescente,Ignorada,Múltipla,Cruzamento,Urbano,2010,2,0,0,0,2,0,0,2
701289,25/04/2010,Domingo,15:30:00,RN,101,66.0,EXTREMOZ,Outras,Colisão Transversal,Sem Vítimas,Pleno dia,Decrescente,Ceu Claro,Simples,Reta,Rural,2010,2,0,0,0,2,0,0,2
701295,11/05/2010,Terça,08:15:00,RN,101,101.8,PARNAMIRIM,Desobediência à sinalização,Colisão Transversal,Sem Vítimas,Pleno dia,Decrescente,Ceu Claro,Múltipla,Cruzamento,Urbano,2010,2,0,0,0,2,0,0,2
701315,11/05/2010,Terça,10:30:00,RN,226,2.3,NATAL,Outras,Colisão Transversal,Com Vítimas Feridas,Pleno dia,Crescente,Sol,Simples,Cruzamento,Urbano,2010,2,0,1,0,1,0,1,2
701336,11/05/2010,Terça,08:00:00,RN,101,10.0,NATAL,Não guardar distância de segurança,Colisão traseira,Sem Vítimas,Pleno dia,Decrescente,Sol,Dupla,Reta,Urbano,2010,3,0,0,0,2,1,0,3
701343,11/05/2010,Terça,11:20:00,RN,101,97.0,NATAL,Falta de atenção,Colisão traseira,Sem Vítimas,Pleno dia,Crescente,Sol,Múltipla,Cruzamento,Urbano,2010,2,0,0,0,2,0,0,2
701411,11/05/2010,Terça,09:30:00,RN,101,94.8,NATAL,Outras,Atropelamento de pessoa,Com Vítimas Feridas,Pleno dia,Crescente,Sol,Dupla,Reta,Urbano,2010,2,0,0,1,1,0,1,1
701418,11/05/2010,Terça,13:40:00,RN,101,84.2,NATAL,Não guardar distância de segurança,Colisão traseira,Sem Vítimas,Pleno dia,Decrescente,Ceu Claro,Dupla,Reta,Urbano,2010,2,0,0,0,2,0,0,2
701463,11/05/2010,Terça,05:30:00,RN,101,77.9,NATAL,Outras,Colisão Transversal,Sem Vítimas,Pleno dia,Decrescente,Ceu Claro,Dupla,Reta,Urbano,2010,2,0,0,0,2,0,0,2
701494,11/05/2010,Terça,16:30:00,RN,427,13.7,ACARI,Outras,Capotamento,Sem Vítimas,Pleno dia,Decrescente,Ceu Claro,Simples,Curva,Rural,2010,1,0,0,0,1,0,0,1
701521,11/05/2010,Terça,17:40:00,RN,101,100.8,NATAL,Outras,Colisão com objeto fixo,Sem Vítimas,Anoitecer,Decrescente,Ceu Claro,Dupla,Reta,Urbano,2010,1,0,0,0,1,0,0,1
701578,11/05/2010,Terça,07:50:00,RN,101,98.2,NATAL,Outras,Atropelamento de pessoa,Com Vítimas Feridas,Pleno dia,Decrescente,Ceu Claro,Dupla,Reta,Urbano,2010,2,0,0,1,1,0,1,1
701785,09/05/2010,Domingo,01:00:00,RN,101,107.3,PARNAMIRIM,Falta de atenção,Colisão Transversal,Com Vítimas Feridas,Plena noite,Crescente,Ceu Claro,Dupla,Cruzamento,Urbano,2010,2,0,1,0,0,1,1,2
701854,12/05/2010,Quarta,08:15:00,RN,101,107.3,PARNAMIRIM,Falta de atenção,Colisão traseira,Sem Vítimas,Pleno dia,Decrescente,Sol,Dupla,Cruzamento,Urbano,2010,2,0,0,0,2,0,0,2