id,data_inversa,dia_semana,horario,uf,br,km,municipio,causa_acidente,tipo_acidente,classificacao_acidente,fase_dia,sentido_via,condicao_metereologica,tipo_pista,tracado_via,uso_solo,ano,pessoas,mortos,feridos_leves,feridos_graves,ilesos,ignorados,feridos,veiculos
718557,10/06/2010,Quinta,15:30:00,RN,101,148.0,GOIANINHA,Outras,Colisão com objeto fixo,Sem Vítimas,Pleno dia,Crescente,Sol,Simples,Reta,Urbano,2010,1,0,0,0,1,0,0,1
718619,07/06/2010,Segunda,04:40:00,RN,101,107.3,NATAL,Falta de atenção,Colisão lateral,Com Vítimas Feridas,Amanhecer,Crescente,Ceu Claro,Dupla,Reta,Urbano,2010,2,0,1,0,0,1,1,2
718676,14/06/2010,Segunda,07:00:00,RN,101,97.9,NATAL,Não guardar distância de segurança,Colisão traseira,Sem Vítimas,Pleno dia,Crescente,Chuva,Múltipla,Reta,Urbano,2010,2,0,0,0,2,0,0,2
718734,14/06/2010,Segunda,05:10:00,RN,304,230.1,RIACHUELO,Defeito mecânico em veículo,Tombamento,Sem Vítimas,Amanhecer,Decrescente,Nublado,Simples,Curva,Rural,2010,1,0,0,0,1,0,0,1
718739,12/06/2010,Sábado,20:00:00,RN,226,2.2,NATAL,Outras,Colisão lateral,Com Vítimas Feridas,Plena noite,Crescente,Ceu Claro,Simples,Reta,Urbano,2010,2,0,1,0,1,0,1,2
718740,11/06/2010,Sexta,06:20:00,RN,304,47.5,MOSSORO,Desobediência à sinalização,Colisão Transversal,Com Vítimas Feridas,Amanhecer,Crescente,Ceu Claro,Simples,Cruzamento,Urbano,2010,2,0,1,0,1,0,1,2
718796,14/06/2010,Segunda,13:00:00,RN,101,77.7,NATAL,Outras,Colisão traseira,Com Vítimas Feridas,Pleno dia,Decrescente,Ceu Claro,Dupla,Reta,Urbano,2010,2,0,0,1,1,0,1,2
718891,13/06/2010,Domingo,17:40:00,RN,101,74.0,EXTREMOZ,Outras,Colisão Transversal,Com Vítimas Feridas,Anoitecer,Decrescente,Ceu Claro,Simples,Reta,Rural,2010,5,0,1,1,3,0,2,2
718931,14/06/2010,Segunda,16:55:00,RN,226,77.8,TANGARA,Outras,Colisão traseira,Com Vítimas Feridas,Pleno dia,Decrescente,Nublado,Simples,Reta,Rural,2010,2,0,0,1,1,0,1,2
719011,14/06/2010,Segunda,19:20:00,RN,101,143.8,GOIANINHA,Não guardar distância de segurança,Colisão traseira,Sem Vítimas,Plena noite,Decrescente,Ceu Claro,Dupla,Reta,Rural,2010,2,0,0,0,2,0,0,2
719051,07/06/2010,Segunda,14:35:00,RN,101,105.0,PARNAMIRIM,Outras,Colisão traseira,Sem Vítimas,Pleno dia,Crescente,Sol,Dupla,Curva,Urbano,2010,3,0,0,0,3,0,0,3
719069,11/06/2010,Sexta,08:20:00,RN,101,108.0,PARNAMIRIM,Defeito mecânico em veículo,Colisão traseira,Sem Vítimas,Pleno dia,Decrescente,Ceu Claro,Dupla,Cruzamento,Urbano,2010,2,0,0,0,2,0,0,2
719072,12/06/2010,Sábado,00:30:00,RN,101,96.2,NATAL,Outras,Atropelamento de pessoa,Com Vítimas Feridas,Plena noite,Crescente,Ceu Claro,Dupla,Reta,Urbano,2010,2,0,0,1,1,0,1,1
719085,11/06/2010,Sexta,08:50:00,RN,101,100.2,PARNAMIRIM,Falta de atenção,Colisão lateral,Com Vítimas Feridas,Pleno dia,Decrescente,Ceu Claro,Dupla,Curva,Urbano,2010,2,0,1,1,0,0,2,2
719141,01/06/2010,Terça,18:50:00,RN,226,112.7,SANTA CRUZ,Ingestão de álcool,Colisão traseira,Sem Vítimas,Anoitecer,Crescente,Ceu Claro,Simples,Reta,Urbano,2010,2,0,0,0,2,0,0,2
719160,15/06/2010,Terça,11:35:00,RN,304,46.1,MOSSORO,Não guardar distância de segurança,Colisão traseira,Com Vítimas Feridas,Pleno dia,Crescente,Nublado,Simples,Reta,Urbano,2010,3,0,1,0,2,0,1,3
719240,15/06/2010,Terça,13:10:00,RN,101,97.1,NATAL,Outras,Colisão Transversal,Sem Vítimas,Pleno dia,Crescente,Nublado,Dupla,Cruzamento,Urbano,2010,2,0,0,0,2,0,0,2
719251,15/06/2010,Terça,15:20:00,RN,304,292.8,MACAIBA,Defeito mecânico em veículo,Incêndio,Sem Vítimas,Pleno dia,Crescente,Ceu Claro,Simples,Reta,Rural,2010,1,0,0,0,1,0,0,1
719423,15/06/2010,Terça,23:10:00,RN,304,295.7,MACAIBA,Animais na Pista,Atropelamento de animal,Com Vítimas Feridas,Plena noite,Decrescente,Ceu Claro,Simples,Reta,Urbano,2010,2,0,1,0,1,0,1,1
719531,12/06/2010,Sábado,18:00:00,RN,406,104.9,JOAO CAMARA,Outras,Colisão traseira,Com Vítimas Feridas,Plena noite,Decrescente,Ceu Claro,Simples,Reta,Rural,2010,3,0,1,1,1,0,2,2
719536,08/06/2010,Terça,21:50:00,RN,101,101.4,PARNAMIRIM,Ingestão de álcool,Colisão Transversal,Com Vítimas Feridas,Plena noite,Crescente,Ceu Claro,Dupla,Curva,Urbano,2010,3,0,2,0,1,0,2,2
719603,15/06/2010,Terça,12:00:00,RN,101,77.5,SAO GONCALO DO AMARANTE,Outras,Colisão com bicicleta,Com Vítimas Fatais,Pleno dia,Crescente,Nublado,Dupla,Reta,Urbano,2010,2,1,0,0,1,0,0,2
719610,16/06/2010,Quarta,07:50:00,RN,101,95.6,NATAL,Falta de atenção,Colisão lateral,Sem Vítimas,Pleno dia,Decrescente,Nublado,Dupla,Cruzamento,Urbano,2010,2,0,0,0,2,0,0,2
719627,08/06/2010,Terça,20:40:00,RN,101,95.3,NATAL,Falta de atenção,Colisão traseira,Sem Vítimas,Plena noite,Crescente,Ceu Claro,Simples,Cruzamento,Urbano,2010,2,0,0,0,2,0,0,2
719723,22/05/2010,Sábado,12:30:00,RN,405,163.0,RAFAEL FERNANDES,Desobediência à sinalização,Colisão Transversal,Com Vítimas Fatais,Pleno dia,Crescente,Sol,Simples,Cruzamento,Rural,2010,4,1,1,2,0,0,3,2
719729,31/05/2010,Segunda,08:15:00,RN,101,99.8,NATAL,Falta de atenção,Colisão traseira,Sem Vítimas,Pleno dia,Crescente,Chuva,Dupla,Cruzamento,Urbano,2010,2,0,0,0,2,0,0,2
719750,13/06/2010,Domingo,01:00:00,RN,101,163.8,CANGUARETAMA,Falta de atenção,Colisão frontal,Com Vítimas Feridas,Plena noite,Decrescente,Ceu Claro,Simples,Reta,Rural,2010,4,0,3,0,1,0,3,2
719842,13/06/2010,Domingo,01:20:00,RN,101,104.4,PARNAMIRIM,Falta de atenção,Colisão lateral,Sem Vítimas,Plena noite,Crescente,Chuva,Dupla,Curva,Urbano,2010,2,0,0,0,1,1,0,2
719880,16/06/2010,Quarta,17:24:00,RN,101,104.1,PARNAMIRIM,Desobediência à sinalização,Colisão lateral,Sem Vítimas,Pleno dia,Decrescente,Ceu Claro,Dupla,Reta,Urbano,2010,2,0,0,0,2,0,0,2
719930,16/06/2010,Quarta,21:10:00,RN,101,108.3,PARNAMIRIM,Desobediência à sinalização,Colisão Transversal,Sem Vítimas,Plena noite,Decrescente,Chuva,Dupla,Cruzamento,Urbano,2010,2,0,0,0,2,0,0,2
719987,16/06/2010,Quarta,23:30:00,RN,101,99.6,NATAL,Outras,Colisão traseira,Sem Vítimas,Plena noite,Decrescente,Chuva,Múltipla,Reta,Urbano,2010,2,0,0,0,2,0,0,2
720028,12/06/2010,Sábado,16:40:00,RN,101,99.8,NATAL,Falta de atenção,Colisão traseira,Sem Vítimas,Pleno dia,Crescente,Ceu Claro,Dupla,Reta,Urbano,2010,3,0,0,0,3,0,0,3
720089,07/06/2010,Segunda,17:50:00,RN,101,97.7,NATAL,Outras,Colisão lateral,Sem Vítimas,Anoitecer,Crescente,Chuva,Dupla,Reta,Urbano,2010,2,0,0,0,2,0,0,2
720093,01/06/2010,Terça,16:50:00,RN,101,117.3,SAO JOSE DE MIPIBU,Outras,Colisão com objeto móvel,Sem Vítimas,Pleno dia,Decrescente,Ceu Claro,Dupla,Reta,Rural,2010,2,0,0,0,2,0,0,2
720230,14/06/2010,Segunda,10:00:00,RN,101,95.9,NATAL,Defeito mecânico em veículo,Colisão com objeto móvel,Sem Vítimas,Pleno dia,Crescente,Nublado,Dupla,Reta,Urbano,2010,2,0,0,0,2,0,0,2
720233,17/06/2010,Quinta,11:15:00,RN,101,95.3,NATAL,Outras,Colisão lateral,Sem Vítimas,Pleno dia,Crescente,Chuva,Múltipla,Cruzamento,Urbano,2010,2,0,0,0,2,0,0,2
720284,14/06/2010,Segunda,07:30:00,RN,226,2.8,NATAL,Falta de atenção,Colisão traseira,Sem Vítimas,Pleno dia,Decrescente,Nublado,Simples,Reta,Urbano,2010,2,0,0,0,2,0,0,2
720308,29/05/2010,Sábado,14:40:00,RN,101,99.7,NATAL,Falta de atenção,Colisão traseira,Com Vítimas Feridas,Pleno dia,Decrescente,Ceu Claro,Dupla,Reta,Urbano,2010,2,0,0,1,1,0,1,2
720361,17/06/2010,Quinta,17:45:00,RN,101,99.8,NATAL,Outras,Colisão traseira,Sem Vítimas,Plena noite,Crescente,Chuva,Dupla,Reta,Urbano,2010,3,0,0,0,3,0,0,3
720375,17/06/2010,Quinta,17:50:00,RN,304,297.7,MACAIBA,Falta de atenção,Colisão traseira,Sem Vítimas,Anoitecer,Decrescente,Chuva,Dupla,Cruzamento,Urbano,2010,2,0,0,0,2,0,0,2
720390,17/06/2010,Quinta,18:10:00,RN,101,95.5,NATAL,Outras,Colisão Transversal,Sem Vítimas,Plena noite,Crescente,Chuva,Dupla,Reta,Urbano,2010,2,0,0,0,2,0,0,2
720421,17/06/2010,Quinta,18:30:00,RN,101,95.3,NATAL,Outras,Colisão lateral,Sem Vítimas,Plena noite,Crescente,Chuva,Múltipla,Cruzamento,Urbano,2010,2,0,0,0,2,0,0,2
720460,17/06/2010,Quinta,20:30:00,RN,226,111.8,SANTA CRUZ,Ingestão de álcool,Colisão traseira,Com Vítimas Feridas,Plena noite,Crescente,Chuva,Simples,Curva,Urbano,2010,3,0,0,2,0,1,2,2
720548,16/06/2010,Quarta,18:35:00,RN,304,237.3,RIACHUELO,Animais na Pista,Atropelamento de animal,Sem Vítimas,Plena noite,Decrescente,Ceu Claro,Simples,Reta,Rural,2010,1,0,0,0,1,0,0,1
720597,15/06/2010,Terça,05:50:00,RN,101,83.0,SAO GONCALO DO AMARANTE,Não guardar distância de segurança,Colisão traseira,Sem Vítimas,Pleno dia,Crescente,Chuva,Simples,Reta,Urbano,2010,2,0,0,0,2,0,0,2
720701,15/06/2010,Terça,21:55:00,RN,101,97.5,NATAL,Não guardar distância de segurança,Colisão traseira,Sem Vítimas,Plena noite,Decrescente,Nublado,Dupla,Reta,Urbano,2010,2,0,0,0,2,0,0,2
720708,18/06/2010,Sexta,07:30:00,RN,406,151.9,CEARA-MIRIM,Outras,Capotamento,Com Vítimas Feridas,Pleno dia,Decrescente,Ceu Claro,Simples,Reta,Rural,2010,1,0,1,0,0,0,1,1
720737,14/06/2010,Segunda,09:30:00,RN,405,7.7,MOSSORO,Falta de atenção,Colisão Transversal,Com Vítimas Feridas,Pleno dia,Decrescente,Ceu Claro,Simples,Reta,Rural,2010,2,0,0,1,1,0,1,2
720742,10/06/2010,Quinta,13:50:00,RN,101,95.3,NATAL,Falta de atenção,Colisão Transversal,Sem Vítimas,Pleno dia,Crescente,Ceu Claro,Dupla,Cruzamento,Urbano,2010,2,0,0,0,2,0,0,2
720747,03/06/2010,Quinta,13:18:00,RN,304,231.0,RIACHUELO,Dormindo,Capotamento,Com Vítimas Feridas,Pleno dia,Crescente,Ceu Claro,Simples,Curva,Rural,2010,2,0,1,0,1,0,1,1
720777,18/06/2010,Sexta,10:35:00,RN,427,13.8,ACARI,Outras,Capotamento,Sem Vítimas,Pleno dia,Crescente,Chuva,Simples,Curva,Rural,2010,2,0,0,0,2,0,0,2
720828,18/06/2010,Sexta,16:30:00,RN,101,80.6,NATAL,Falta de atenção,Colisão Transversal,Sem Vítimas,Pleno dia,Decrescente,Ceu Claro,Dupla,Curva,Urbano,2010,2,0,0,0,2,0,0,2
720962,14/06/2010,Segunda,15:20:00,RN,101,94.0,NATAL,Falta de atenção,Colisão traseira,Sem Vítimas,Pleno dia,Decrescente,Ceu Claro,Dupla,Reta,Urbano,2010,2,0,0,0,2,0,0,2
720993,18/06/2010,Sexta,22:55:00,RN,226,2.0,NATAL,Falta de atenção,Colisão Transversal,Sem Vítimas,Plena noite,Crescente,Ceu Claro,Simples,Reta,Rural,2010,2,0,0,0,1,1,0,2
721013,18/06/2010,Sexta,21:00:00,RN,304,106.6,ASSU,Outras,Colisão frontal,Com Vítimas Fatais,Plena noite,Crescente,Ceu Claro,Simples,Reta,Rural,2010,2,1,0,0,0,1,0,2
721036,18/06/2010,Sexta,13:50:00,RN,226,8.4,NATAL,Outras,Colisão traseira,Sem Vítimas,Pleno dia,Crescente,Nublado,Simples,Reta,Urbano,2010,2,0,0,0,2,0,0,2
721101,12/06/2010,Sábado,04:10:00,RN,101,96.6,NATAL,Ingestão de álcool,Colisão com objeto fixo,Sem Vítimas,Amanhecer,Crescente,Ceu Claro,Simples,Curva,Urbano,2010,1,0,0,0,1,0,0,1
721123,16/06/2010,Quarta,02:45:00,RN,101,97.9,NATAL,Ingestão de álcool,Colisão traseira,Sem Vítimas,Plena noite,Decrescente,Ceu Claro,Dupla,Reta,Urbano,2010,2,0,0,0,2,0,0,2
721241,05/06/2010,Sábado,18:00:00,RN,110,50.0,MOSSORO,Falta de atenção,Colisão traseira,Sem Vítimas,Anoitecer,Crescente,Ceu Claro,Dupla,Curva,Urbano,2010,2,0,0,0,2,0,0,2
721273,19/06/2010,Sábado,10:30:00,RN,101,96.1,NATAL,Outras,Colisão lateral,Sem Vítimas,Plena noite,Decrescente,Ceu Claro,Dupla,Reta,Urbano,2010,2,0,0,0,2,0,0,2
721283,15/06/2010,Terça,14:00:00,RN,101,95.3,NATAL,Falta de atenção,Colisão traseira,Sem Vítimas,Pleno dia,Crescente,Ceu Claro,Dupla,Cruzamento,Urbano,2010,2,0,0,0,2,0,0,2
721306,15/06/2010,Terça,22:35:00,RN,101,96.6,NATAL,Velocidade incompatível,Capotamento,Com Vítimas Feridas,Plena noite,Decrescente,Ceu Claro,Dupla,Curva,Urbano,2010,2,0,2,0,0,0,2,1
721312,16/06/2010,Quarta,06:30:00,RN,304,297.7,MACAIBA,Falta de atenção,Colisão traseira,Com Vítimas Feridas,Amanhecer,Decrescente,Ceu Claro,Dupla,Cruzamento,Urbano,2010,2,0,1,0,1,0,1,2
721368,19/06/2010,Sábado,07:30:00,RN,101,95.7,NATAL,Falta de atenção,Colisão Transversal,Sem Vítimas,Pleno dia,Crescente,Ceu Claro,Múltipla,Cruzamento,Urbano,2010,2,0,0,0,2,0,0,2
721467,19/06/2010,Sábado,21:15:00,RN,101,35.0,CEARA-MIRIM,Outras,Tombamento,Com Vítimas Feridas,Plena noite,Crescente,Ceu Claro,Simples,Cruzamento,Rural,2010,1,0,0,1,0,0,1,1
721470,19/06/2010,Sábado,23:00:00,RN,101,78.0,NATAL,Animais na Pista,Atropelamento de animal,Com Vítimas Feridas,Plena noite,Crescente,Ceu Claro,Dupla,Reta,Rural,2010,1,0,1,0,0,0,1,1
721619,20/06/2010,Domingo,03:31:00,RN,101,98.1,NATAL,Outras,Colisão lateral,Com Vítimas Feridas,Plena noite,Decrescente,Ignorada,Dupla,Reta,Urbano,2010,2,0,1,1,0,0,2,2
721635,20/06/2010,Domingo,08:25:00,RN,405,2.7,MOSSORO,Outras,Colisão com objeto fixo,Com Vítimas Fatais,Pleno dia,Decrescente,Sol,Dupla,Curva,Urbano,2010,1,1,0,0,0,0,0,1
721644,19/06/2010,Sábado,06:20:00,RN,101,101.8,PARNAMIRIM,Ingestão de álcool,Colisão traseira,Com Vítimas Fatais,Pleno dia,Decrescente,Nublado,Dupla,Cruzamento,Urbano,2010,6,1,1,1,3,0,2,5
721680,20/06/2010,Domingo,08:25:00,RN,101,108.3,PARNAMIRIM,Outras,Colisão lateral,Sem Vítimas,Pleno dia,Crescente,Ceu Claro,Dupla,Cruzamento,Urbano,2010,2,0,0,0,1,1,0,2
721773,20/06/2010,Domingo,13:00:00,RN,101,99.8,NATAL,Falta de atenção,Colisão traseira,Sem Vítimas,Pleno dia,Crescente,Sol,Múltipla,Reta,Urbano,2010,2,0,0,0,2,0,0,2
721804,20/06/2010,Domingo,20:40:00,RN,304,47.4,MOSSORO,Outras,Queda de motocicleta / bicicleta / veículo,Com Vítimas Feridas,Plena noite,Decrescente,Ceu Claro,Simples,Curva,Urbano,2010,1,0,1,0,0,0,1,1
721874,20/06/2010,Domingo,20:30:00,RN,101,99.0,NATAL,Falta de atenção,Colisão traseira,Com Vítimas Feridas,Plena noite,Decrescente,Chuva,Dupla,Reta,Urbano,2010,2,0,1,0,0,1,1,2
721879,19/06/2010,Sábado,10:30:00,RN,101,85.0,NATAL,Não guardar distância de segurança,Colisão traseira,Sem Vítimas,Pleno dia,Decrescente,Ceu Claro,Dupla,Reta,Urbano,2010,2,0,0,0,2,0,0,2
721894,17/06/2010,Quinta,18:50:00,RN,101,99.9,NATAL,Não guardar distância de segurança,Colisão traseira,Sem Vítimas,Plena noite,Decrescente,Chuva,Dupla,Reta,Urbano,2010,2,0,0,0,2,0,0,2
722015,21/06/2010,Segunda,07:10:00,RN,101,99.7,NATAL,Outras,Colisão traseira,Sem Vítimas,Pleno dia,Decrescente,Ceu Claro,Dupla,Reta,Urbano,2010,2,0,0,0,2,0,0,2
722021,21/06/2010,Segunda,11:20:00,RN,110,48.0,MOSSORO,Falta de atenção,Colisão traseira,Sem Vítimas,Pleno dia,Crescente,Sol,Simples,Reta,Urbano,2010,2,0,0,0,2,0,0,2
722048,21/06/2010,Segunda,05:50:00,RN,304,296.7,MACAIBA,Desobediência à sinalização,Colisão Transversal,Com Vítimas Feridas,Pleno dia,Decrescente,Ceu Claro,Simples,Cruzamento,Urbano,2010,2,0,0,1,1,0,1,2
722050,18/06/2010,Sexta,11:30:00,RN,304,231.9,RIACHUELO,Outras,Capotamento,Sem Vítimas,Pleno dia,Crescente,Ceu Claro,Simples,Curva,Rural,2010,1,0,0,0,1,0,0,1
722231,16/06/2010,Quarta,20:51:00,RN,101,101.8,PARNAMIRIM,Desobediência à sinalização,Colisão Transversal,Com Vítimas Feridas,Plena noite,Crescente,Ceu Claro,Dupla,Cruzamento,Urbano,2010,2,0,1,0,1,0,1,2
722263,21/06/2010,Segunda,12:30:00,RN,101,79.0,NATAL,Outras,Colisão traseira,Com Vítimas Feridas,Pleno dia,Decrescente,Ceu Claro,Dupla,Reta,Urbano,2010,7,0,5,0,1,1,5,2
722304,21/06/2010,Segunda,18:30:00,RN,304,32.3,MOSSORO,Falta de atenção,Colisão Transversal,Com Vítimas Feridas,Plena noite,Crescente,Ceu Claro,Simples,Reta,Urbano,2010,3,0,0,1,2,0,1,2
722307,17/06/2010,Quinta,22:30:00,RN,101,95.0,NATAL,Outras,Colisão lateral,Sem Vítimas,Plena noite,Crescente,Nublado,Dupla,Cruzamento,Urbano,2010,2,0,0,0,2,0,0,2
722334,21/06/2010,Segunda,19:20:00,RN,101,100.2,NATAL,Outras,Colisão traseira,Sem Vítimas,Plena noite,Crescente,Ceu Claro,Dupla,Cruzamento,Urbano,2010,2,0,0,0,2,0,0,2
722359,21/06/2010,Segunda,12:00:00,RN,226,232.0,FLORANIA,Outras,Capotamento,Com Vítimas Feridas,Pleno dia,Crescente,Ceu Claro,Simples,Reta,Rural,2010,1,0,1,0,0,0,1,1
722450,02/06/2010,Quarta,16:20:00,RN,101,104.0,PARNAMIRIM,Falta de atenção,Colisão traseira,Sem Vítimas,Pleno dia,Crescente,Ceu Claro,Dupla,Cruzamento,Urbano,2010,2,0,0,0,2,0,0,2
722491,10/06/2010,Quinta,14:30:00,RN,101,95.3,NATAL,Desobediência à sinalização,Colisão Transversal,Sem Vítimas,Pleno dia,Crescente,Ceu Claro,Dupla,Cruzamento,Urbano,2010,2,0,0,0,1,1,0,2
722524,19/06/2010,Sábado,03:15:00,RN,101,101.8,PARNAMIRIM,Desobediência à sinalização,Colisão Transversal,Sem Vítimas,Plena noite,Crescente,Ceu Claro,Múltipla,Cruzamento,Urbano,2010,2,0,0,0,2,0,0,2
722649,22/06/2010,Terça,13:30:00,RN,101,83.6,NATAL,Falta de atenção,Colisão lateral,Sem Vítimas,Pleno dia,Decrescente,Ceu Claro,Dupla,Reta,Urbano,2010,2,0,0,0,2,0,0,2
722679,18/06/2010,Sexta,21:00:00,RN,101,84.2,SAO GONCALO DO AMARANTE,Não guardar distância de segurança,Colisão traseira,Sem Vítimas,Plena noite,Crescente,Ceu Claro,Dupla,Reta,Urbano,2010,5,0,0,0,5,0,0,5
722707,22/06/2010,Terça,11:20:00,RN,405,1.2,MOSSORO,Falta de atenção,Colisão Transversal,Com Vítimas Feridas,Pleno dia,Crescente,Ceu Claro,Dupla,Reta,Urbano,2010,2,0,2,0,0,0,2,2
722712,22/06/2010,Terça,13:55:00,RN,101,97.0,NATAL,Não guardar distância de segurança,Colisão traseira,Sem Vítimas,Pleno dia,Crescente,Ceu Claro,Múltipla,Reta,Urbano,2010,2,0,0,0,2,0,0,2
722838,22/06/2010,Terça,07:40:00,RN,304,295.9,MACAIBA,Outras,Colisão Transversal,Sem Vítimas,Pleno dia,Crescente,Sol,Simples,Cruzamento,Urbano,2010,2,0,0,0,2,0,0,2
722959,22/06/2010,Terça,12:10:00,RN,101,125.0,SAO JOSE DE MIPIBU,Não guardar distância de segurança,Queda de motocicleta / bicicleta / veículo,Sem Vítimas,Pleno dia,Crescente,Ceu Claro,Simples,Reta,Urbano,2010,1,0,0,0,1,0,0,1
722974,22/06/2010,Terça,20:30:00,RN,226,32.9,MACAIBA,Animais na Pista,Atropelamento de animal,Sem Vítimas,Plena noite,Decrescente,Ceu Claro,Simples,Curva,Rural,2010,1,0,0,0,1,0,0,1
723018,23/06/2010,Quarta,06:00:00,RN,304,284.0,MACAIBA,Ingestão de álcool,Colisão traseira,Sem Vítimas,Pleno dia,Crescente,Sol,Simples,Reta,Urbano,2010,2,0,0,0,2,0,0,2
723031,19/06/2010,Sábado,07:00:00,RN,101,95.8,NATAL,Falta de atenção,Colisão lateral,Sem Vítimas,Pleno dia,Decrescente,Ceu Claro,Múltipla,Reta,Urbano,2010,2,0,0,0,2,0,0,2
723084,19/06/2010,Sábado,08:50:00,RN,101,103.2,PARNAMIRIM,Falta de atenção,Colisão lateral,Sem Vítimas,Pleno dia,Crescente,Ceu Claro,Dupla,Reta,Urbano,2010,2,0,0,0,2,0,0,2
723085,20/06/2010,Domingo,18:30:00,RN,304,184.0,FERNANDO PEDROZA,Animais na Pista,Atropelamento de animal,Com Vítimas Feridas,Plena noite,Crescente,Ceu Claro,Simples,Reta,Rural,2010,2,0,0,1,1,0,1,1
723096,23/06/2010,Quarta,06:50:00,RN,304,35.3,MOSSORO,Desobediência à sinalização,Colisão traseira,Com Vítimas Feridas,Pleno dia,Decrescente,Sol,Simples,Cruzamento,Urbano,2010,2,0,1,0,1,0,1,2
723115,23/06/2010,Quarta,10:00:00,RN,304,293.8,MACAIBA,Velocidade incompatível,Colisão traseira,Com Vítimas Feridas,Pleno dia,Decrescente,Nublado,Simples,Reta,Urbano,2010,2,0,1,0,1,0,1,2
723187,16/06/2010,Quarta,22:20:00,RN,101,99.8,NATAL,Falta de atenção,Colisão traseira,Sem Vítimas,Plena noite,Crescente,Chuva,Dupla,Reta,Urbano,2010,3,0,0,0,3,0,0,3
723216,23/06/2010,Quarta,11:10:00,RN,405,0.1,MOSSORO,Desobediência à sinalização,Colisão Transversal,Com Vítimas Feridas,Pleno dia,Decrescente,Nublado,Simples,Cruzamento,Urbano,2010,2,0,1,0,1,0,1,2
723235,23/06/2010,Quarta,14:15:00,RN,101,96.3,NATAL,Falta de atenção,Colisão traseira,Sem Vítimas,Pleno dia,Decrescente,Ceu Claro,Dupla,Reta,Urbano,2010,2,0,0,0,2,0,0,2
723380,23/06/2010,Quarta,15:20:00,RN,226,2.8,NATAL,Desobediência à sinalização,Colisão Transversal,Com Vítimas Feridas,Pleno dia,Decrescente,Ceu Claro,Simples,Cruzamento,Urbano,2010,2,0,1,0,1,0,1,2
723471,23/06/2010,Quarta,18:25:00,RN,101,85.6,NATAL,Outras,Queda de motocicleta / bicicleta / veículo,Com Vítimas Feridas,Plena noite,Decrescente,Ceu Claro,Dupla,Reta,Urbano,2010,2,0,1,1,0,0,2,1
723473,23/06/2010,Quarta,22:30:00,RN,304,152.6,ANGICOS,Falta de atenção,Colisão com bicicleta,Com Vítimas Fatais,Plena noite,Crescente,Ceu Claro,Simples,Reta,Rural,2010,4,1,1,1,0,1,2,3
723556,21/06/2010,Segunda,06:15:00,RN,304,294.0,MACAIBA,Não guardar distância de segurança,Colisão traseira,Sem Vítimas,Pleno dia,Crescente,Ceu Claro,Simples,Reta,Rural,2010,3,0,0,0,3,0,0,3
723567,21/06/2010,Segunda,17:50:00,RN,101,96.6,NATAL,Falta de atenção,Colisão traseira,Sem Vítimas,Plena noite,Crescente,Ceu Claro,Dupla,Cruzamento,Urbano,2010,4,0,0,0,4,0,0,4
723631,24/06/2010,Quinta,10:23:00,RN,101,96.0,NATAL,Falta de atenção,Colisão traseira,Sem Vítimas,Pleno dia,Decrescente,Ceu Claro,Simples,Reta,Urbano,2010,2,0,0,0,2,0,0,2
723636,21/06/2010,Segunda,06:30:00,RN,304,292.1,MACAIBA,Falta de atenção,Colisão traseira,Com Vítimas Feridas,Pleno dia,Crescente,Ceu Claro,Simples,Reta,Urbano,2010,3,0,1,0,1,1,1,2
723643,20/06/2010,Domingo,17:40:00,RN,405,76.5,APODI,Outras,Colisão frontal,Com Vítimas Feridas,Anoitecer,Decrescente,Ceu Claro,Simples,Reta,Urbano,2010,3,0,1,1,0,1,2,2
723768,21/06/2010,Segunda,03:00:00,RN,304,165.0,FERNANDO PEDROZA,Animais na Pista,Atropelamento de animal,Sem Vítimas,Plena noite,Crescente,Vento,Simples,Reta,Rural,2010,1,0,0,0,1,0,0,1
723831,24/06/2010,Quinta,18:30:00,RN,406,166.2,SAO GONCALO DO AMARANTE,Falta de atenção,Colisão Transversal,Com Vítimas Feridas,Plena noite,Decrescente,Ceu Claro,Simples,Reta,Rural,2010,2,0,0,1,1,0,1,2
723853,24/06/2010,Quinta,10:00:00,RN,406,76.5,JOAO CAMARA,Ultrapassagem indevida,Colisão frontal,Com Vítimas Fatais,Pleno dia,Crescente,Ceu Claro,Simples,Reta,Rural,2010,4,1,0,1,2,0,1,3
723895,24/06/2010,Quinta,09:30:00,RN,304,296.0,MACAIBA,Falta de atenção,Colisão traseira,Com Vítimas Feridas,Pleno dia,Crescente,Ceu Claro,Simples,Reta,Urbano,2010,2,0,1,0,1,0,1,2