id,data_inversa,dia_semana,horario,uf,br,km,municipio,causa_acidente,tipo_acidente,classificacao_acidente,fase_dia,sentido_via,condicao_metereologica,tipo_pista,tracado_via,uso_solo,ano,pessoas,mortos,feridos_leves,feridos_graves,ilesos,ignorados,feridos,veiculos
724030,24/06/2010,Quinta,01:10:00,RN,226,12.5,MACAIBA,Falta de atenção,Colisão lateral,Sem Vítimas,Plena noite,Crescente,Ceu Claro,Simples,Reta,Urbano,2010,2,0,0,0,2,0,0,2
724117,25/06/2010,Sexta,11:30:00,RN,101,101.8,PARNAMIRIM,Falta de atenção,Colisão traseira,Sem Vítimas,Pleno dia,Crescente,Ceu Claro,Múltipla,Cruzamento,Urbano,2010,2,0,0,0,2,0,0,2
724122,25/06/2010,Sexta,13:00:00,RN,304,36.6,MOSSORO,Desobediência à sinalização,Colisão com bicicleta,Com Vítimas Feridas,Pleno dia,Decrescente,Ceu Claro,Simples,Reta,Urbano,2010,2,0,0,1,0,1,1,2
724182,25/06/2010,Sexta,14:30:00,RN,101,113.5,PARNAMIRIM,Outras,Colisão frontal,Sem Vítimas,Pleno dia,Crescente,Ceu Claro,Dupla,Reta,Rural,2010,2,0,0,0,2,0,0,2
724250,25/06/2010,Sexta,10:20:00,RN,101,95.8,NATAL,Falta de atenção,Colisão traseira,Sem Vítimas,Pleno dia,Crescente,Ceu Claro,Dupla,Reta,Urbano,2010,3,0,0,0,3,0,0,3
724355,25/06/2010,Sexta,18:10:00,RN,101,99.5,NATAL,Falta de atenção,Colisão traseira,Sem Vítimas,Plena noite,Decrescente,Ceu Claro,Múltipla,Reta,Urbano,2010,2,0,0,0,2,0,0,2
724379,25/06/2010,Sexta,16:15:00,RN,101,95.0,NATAL,Falta de atenção,Colisão lateral,Sem Vítimas,Pleno dia,Decrescente,Sol,Múltipla,Reta,Urbano,2010,2,0,0,0,2,0,0,2
724384,25/06/2010,Sexta,18:30:00,RN,226,41.6,MACAIBA,Animais na Pista,Atropelamento de animal,Sem Vítimas,Plena noite,Decrescente,Ceu Claro,Simples,Reta,Rural,2010,1,0,0,0,1,0,0,1
724408,25/06/2010,Sexta,17:00:00,RN,101,96.6,NATAL,Falta de atenção,Colisão com objeto fixo,Sem Vítimas,Pleno dia,Crescente,Ceu Claro,Múltipla,Curva,Urbano,2010,1,0,0,0,1,0,0,1
724412,25/06/2010,Sexta,17:00:00,RN,101,100.2,PARNAMIRIM,Não guardar distância de segurança,Colisão traseira,Com Vítimas Feridas,Pleno dia,Crescente,Ceu Claro,Múltipla,Reta,Urbano,2010,2,0,0,1,1,0,1,2
724423,25/06/2010,Sexta,16:30:00,RN,101,99.7,NATAL,Falta de atenção,Colisão Transversal,Com Vítimas Feridas,Pleno dia,Crescente,Ceu Claro,Dupla,Cruzamento,Urbano,2010,2,0,0,1,1,0,1,2
724497,25/06/2010,Sexta,20:30:00,RN,101,99.8,NATAL,Não guardar distância de segurança,Colisão traseira,Sem Vítimas,Plena noite,Crescente,Ceu Claro,Múltipla,Reta,Urbano,2010,2,0,0,0,2,0,0,2
724581,22/06/2010,Terça,19:10:00,RN,101,110.5,PARNAMIRIM,Outras,Colisão com objeto fixo,Com Vítimas Feridas,Plena noite,Decrescente,Ceu Claro,Dupla,Cruzamento,Rural,2010,1,0,0,1,0,0,1,1
724643,26/06/2010,Sábado,10:20:00,RN,226,70.1,SERRA CAIADA,Não guardar distância de segurança,Colisão traseira,Sem Vítimas,Pleno dia,Decrescente,Nublado,Simples,Reta,Urbano,2010,4,0,0,0,4,0,0,4
724749,26/06/2010,Sábado,06:50:00,RN,406,97.5,JOAO CAMARA,Dormindo,Capotamento,Com Vítimas Feridas,Pleno dia,Decrescente,Ceu Claro,Simples,Reta,Rural,2010,1,0,1,0,0,0,1,1
724758,18/06/2010,Sexta,15:20:00,RN,101,98.3,NATAL,Falta de atenção,Colisão traseira,Sem Vítimas,Pleno dia,Crescente,Sol,Múltipla,Reta,Urbano,2010,2,0,0,0,2,0,0,2
724844,26/06/2010,Sábado,18:10:00,RN,101,96.0,NATAL,Falta de atenção,Colisão traseira,Sem Vítimas,Plena noite,Crescente,Ceu Claro,Múltipla,Cruzamento,Urbano,2010,2,0,0,0,2,0,0,2
724913,26/06/2010,Sábado,23:50:00,RN,110,48.2,MOSSORO,Falta de atenção,Queda de motocicleta / bicicleta / veículo,Com Vítimas Feridas,Plena noite,Decrescente,Ceu Claro,Múltipla,Curva,Urbano,2010,1,0,1,0,0,0,1,1
724976,24/06/2010,Quinta,11:18:00,RN,110,44.9,MOSSORO,Falta de atenção,Colisão lateral,Com Vítimas Feridas,Pleno dia,Crescente,Sol,Simples,Reta,Urbano,2010,2,0,1,0,1,0,1,2
724984,27/06/2010,Domingo,08:00:00,RN,406,160.0,SAO GONCALO DO AMARANTE,Outras,Queda de motocicleta / bicicleta / veículo,Com Vítimas Feridas,Pleno dia,Decrescente,Ceu Claro,Simples,Curva,Rural,2010,2,0,1,0,1,0,1,1
725221,25/06/2010,Sexta,10:30:00,RN,101,123.0,SAO JOSE DE MIPIBU,Falta de atenção,Colisão Transversal,Com Vítimas Fatais,Pleno dia,Crescente,Sol,Dupla,Reta,Rural,2010,3,1,0,1,1,0,1,2
725265,27/06/2010,Domingo,19:40:00,RN,101,101.8,PARNAMIRIM,Outras,Atropelamento de pessoa,Com Vítimas Feridas,Plena noite,Crescente,Ceu Claro,Dupla,Reta,Urbano,2010,2,0,1,0,0,1,1,1
725340,27/06/2010,Domingo,12:05:00,RN,405,132.1,SAO FRANCISCO DO OESTE,Dormindo,Capotamento,Com Vítimas Fatais,Pleno dia,Decrescente,Sol,Simples,Reta,Rural,2010,3,1,2,0,0,0,2,1
725345,24/06/2010,Quinta,22:00:00,RN,101,82.7,SAO GONCALO DO AMARANTE,Animais na Pista,Atropelamento de animal,Com Vítimas Feridas,Plena noite,Crescente,Ceu Claro,Dupla,Reta,Urbano,2010,2,0,2,0,0,0,2,1
725355,24/06/2010,Quinta,17:50:00,RN,101,85.0,SAO GONCALO DO AMARANTE,Animais na Pista,Atropelamento de animal,Sem Vítimas,Plena noite,Crescente,Ceu Claro,Dupla,Reta,Urbano,2010,1,0,0,0,1,0,0,1
725380,16/06/2010,Quarta,13:45:00,RN,101,80.0,NATAL,Outras,Colisão frontal,Com Vítimas Feridas,Pleno dia,Decrescente,Ceu Claro,Dupla,Reta,Urbano,2010,2,0,1,0,1,0,1,2
725397,25/06/2010,Sexta,16:00:00,RN,226,172.5,CURRAIS NOVOS,Outras,Capotamento,Com Vítimas Feridas,Pleno dia,Crescente,Ceu Claro,Simples,Reta,Rural,2010,5,0,3,2,0,0,5,1
725426,25/06/2010,Sexta,18:15:00,RN,101,97.5,NATAL,Falta de atenção,Colisão traseira,Sem Vítimas,Plena noite,Decrescente,Ceu Claro,Dupla,Reta,Urbano,2010,3,0,0,0,3,0,0,3
725432,01/01/2010,Sexta,13:30:00,RN,101,80.0,NATAL,Falta de atenção,Colisão lateral,Com Vítimas Feridas,Pleno dia,Decrescente,Ceu Claro,Dupla,Cruzamento,Urbano,2010,3,0,1,1,1,0,2,2
725713,28/06/2010,Segunda,13:50:00,RN,304,252.2,SANTA MARIA,Não guardar distância de segurança,Colisão lateral,Com Vítimas Fatais,Pleno dia,Crescente,Ceu Claro,Simples,Reta,Rural,2010,5,1,2,1,1,0,3,2
725747,18/06/2010,Sexta,18:40:00,RN,304,233.8,RIACHUELO,Não guardar distância de segurança,Colisão traseira,Sem Vítimas,Plena noite,Decrescente,Nublado,Simples,Reta,Rural,2010,3,0,0,0,3,0,0,3
725909,05/04/2010,Segunda,15:00:00,RN,304,213.0,LAJES,Defeito mecânico em veículo,Colisão traseira,Com Vítimas Fatais,Pleno dia,Crescente,Ceu Claro,Simples,Reta,Rural,2010,7,1,1,3,2,0,4,3
725919,23/04/2010,Sexta,22:20:00,RN,304,61.8,MOSSORO,Animais na Pista,Capotamento,Com Vítimas Fatais,Plena noite,Crescente,Ceu Claro,Simples,Reta,Rural,2010,3,1,1,1,0,0,2,1
726083,29/06/2010,Terça,16:00:00,RN,304,34.0,MOSSORO,Falta de atenção,Colisão traseira,Sem Vítimas,Pleno dia,Crescente,Nublado,Simples,Cruzamento,Urbano,2010,2,0,0,0,2,0,0,2
726093,29/06/2010,Terça,10:50:00,RN,304,242.1,RIACHUELO,Falta de atenção,Colisão Transversal,Com Vítimas Feridas,Pleno dia,Crescente,Ceu Claro,Dupla,Reta,Urbano,2010,2,0,0,1,1,0,1,2
726218,24/06/2010,Quinta,04:45:00,RN,226,241.6,JUCURUTU,Ingestão de álcool,Colisão frontal,Com Vítimas Fatais,Amanhecer,Crescente,Ceu Claro,Simples,Reta,Rural,2010,2,2,0,0,0,0,0,2
726248,10/06/2010,Quinta,17:50:00,RN,101,96.6,NATAL,Falta de atenção,Colisão traseira,Sem Vítimas,Anoitecer,Crescente,Ceu Claro,Dupla,Curva,Urbano,2010,2,0,0,0,2,0,0,2
726271,25/06/2010,Sexta,07:00:00,RN,101,96.6,NATAL,Outras,Colisão lateral,Sem Vítimas,Pleno dia,Decrescente,Ceu Claro,Múltipla,Cruzamento,Urbano,2010,2,0,0,0,2,0,0,2
726277,25/06/2010,Sexta,18:00:00,RN,101,123.5,SAO JOSE DE MIPIBU,Ingestão de álcool,Colisão lateral,Sem Vítimas,Plena noite,Crescente,Ceu Claro,Dupla,Curva,Rural,2010,2,0,0,0,2,0,0,2
726334,22/06/2010,Terça,05:45:00,RN,226,229.0,FLORANIA,Outras,Saída de Pista,Sem Vítimas,Pleno dia,Crescente,Ceu Claro,Simples,Curva,Rural,2010,1,0,0,0,1,0,0,1
726367,25/06/2010,Sexta,17:50:00,RN,101,97.4,NATAL,Ingestão de álcool,Colisão lateral,Sem Vítimas,Plena noite,Decrescente,Ceu Claro,Dupla,Reta,Urbano,2010,2,0,0,0,2,0,0,2
726392,25/06/2010,Sexta,21:00:00,RN,101,139.0,ARES,Outras,Tombamento,Sem Vítimas,Plena noite,Decrescente,Ceu Claro,Simples,Reta,Rural,2010,1,0,0,0,1,0,0,1
726405,29/06/2010,Terça,09:30:00,RN,101,101.8,PARNAMIRIM,Outras,Colisão traseira,Sem Vítimas,Pleno dia,Crescente,Ceu Claro,Dupla,Cruzamento,Urbano,2010,2,0,0,0,1,1,0,2
726412,29/06/2010,Terça,22:15:00,RN,101,96.3,NATAL,Outras,Colisão lateral,Sem Vítimas,Anoitecer,Decrescente,Ceu Claro,Dupla,Curva,Urbano,2010,2,0,0,0,2,0,0,2
726420,10/06/2010,Quinta,20:00:00,RN,101,95.8,NATAL,Falta de atenção,Colisão lateral,Sem Vítimas,Plena noite,Crescente,Ceu Claro,Múltipla,Reta,Urbano,2010,2,0,0,0,2,0,0,2
726450,24/06/2010,Quinta,10:00:00,RN,304,240.9,RIACHUELO,Ultrapassagem indevida,Colisão lateral,Sem Vítimas,Pleno dia,Decrescente,Ceu Claro,Simples,Reta,Rural,2010,2,0,0,0,2,0,0,2
726458,30/06/2010,Quarta,10:40:00,RN,110,49.9,MOSSORO,Falta de atenção,Colisão traseira,Com Vítimas Feridas,Pleno dia,Decrescente,Sol,Dupla,Reta,Urbano,2010,2,0,1,0,1,0,1,2
726488,30/06/2010,Quarta,11:20:00,RN,101,99.9,NATAL,Falta de atenção,Colisão traseira,Sem Vítimas,Pleno dia,Crescente,Sol,Dupla,Cruzamento,Urbano,2010,2,0,0,0,2,0,0,2
726504,03/05/2010,Segunda,03:55:00,RN,304,85.1,ASSU,Animais na Pista,Atropelamento de animal,Sem Vítimas,Plena noite,Decrescente,Nublado,Simples,Reta,Rural,2010,1,0,0,0,1,0,0,1
726506,30/06/2010,Quarta,08:45:00,RN,304,37.5,MOSSORO,Falta de atenção,Colisão Transversal,Com Vítimas Feridas,Pleno dia,Crescente,Sol,Simples,Cruzamento,Urbano,2010,2,0,1,0,1,0,1,2
726520,28/06/2010,Segunda,14:35:00,RN,101,100.0,NATAL,Outras,Colisão lateral,Com Vítimas Feridas,Pleno dia,Decrescente,Ceu Claro,Dupla,Reta,Urbano,2010,2,0,1,0,1,0,1,2
726540,22/06/2010,Terça,14:40:00,RN,226,2.8,NATAL,Dormindo,Colisão frontal,Sem Vítimas,Pleno dia,Decrescente,Sol,Dupla,Reta,Urbano,2010,3,0,0,0,3,0,0,3
726591,30/06/2010,Quarta,16:20:00,RN,304,43.1,MOSSORO,Desobediência à sinalização,Colisão Transversal,Sem Vítimas,Pleno dia,Crescente,Ceu Claro,Dupla,Cruzamento,Rural,2010,2,0,0,0,2,0,0,2
726603,30/06/2010,Quarta,13:00:00,RN,406,124.4,TAIPU,Outras,Colisão frontal,Com Vítimas Fatais,Pleno dia,Decrescente,Ceu Claro,Simples,Reta,Rural,2010,2,1,1,0,0,0,1,2
726701,30/06/2010,Quarta,19:00:00,RN,101,97.0,NATAL,Falta de atenção,Colisão traseira,Sem Vítimas,Plena noite,Crescente,Ceu Claro,Múltipla,Cruzamento,Urbano,2010,2,0,0,0,2,0,0,2
726764,26/06/2010,Sábado,12:30:00,RN,101,99.0,NATAL,Falta de atenção,Colisão traseira,Com Vítimas Feridas,Pleno dia,Crescente,Sol,Múltipla,Reta,Urbano,2010,4,0,1,0,3,0,1,4
726785,30/06/2010,Quarta,19:05:00,RN,101,95.3,NATAL,Outras,Colisão Transversal,Sem Vítimas,Plena noite,Crescente,Nublado,Dupla,Cruzamento,Urbano,2010,2,0,0,0,2,0,0,2
726871,01/07/2010,Quinta,07:10:00,RN,304,289.9,MACAIBA,Não guardar distância de segurança,Colisão traseira,Sem Vítimas,Pleno dia,Crescente,Sol,Simples,Reta,Rural,2010,2,0,0,0,2,0,0,2
726899,29/06/2010,Terça,11:20:00,RN,101,95.6,NATAL,Defeito na via,Colisão Transversal,Sem Vítimas,Pleno dia,Crescente,Sol,Dupla,Cruzamento,Urbano,2010,2,0,0,0,1,1,0,2
726914,29/06/2010,Terça,17:30:00,RN,101,99.7,NATAL,Falta de atenção,Colisão traseira,Sem Vítimas,Plena noite,Decrescente,Ceu Claro,Dupla,Reta,Urbano,2010,2,0,0,0,2,0,0,2
726960,01/07/2010,Quinta,10:10:00,RN,304,60.0,MOSSORO,Falta de atenção,Colisão lateral,Sem Vítimas,Pleno dia,Crescente,Ceu Claro,Simples,Reta,Rural,2010,2,0,0,0,2,0,0,2
727012,01/07/2010,Quinta,10:40:00,RN,101,99.9,NATAL,Não guardar distância de segurança,Colisão traseira,Sem Vítimas,Pleno dia,Crescente,Nublado,Dupla,Cruzamento,Urbano,2010,2,0,0,0,2,0,0,2
727058,01/07/2010,Quinta,15:25:00,RN,101,108.7,PARNAMIRIM,Falta de atenção,Colisão lateral,Sem Vítimas,Pleno dia,Crescente,Nublado,Dupla,Reta,Urbano,2010,2,0,0,0,2,0,0,2
727062,01/07/2010,Quinta,15:50:00,RN,427,40.4,ACARI,Outras,Capotamento,Com Vítimas Feridas,Pleno dia,Decrescente,Ceu Claro,Simples,Reta,Rural,2010,1,0,0,1,0,0,1,1
727115,27/06/2010,Domingo,10:45:00,RN,101,94.8,NATAL,Outras,Colisão lateral,Sem Vítimas,Pleno dia,Decrescente,Ceu Claro,Múltipla,Curva,Urbano,2010,2,0,0,0,2,0,0,2
727169,18/05/2010,Terça,18:30:00,RN,101,99.7,NATAL,Falta de atenção,Colisão traseira,Sem Vítimas,Plena noite,Crescente,Ceu Claro,Dupla,Cruzamento,Urbano,2010,2,0,0,0,2,0,0,2
727288,01/07/2010,Quinta,12:45:00,RN,101,82.9,NATAL,Falta de atenção,Colisão lateral,Sem Vítimas,Pleno dia,Decrescente,Nublado,Dupla,Cruzamento,Urbano,2010,3,0,0,0,2,1,0,2
727349,02/07/2010,Sexta,07:10:00,RN,101,85.4,SAO GONCALO DO AMARANTE,Falta de atenção,Colisão traseira,Sem Vítimas,Pleno dia,Crescente,Ceu Claro,Dupla,Reta,Urbano,2010,2,0,0,0,2,0,0,2
727381,01/05/2010,Sábado,09:10:00,RN,304,32.8,MOSSORO,Outras,Colisão lateral,Com Vítimas Feridas,Pleno dia,Decrescente,Sol,Simples,Reta,Urbano,2010,2,0,0,1,0,1,1,2
727427,02/07/2010,Sexta,10:30:00,RN,406,169.9,SAO GONCALO DO AMARANTE,Outras,Danos Eventuais,Sem Vítimas,Pleno dia,Crescente,Ceu Claro,Simples,Reta,Urbano,2010,2,0,0,0,2,0,0,2
727517,02/07/2010,Sexta,08:00:00,RN,101,99.0,NATAL,Falta de atenção,Colisão traseira,Com Vítimas Feridas,Pleno dia,Decrescente,Nublado,Dupla,Reta,Urbano,2010,2,0,1,0,0,1,1,2
727631,26/06/2010,Sábado,13:20:00,RN,226,111.9,SANTA CRUZ,Falta de atenção,Colisão Transversal,Com Vítimas Feridas,Pleno dia,Crescente,Ceu Claro,Simples,Reta,Urbano,2010,2,0,1,0,1,0,1,2
727667,02/07/2010,Sexta,19:55:00,RN,110,47.0,MOSSORO,Outras,Atropelamento de pessoa,Com Vítimas Feridas,Plena noite,Decrescente,Ceu Claro,Simples,Reta,Urbano,2010,2,0,2,0,0,0,2,1
727699,02/07/2010,Sexta,07:40:00,RN,304,306.9,PARNAMIRIM,Falta de atenção,Colisão lateral,Com Vítimas Feridas,Pleno dia,Crescente,Ceu Claro,Dupla,Reta,Urbano,2010,3,0,1,0,2,0,1,2
727760,02/07/2010,Sexta,11:30:00,RN,101,97.5,NATAL,Falta de atenção,Colisão lateral,Sem Vítimas,Pleno dia,Decrescente,Ceu Claro,Dupla,Reta,Urbano,2010,2,0,0,0,2,0,0,2
727762,03/07/2010,Sábado,00:40:00,RN,101,98.0,NATAL,Falta de atenção,Colisão traseira,Sem Vítimas,Plena noite,Decrescente,Chuva,Dupla,Cruzamento,Urbano,2010,2,0,0,0,2,0,0,2
727825,02/07/2010,Sexta,18:30:00,RN,304,220.0,CAICARA DO RIO DO VENTO,Animais na Pista,Atropelamento de animal,Sem Vítimas,Plena noite,Crescente,Vento,Simples,Reta,Rural,2010,1,0,0,0,1,0,0,1
727830,24/06/2010,Quinta,16:15:00,RN,101,102.0,NATAL,Falta de atenção,Colisão traseira,Sem Vítimas,Pleno dia,Decrescente,Ceu Claro,Dupla,Reta,Urbano,2010,2,0,0,0,2,0,0,2
727871,03/07/2010,Sábado,08:30:00,RN,101,97.4,NATAL,Outras,Colisão traseira,Com Vítimas Feridas,Pleno dia,Crescente,Ceu Claro,Dupla,Reta,Urbano,2010,2,0,1,0,1,0,1,2
727885,03/07/2010,Sábado,09:30:00,RN,101,97.8,NATAL,Outras,Colisão lateral,Sem Vítimas,Pleno dia,Decrescente,Nublado,Dupla,Cruzamento,Urbano,2010,2,0,0,0,2,0,0,2
727921,29/06/2010,Terça,17:50:00,RN,427,97.8,CAICO,Outras,Colisão traseira,Com Vítimas Feridas,Anoitecer,Crescente,Ceu Claro,Simples,Reta,Urbano,2010,2,0,1,0,0,1,1,2
728100,03/07/2010,Sábado,15:05:00,RN,101,100.8,PARNAMIRIM,Outras,Colisão traseira,Sem Vítimas,Pleno dia,Decrescente,Nublado,Dupla,Reta,Urbano,2010,2,0,0,0,2,0,0,2
728108,03/07/2010,Sábado,17:40:00,RN,101,97.9,NATAL,Falta de atenção,Colisão lateral,Com Vítimas Feridas,Anoitecer,Decrescente,Ceu Claro,Dupla,Reta,Urbano,2010,2,0,1,0,1,0,1,2
728215,04/07/2010,Domingo,04:00:00,RN,304,114.9,ASSU,Animais na Pista,Atropelamento de animal,Sem Vítimas,Plena noite,Crescente,Ceu Claro,Simples,Reta,Rural,2010,3,0,0,0,3,0,0,1
728261,26/06/2010,Sábado,11:15:00,RN,101,94.0,NATAL,Falta de atenção,Colisão traseira,Sem Vítimas,Pleno dia,Decrescente,Ceu Claro,Dupla,Reta,Urbano,2010,2,0,0,0,2,0,0,2
728273,02/07/2010,Sexta,08:30:00,RN,101,101.8,PARNAMIRIM,Falta de atenção,Colisão lateral,Sem Vítimas,Pleno dia,Crescente,Nublado,Dupla,Reta,Urbano,2010,2,0,0,0,2,0,0,2
728282,14/06/2010,Segunda,09:50:00,RN,101,103.9,PARNAMIRIM,Falta de atenção,Colisão traseira,Sem Vítimas,Pleno dia,Crescente,Ceu Claro,Dupla,Reta,Urbano,2010,5,0,0,0,4,1,0,5
728368,01/07/2010,Quinta,16:50:00,RN,110,46.0,MOSSORO,Não guardar distância de segurança,Colisão traseira,Sem Vítimas,Anoitecer,Decrescente,Ceu Claro,Simples,Reta,Urbano,2010,2,0,0,0,2,0,0,2
728405,02/07/2010,Sexta,04:45:00,RN,304,119.4,ITAJA,Outras,Colisão lateral,Sem Vítimas,Plena noite,Decrescente,Ceu Claro,Simples,Reta,Urbano,2010,2,0,0,0,1,1,0,2
728481,30/06/2010,Quarta,23:30:00,RN,406,168.0,SAO GONCALO DO AMARANTE,Outras,Colisão com objeto fixo,Com Vítimas Feridas,Plena noite,Decrescente,Vento,Simples,Reta,Rural,2010,1,0,0,1,0,0,1,1
728483,04/07/2010,Domingo,19:00:00,RN,101,77.3,NATAL,Outras,Colisão com objeto fixo,Com Vítimas Feridas,Plena noite,Decrescente,Ceu Claro,Dupla,Reta,Rural,2010,1,0,0,1,0,0,1,1
728527,04/07/2010,Domingo,19:20:00,RN,304,41.0,MOSSORO,Falta de atenção,Colisão com bicicleta,Com Vítimas Fatais,Plena noite,Crescente,Ceu Claro,Simples,Reta,Rural,2010,2,1,0,0,0,1,0,2
728578,02/07/2010,Sexta,18:00:00,RN,101,85.4,SAO GONCALO DO AMARANTE,Falta de atenção,Colisão traseira,Sem Vítimas,Plena noite,Crescente,Chuva,Dupla,Curva,Urbano,2010,2,0,0,0,2,0,0,2
728603,27/06/2010,Domingo,03:00:00,RN,405,48.1,FELIPE GUERRA,Animais na Pista,Capotamento,Com Vítimas Feridas,Plena noite,Decrescente,Ceu Claro,Simples,Reta,Rural,2010,1,0,1,0,0,0,1,1
728625,02/07/2010,Sexta,14:20:00,RN,101,101.9,PARNAMIRIM,Não guardar distância de segurança,Colisão traseira,Sem Vítimas,Pleno dia,Crescente,Chuva,Dupla,Reta,Urbano,2010,2,0,0,0,2,0,0,2
728660,03/07/2010,Sábado,05:40:00,RN,304,287.0,MACAIBA,Falta de atenção,Colisão lateral,Sem Vítimas,Pleno dia,Crescente,Ceu Claro,Simples,Cruzamento,Rural,2010,2,0,0,0,2,0,0,2
728689,03/07/2010,Sábado,22:10:00,RN,101,116.0,SAO JOSE DE MIPIBU,Falta de atenção,Queda de motocicleta / bicicleta / veículo,Com Vítimas Feridas,Plena noite,Decrescente,Ceu Claro,Dupla,Cruzamento,Urbano,2010,2,0,2,0,0,0,2,1
728702,22/05/2010,Sábado,11:30:00,RN,101,149.7,GOIANINHA,Outras,Colisão lateral,Sem Vítimas,Pleno dia,Crescente,Sol,Simples,Reta,Urbano,2010,2,0,0,0,2,0,0,2
728879,05/07/2010,Segunda,14:50:00,RN,101,95.4,NATAL,Falta de atenção,Colisão traseira,Sem Vítimas,Pleno dia,Crescente,Ceu Claro,Múltipla,Curva,Urbano,2010,2,0,0,0,2,0,0,2
728902,05/07/2010,Segunda,17:15:00,RN,101,84.8,NATAL,Outras,Tombamento,Com Vítimas Feridas,Pleno dia,Decrescente,Ceu Claro,Dupla,Reta,Urbano,2010,1,0,0,1,0,0,1,1
729011,05/07/2010,Segunda,13:30:00,RN,101,156.0,CEARA-MIRIM,Outras,Tombamento,Com Vítimas Feridas,Pleno dia,Crescente,Ceu Claro,Simples,Reta,Rural,2010,2,0,1,0,1,0,1,1
729012,05/07/2010,Segunda,09:40:00,RN,101,85.6,NATAL,Falta de atenção,Colisão traseira,Sem Vítimas,Pleno dia,Crescente,Sol,Dupla,Reta,Urbano,2010,3,0,0,0,2,1,0,3
729149,02/07/2010,Sexta,16:40:00,RN,101,99.6,NATAL,Falta de atenção,Colisão traseira,Sem Vítimas,Anoitecer,Crescente,Chuva,Dupla,Reta,Urbano,2010,3,0,0,0,3,0,0,3
729160,28/06/2010,Segunda,18:10:00,RN,101,84.3,SAO GONCALO DO AMARANTE,Falta de atenção,Colisão traseira,Sem Vítimas,Plena noite,Crescente,Ceu Claro,Dupla,Reta,Urbano,2010,2,0,0,0,2,0,0,2
729162,02/07/2010,Sexta,21:00:00,RN,406,168.5,SAO GONCALO DO AMARANTE,Animais na Pista,Atropelamento de animal,Sem Vítimas,Plena noite,Crescente,Chuva,Simples,Reta,Urbano,2010,1,0,0,0,1,0,0,1
729166,04/07/2010,Domingo,22:15:00,RN,226,167.1,CURRAIS NOVOS,Falta de atenção,Capotamento,Com Vítimas Feridas,Plena noite,Decrescente,Ceu Claro,Simples,Curva,Rural,2010,1,0,1,0,0,0,1,1
729175,03/07/2010,Sábado,23:30:00,RN,101,97.9,NATAL,Falta de atenção,Colisão traseira,Sem Vítimas,Plena noite,Decrescente,Ceu Claro,Dupla,Cruzamento,Urbano,2010,2,0,0,0,1,1,0,2
729187,04/07/2010,Domingo,18:45:00,RN,101,78.6,NATAL,Outras,Colisão traseira,Sem Vítimas,Plena noite,Crescente,Ceu Claro,Dupla,Reta,Urbano,2010,2,0,0,0,2,0,0,2
729217,04/07/2010,Domingo,23:00:00,RN,406,158.8,CEARA-MIRIM,Outras,Atropelamento de pessoa,Com Vítimas Fatais,Plena noite,Decrescente,Ceu Claro,Simples,Reta,Urbano,2010,2,1,0,0,0,1,0,1
729226,04/07/2010,Domingo,21:30:00,RN,304,36.1,MOSSORO,Falta de atenção,Queda de motocicleta / bicicleta / veículo,Com Vítimas Feridas,Plena noite,Crescente,Ceu Claro,Simples,Reta,Urbano,2010,1,0,1,0,0,0,1,1
729262,24/06/2010,Quinta,06:20:00,RN,406,122.0,POCO BRANCO,Outras,Colisão com bicicleta,Com Vítimas Fatais,Pleno dia,Decrescente,Ceu Claro,Simples,Reta,Rural,2010,2,1,0,0,0,1,0,2
729299,02/07/2010,Sexta,20:40:00,RN,101,99.9,NATAL,Outras,Colisão traseira,Com Vítimas Feridas,Plena noite,Crescente,Chuva,Dupla,Reta,Urbano,2010,3,0,1,0,2,0,1,2
729316,03/07/2010,Sábado,11:10:00,RN,304,45.9,MOSSORO,Outras,Colisão Transversal,Com Vítimas Feridas,Pleno dia,Crescente,Sol,Simples,Reta,Urbano,2010,2,0,1,0,1,0,1,2
729340,01/07/2010,Quinta,18:30:00,RN,304,29.7,MOSSORO,Outras,Colisão traseira,Com Vítimas Feridas,Plena noite,Crescente,Ceu Claro,Simples,Reta,Rural,2010,2,0,2,0,0,0,2,2
729397,28/06/2010,Segunda,14:15:00,RN,101,85.5,NATAL,Outras,Colisão traseira,Sem Vítimas,Pleno dia,Decrescente,Ceu Claro,Dupla,Reta,Urbano,2010,2,0,0,0,2,0,0,2
729423,06/07/2010,Terça,08:15:00,RN,101,81.9,SAO GONCALO DO AMARANTE,Não guardar distância de segurança,Colisão traseira,Sem Vítimas,Pleno dia,Crescente,Ceu Claro,Dupla,Reta,Urbano,2010,2,0,0,0,2,0,0,2