id,data_inversa,dia_semana,horario,uf,br,km,municipio,causa_acidente,tipo_acidente,classificacao_acidente,fase_dia,sentido_via,condicao_metereologica,tipo_pista,tracado_via,uso_solo,ano,pessoas,mortos,feridos_leves,feridos_graves,ilesos,ignorados,feridos,veiculos
729433,06/07/2010,Terça,11:05:00,RN,101,96.4,NATAL,Outras,Colisão Transversal,Com Vítimas Feridas,Pleno dia,Decrescente,Ceu Claro,Múltipla,Curva,Urbano,2010,3,0,3,0,0,0,3,2
729504,06/07/2010,Terça,09:30:00,RN,427,23.9,ACARI,Dormindo,Colisão com objeto fixo,Com Vítimas Fatais,Pleno dia,Decrescente,Ceu Claro,Simples,Reta,Rural,2010,2,1,0,0,1,0,0,2
729507,06/07/2010,Terça,12:00:00,RN,101,95.3,NATAL,Outras,Colisão traseira,Sem Vítimas,Pleno dia,Decrescente,Ceu Claro,Dupla,Reta,Urbano,2010,2,0,0,0,2,0,0,2
729556,06/07/2010,Terça,21:50:00,RN,304,48.4,MOSSORO,Outras,Queda de motocicleta / bicicleta / veículo,Com Vítimas Feridas,Plena noite,Decrescente,Ceu Claro,Simples,Reta,Urbano,2010,2,0,2,0,0,0,2,1
729581,06/07/2010,Terça,19:30:00,RN,110,47.3,MOSSORO,Falta de atenção,Colisão traseira,Sem Vítimas,Plena noite,Decrescente,Ceu Claro,Simples,Reta,Urbano,2010,4,0,0,0,3,1,0,4
729754,07/07/2010,Quarta,12:30:00,RN,101,106.2,PARNAMIRIM,Defeito mecânico em veículo,Colisão traseira,Sem Vítimas,Pleno dia,Decrescente,Chuva,Múltipla,Cruzamento,Urbano,2010,2,0,0,0,2,0,0,2
729821,07/07/2010,Quarta,10:36:00,RN,101,107.0,PARNAMIRIM,Falta de atenção,Colisão traseira,Sem Vítimas,Pleno dia,Crescente,Chuva,Dupla,Cruzamento,Urbano,2010,3,0,0,0,3,0,0,3
729840,03/07/2010,Sábado,14:30:00,RN,101,122.0,SAO JOSE DE MIPIBU,Defeito mecânico em veículo,Colisão com objeto móvel,Sem Vítimas,Pleno dia,Decrescente,Nublado,Simples,Reta,Urbano,2010,2,0,0,0,2,0,0,2
730049,07/07/2010,Quarta,20:30:00,RN,101,76.9,NATAL,Outras,Colisão Transversal,Com Vítimas Fatais,Plena noite,Decrescente,Ignorada,Dupla,Curva,Rural,2010,2,1,0,0,1,0,0,2
730074,07/07/2010,Quarta,20:30:00,RN,304,127.1,ASSU,Outras,Atropelamento de pessoa,Com Vítimas Fatais,Plena noite,Crescente,Ceu Claro,Simples,Reta,Rural,2010,3,1,0,0,1,1,0,2
730177,11/06/2010,Sexta,23:50:00,RN,304,200.7,LAJES,Animais na Pista,Colisão frontal,Sem Vítimas,Plena noite,Crescente,Nublado,Simples,Reta,Rural,2010,3,0,0,0,3,0,0,3
730241,08/07/2010,Quinta,08:00:00,RN,304,38.0,MOSSORO,Falta de atenção,Colisão traseira,Sem Vítimas,Pleno dia,Crescente,Sol,Simples,Reta,Urbano,2010,2,0,0,0,2,0,0,2
730275,08/07/2010,Quinta,09:20:00,RN,101,84.2,SAO GONCALO DO AMARANTE,Falta de atenção,Atropelamento de pessoa,Com Vítimas Feridas,Pleno dia,Crescente,Ceu Claro,Dupla,Reta,Urbano,2010,2,0,0,1,1,0,1,1
730280,08/07/2010,Quinta,11:30:00,RN,226,6.4,NATAL,Outras,Tombamento,Com Vítimas Feridas,Pleno dia,Crescente,Sol,Simples,Curva,Rural,2010,2,0,2,0,0,0,2,1
730342,08/07/2010,Quinta,15:18:00,RN,110,49.1,MOSSORO,Desobediência à sinalização,Colisão Transversal,Sem Vítimas,Pleno dia,Decrescente,Sol,Múltipla,Cruzamento,Urbano,2010,2,0,0,0,2,0,0,2
730490,08/07/2010,Quinta,15:00:00,RN,304,302.3,MACAIBA,Ultrapassagem indevida,Colisão lateral,Sem Vítimas,Pleno dia,Decrescente,Sol,Dupla,Reta,Rural,2010,2,0,0,0,2,0,0,2
730611,03/07/2010,Sábado,23:30:00,RN,101,85.5,SAO GONCALO DO AMARANTE,Outras,Colisão lateral,Sem Vítimas,Plena noite,Crescente,Ceu Claro,Dupla,Reta,Urbano,2010,4,0,0,0,4,0,0,4
730668,09/07/2010,Sexta,07:00:00,RN,406,98.0,JOAO CAMARA,Outras,Colisão Transversal,Sem Vítimas,Pleno dia,Crescente,Ceu Claro,Simples,Reta,Urbano,2010,2,0,0,0,2,0,0,2
730711,05/07/2010,Segunda,09:15:00,RN,101,102.6,PARNAMIRIM,Outras,Colisão lateral,Sem Vítimas,Pleno dia,Crescente,Ceu Claro,Dupla,Reta,Urbano,2010,2,0,0,0,1,1,0,2
730740,09/07/2010,Sexta,07:15:00,RN,304,105.2,ASSU,Não guardar distância de segurança,Colisão traseira,Sem Vítimas,Pleno dia,Crescente,Sol,Simples,Reta,Rural,2010,2,0,0,0,2,0,0,2
730744,09/07/2010,Sexta,12:20:00,RN,101,107.4,PARNAMIRIM,Falta de atenção,Colisão traseira,Sem Vítimas,Pleno dia,Decrescente,Nublado,Dupla,Reta,Urbano,2010,2,0,0,0,1,1,0,2
730766,08/07/2010,Quinta,15:00:00,RN,304,34.1,MOSSORO,Desobediência à sinalização,Colisão Transversal,Sem Vítimas,Pleno dia,Decrescente,Nublado,Simples,Reta,Urbano,2010,2,0,0,0,2,0,0,2
730824,09/07/2010,Sexta,15:30:00,RN,101,85.2,SAO GONCALO DO AMARANTE,Outras,Colisão traseira,Com Vítimas Feridas,Pleno dia,Crescente,Chuva,Dupla,Reta,Urbano,2010,2,0,1,0,1,0,1,2
730838,05/07/2010,Segunda,15:20:00,RN,304,195.2,LAJES,Outras,Colisão frontal,Com Vítimas Fatais,Pleno dia,Decrescente,Sol,Simples,Curva,Rural,2010,2,1,0,0,1,0,0,2
730859,05/07/2010,Segunda,16:00:00,RN,101,100.0,PARNAMIRIM,Não guardar distância de segurança,Colisão traseira,Sem Vítimas,Pleno dia,Decrescente,Ceu Claro,Dupla,Cruzamento,Urbano,2010,2,0,0,0,2,0,0,2
731006,24/04/2010,Sábado,16:00:00,RN,226,7.6,MACAIBA,Falta de atenção,Atropelamento de pessoa,Com Vítimas Fatais,Pleno dia,Crescente,Ceu Claro,Simples,Reta,Urbano,2010,2,1,0,0,0,1,0,1
731008,06/05/2010,Quinta,09:55:00,RN,101,101.3,PARNAMIRIM,Falta de atenção,Colisão traseira,Sem Vítimas,Pleno dia,Crescente,Ceu Claro,Dupla,Reta,Urbano,2010,2,0,0,0,2,0,0,2
731017,09/07/2010,Sexta,21:40:00,RN,101,96.3,NATAL,Velocidade incompatível,Colisão Transversal,Sem Vítimas,Plena noite,Crescente,Chuva,Simples,Reta,Urbano,2010,2,0,0,0,2,0,0,2
731076,09/07/2010,Sexta,18:00:00,RN,406,98.7,JOAO CAMARA,Falta de atenção,Colisão Transversal,Com Vítimas Feridas,Plena noite,Decrescente,Nublado,Simples,Reta,Urbano,2010,2,0,0,2,0,0,2,2
731114,02/07/2010,Sexta,15:05:00,RN,101,134.4,SAO JOSE DE MIPIBU,Outras,Colisão com objeto fixo,Sem Vítimas,Pleno dia,Decrescente,Chuva,Dupla,Reta,Rural,2010,1,0,0,0,1,0,0,1
731116,02/07/2010,Sexta,19:20:00,RN,101,96.4,NATAL,Defeito na via,Colisão traseira,Com Vítimas Feridas,Plena noite,Decrescente,Chuva,Dupla,Curva,Urbano,2010,2,0,1,0,1,0,1,2
731267,10/07/2010,Sábado,10:10:00,RN,406,118.8,POCO BRANCO,Outras,Colisão Transversal,Com Vítimas Feridas,Pleno dia,Crescente,Ceu Claro,Simples,Reta,Rural,2010,4,0,1,1,2,0,2,2
731308,10/07/2010,Sábado,13:30:00,RN,304,35.5,MOSSORO,Não guardar distância de segurança,Colisão traseira,Sem Vítimas,Pleno dia,Decrescente,Sol,Simples,Cruzamento,Urbano,2010,2,0,0,0,2,0,0,2
731312,01/07/2010,Quinta,21:20:00,RN,101,156.0,GOIANINHA,Outras,Saída de Pista,Sem Vítimas,Plena noite,Crescente,Ceu Claro,Dupla,Reta,Rural,2010,1,0,0,0,1,0,0,1
731313,10/07/2010,Sábado,11:00:00,RN,101,94.0,NATAL,Falta de atenção,Colisão traseira,Sem Vítimas,Pleno dia,Decrescente,Ceu Claro,Dupla,Cruzamento,Urbano,2010,4,0,0,0,4,0,0,4
731322,10/07/2010,Sábado,07:05:00,RN,101,94.6,NATAL,Ingestão de álcool,Colisão traseira,Sem Vítimas,Pleno dia,Decrescente,Sol,Dupla,Reta,Urbano,2010,2,0,0,0,2,0,0,2
731538,10/07/2010,Sábado,19:00:00,RN,427,75.1,JARDIM DO SERIDO,Animais na Pista,Atropelamento de animal,Com Vítimas Feridas,Plena noite,Crescente,Ceu Claro,Simples,Reta,Rural,2010,2,0,1,0,1,0,1,1
731589,11/07/2010,Domingo,02:40:00,RN,427,14.9,ACARI,Outras,Capotamento,Sem Vítimas,Plena noite,Decrescente,Ceu Claro,Simples,Curva,Rural,2010,1,0,0,0,1,0,0,1
731595,11/07/2010,Domingo,05:35:00,RN,101,119.0,SAO JOSE DE MIPIBU,Ingestão de álcool,Capotamento,Sem Vítimas,Amanhecer,Decrescente,Ceu Claro,Dupla,Cruzamento,Urbano,2010,1,0,0,0,1,0,0,1
731652,10/07/2010,Sábado,22:40:00,RN,304,226.1,RIACHUELO,Defeito mecânico em veículo,Tombamento,Sem Vítimas,Plena noite,Decrescente,Vento,Simples,Reta,Rural,2010,1,0,0,0,1,0,0,1
731663,06/07/2010,Terça,18:50:00,RN,101,97.9,NATAL,Falta de atenção,Colisão traseira,Com Vítimas Feridas,Plena noite,Crescente,Ceu Claro,Dupla,Cruzamento,Urbano,2010,2,0,1,0,1,0,1,2
731688,06/07/2010,Terça,13:30:00,RN,101,95.0,NATAL,Não guardar distância de segurança,Colisão traseira,Sem Vítimas,Pleno dia,Decrescente,Sol,Dupla,Reta,Urbano,2010,2,0,0,0,2,0,0,2
731690,07/07/2010,Quarta,13:20:00,RN,304,305.9,MACAIBA,Outras,Saída de Pista,Com Vítimas Feridas,Pleno dia,Crescente,Chuva,Dupla,Reta,Rural,2010,1,0,1,0,0,0,1,1
731757,10/07/2010,Sábado,06:40:00,RN,427,5.0,CURRAIS NOVOS,Outras,Capotamento,Sem Vítimas,Plena noite,Crescente,Ceu Claro,Simples,Reta,Rural,2010,1,0,0,0,1,0,0,1
731771,08/07/2010,Quinta,02:30:00,RN,226,218.8,FLORANIA,Animais na Pista,Atropelamento de animal,Sem Vítimas,Plena noite,Decrescente,Ceu Claro,Simples,Reta,Rural,2010,1,0,0,0,1,0,0,1
731839,07/07/2010,Quarta,20:10:00,RN,101,82.1,SAO GONCALO DO AMARANTE,Outras,Atropelamento de pessoa,Com Vítimas Feridas,Plena noite,Crescente,Vento,Dupla,Reta,Urbano,2010,2,0,1,1,0,0,2,1
731944,11/07/2010,Domingo,16:40:00,RN,101,6.0,TOUROS,Desobediência à sinalização,Colisão Transversal,Com Vítimas Feridas,Pleno dia,Crescente,Ceu Claro,Simples,Cruzamento,Rural,2010,2,0,1,0,1,0,1,2
732001,11/07/2010,Domingo,20:00:00,RN,101,83.0,NATAL,Falta de atenção,Colisão traseira,Sem Vítimas,Plena noite,Decrescente,Ceu Claro,Dupla,Reta,Urbano,2010,2,0,0,0,2,0,0,2
732123,11/07/2010,Domingo,16:10:00,RN,304,51.6,MOSSORO,Falta de atenção,Queda de motocicleta / bicicleta / veículo,Com Vítimas Fatais,Pleno dia,Decrescente,Ceu Claro,Simples,Reta,Rural,2010,3,1,1,0,1,0,1,2
732143,10/07/2010,Sábado,16:30:00,RN,304,47.2,MOSSORO,Falta de atenção,Colisão Transversal,Com Vítimas Feridas,Pleno dia,Crescente,Ceu Claro,Simples,Reta,Urbano,2010,4,0,1,0,3,0,1,2
732189,06/05/2010,Quinta,19:20:00,RN,101,95.3,NATAL,Outras,Colisão lateral,Sem Vítimas,Plena noite,Crescente,Ceu Claro,Múltipla,Cruzamento,Urbano,2010,2,0,0,0,2,0,0,2
732248,08/07/2010,Quinta,15:10:00,RN,406,21.8,MACAU,Defeito mecânico em veículo,Tombamento,Com Vítimas Feridas,Pleno dia,Decrescente,Sol,Simples,Reta,Rural,2010,2,0,2,0,0,0,2,1
732270,12/07/2010,Segunda,07:50:00,RN,101,83.2,NATAL,Não guardar distância de segurança,Colisão traseira,Sem Vítimas,Pleno dia,Decrescente,Ceu Claro,Dupla,Reta,Urbano,2010,2,0,0,0,2,0,0,2
732274,01/07/2010,Quinta,04:40:00,RN,304,43.2,MOSSORO,Outras,Colisão frontal,Com Vítimas Feridas,Plena noite,Decrescente,Ceu Claro,Simples,Reta,Rural,2010,3,0,1,0,1,1,1,2
732320,10/07/2010,Sábado,19:15:00,RN,110,49.2,MOSSORO,Não guardar distância de segurança,Colisão traseira,Sem Vítimas,Pleno dia,Crescente,Ceu Claro,Simples,Reta,Urbano,2010,3,0,0,0,3,0,0,2
732333,08/07/2010,Quinta,22:30:00,RN,101,106.0,PARNAMIRIM,Falta de atenção,Colisão lateral,Com Vítimas Feridas,Plena noite,Crescente,Ceu Claro,Dupla,Cruzamento,Urbano,2010,3,0,1,0,2,0,1,2
732338,10/07/2010,Sábado,08:50:00,RN,304,296.0,MACAIBA,Falta de atenção,Colisão frontal,Com Vítimas Feridas,Pleno dia,Crescente,Ceu Claro,Simples,Reta,Urbano,2010,2,0,1,0,1,0,1,2
732349,11/07/2010,Domingo,00:05:00,RN,304,93.2,ASSU,Outras,Atropelamento de animal,Sem Vítimas,Plena noite,Crescente,Ceu Claro,Simples,Reta,Rural,2010,3,0,0,0,3,0,0,1
732380,12/07/2010,Segunda,12:10:00,RN,226,43.9,MACAIBA,Outras,Colisão frontal,Com Vítimas Fatais,Pleno dia,Crescente,Nublado,Simples,Curva,Rural,2010,4,1,1,2,0,0,3,2
732387,12/07/2010,Segunda,11:20:00,RN,304,281.0,MACAIBA,Não guardar distância de segurança,Colisão traseira,Sem Vítimas,Pleno dia,Crescente,Ceu Claro,Simples,Cruzamento,Rural,2010,2,0,0,0,2,0,0,2
732417,12/07/2010,Segunda,07:30:00,RN,110,49.3,MOSSORO,Falta de atenção,Colisão Transversal,Com Vítimas Feridas,Pleno dia,Decrescente,Ceu Claro,Dupla,Reta,Urbano,2010,3,0,2,0,1,0,2,2
732523,12/07/2010,Segunda,17:00:00,RN,304,55.9,MOSSORO,Falta de atenção,Queda de motocicleta / bicicleta / veículo,Com Vítimas Feridas,Pleno dia,Decrescente,Sol,Simples,Reta,Rural,2010,1,0,1,0,0,0,1,1
732603,12/07/2010,Segunda,18:40:00,RN,101,97.0,NATAL,Outras,Colisão lateral,Sem Vítimas,Plena noite,Crescente,Nublado,Dupla,Reta,Urbano,2010,2,0,0,0,2,0,0,2
732634,12/07/2010,Segunda,09:10:00,RN,101,106.0,PARNAMIRIM,Não guardar distância de segurança,Colisão traseira,Sem Vítimas,Pleno dia,Crescente,Ceu Claro,Dupla,Reta,Urbano,2010,3,0,0,0,3,0,0,3
732646,12/07/2010,Segunda,17:40:00,RN,101,94.3,NATAL,Não guardar distância de segurança,Colisão traseira,Sem Vítimas,Anoitecer,Crescente,Nublado,Múltipla,Cruzamento,Urbano,2010,2,0,0,0,2,0,0,2
732686,09/07/2010,Sexta,08:00:00,RN,101,97.9,NATAL,Falta de atenção,Colisão traseira,Com Vítimas Feridas,Pleno dia,Decrescente,Nublado,Múltipla,Cruzamento,Urbano,2010,2,0,1,0,1,0,1,2
732957,06/07/2010,Terça,13:15:00,RN,101,147.7,GOIANINHA,Não guardar distância de segurança,Colisão traseira,Sem Vítimas,Pleno dia,Crescente,Ceu Claro,Simples,Reta,Urbano,2010,3,0,0,0,3,0,0,2
732998,13/07/2010,Terça,17:45:00,RN,304,35.0,MOSSORO,Falta de atenção,Colisão traseira,Sem Vítimas,Anoitecer,Crescente,Chuva,Simples,Cruzamento,Rural,2010,3,0,0,0,3,0,0,3
733016,13/07/2010,Terça,10:20:00,RN,101,97.1,NATAL,Desobediência à sinalização,Colisão traseira,Sem Vítimas,Pleno dia,Crescente,Nublado,Dupla,Reta,Urbano,2010,2,0,0,0,2,0,0,2
733157,13/07/2010,Terça,18:25:00,RN,101,96.6,NATAL,Falta de atenção,Colisão traseira,Sem Vítimas,Plena noite,Crescente,Ceu Claro,Múltipla,Reta,Urbano,2010,2,0,0,0,2,0,0,2
733183,13/07/2010,Terça,16:10:00,RN,427,49.1,JARDIM DO SERIDO,Outras,Colisão traseira,Sem Vítimas,Pleno dia,Crescente,Ceu Claro,Simples,Reta,Rural,2010,2,0,0,0,2,0,0,2
733222,14/07/2010,Quarta,05:35:00,RN,226,144.3,CAMPO REDONDO,Outras,Capotamento,Com Vítimas Fatais,Amanhecer,Decrescente,Ceu Claro,Simples,Reta,Rural,2010,5,1,0,1,3,0,1,2
733245,12/07/2010,Segunda,11:00:00,RN,101,83.4,NATAL,Falta de atenção,Colisão traseira,Sem Vítimas,Pleno dia,Decrescente,Ceu Claro,Simples,Reta,Urbano,2010,2,0,0,0,2,0,0,2
733290,02/07/2010,Sexta,05:40:00,RN,304,122.3,ITAJA,Falta de atenção,Colisão Transversal,Sem Vítimas,Pleno dia,Crescente,Ceu Claro,Simples,Reta,Rural,2010,2,0,0,0,2,0,0,2
733487,14/07/2010,Quarta,11:00:00,RN,304,35.6,MOSSORO,Falta de atenção,Colisão traseira,Sem Vítimas,Pleno dia,Crescente,Sol,Simples,Cruzamento,Urbano,2010,2,0,0,0,2,0,0,2
733573,14/07/2010,Quarta,11:10:00,RN,405,2.1,MOSSORO,Falta de atenção,Colisão traseira,Com Vítimas Feridas,Pleno dia,Crescente,Ceu Claro,Dupla,Reta,Urbano,2010,2,0,2,0,0,0,2,2
733577,14/07/2010,Quarta,18:20:00,RN,304,38.2,MOSSORO,Falta de atenção,Atropelamento de pessoa,Com Vítimas Feridas,Plena noite,Crescente,Ceu Claro,Simples,Reta,Urbano,2010,2,0,0,1,0,1,1,1
733627,14/07/2010,Quarta,16:40:00,RN,304,258.3,SANTA MARIA,Falta de atenção,Colisão traseira,Sem Vítimas,Pleno dia,Decrescente,Sol,Simples,Reta,Urbano,2010,2,0,0,0,2,0,0,2
733699,10/07/2010,Sábado,23:35:00,RN,304,93.2,ASSU,Animais na Pista,Atropelamento de animal,Com Vítimas Feridas,Plena noite,Crescente,Ceu Claro,Simples,Reta,Rural,2010,3,0,2,0,1,0,2,1
733703,11/07/2010,Domingo,05:20:00,RN,110,50.1,MOSSORO,Falta de atenção,Queda de motocicleta / bicicleta / veículo,Com Vítimas Feridas,Amanhecer,Crescente,Ceu Claro,Dupla,Curva,Urbano,2010,2,0,1,1,0,0,2,1
733729,14/07/2010,Quarta,14:10:00,RN,101,98.8,NATAL,Falta de atenção,Atropelamento de pessoa,Com Vítimas Feridas,Pleno dia,Crescente,Ceu Claro,Dupla,Reta,Urbano,2010,2,0,2,0,0,0,2,1
733763,12/07/2010,Segunda,07:00:00,RN,304,297.7,MACAIBA,Defeito mecânico em veículo,Tombamento,Sem Vítimas,Pleno dia,Decrescente,Ceu Claro,Dupla,Cruzamento,Urbano,2010,1,0,0,0,1,0,0,1
733772,12/07/2010,Segunda,06:20:00,RN,304,295.0,MACAIBA,Falta de atenção,Colisão Transversal,Sem Vítimas,Pleno dia,Decrescente,Ceu Claro,Simples,Cruzamento,Urbano,2010,2,0,0,0,2,0,0,2
733907,15/07/2010,Quinta,09:55:00,RN,101,84.6,NATAL,Não guardar distância de segurança,Colisão traseira,Sem Vítimas,Pleno dia,Crescente,Ceu Claro,Múltipla,Reta,Urbano,2010,2,0,0,0,2,0,0,2
733911,11/07/2010,Domingo,19:30:00,RN,101,81.9,SAO GONCALO DO AMARANTE,Ingestão de álcool,Colisão Transversal,Com Vítimas Feridas,Plena noite,Crescente,Ceu Claro,Dupla,Reta,Urbano,2010,2,0,1,0,0,1,1,2
734024,15/07/2010,Quinta,15:20:00,RN,101,95.4,NATAL,Outras,Colisão traseira,Sem Vítimas,Pleno dia,Decrescente,Ceu Claro,Dupla,Reta,Urbano,2010,2,0,0,0,2,0,0,2
734027,11/07/2010,Domingo,19:00:00,RN,101,104.0,PARNAMIRIM,Falta de atenção,Colisão lateral,Sem Vítimas,Plena noite,Decrescente,Ceu Claro,Dupla,Reta,Urbano,2010,2,0,0,0,1,1,0,2
734149,15/07/2010,Quinta,13:50:00,RN,101,45.5,CEARA-MIRIM,Outras,Queda de motocicleta / bicicleta / veículo,Com Vítimas Feridas,Pleno dia,Crescente,Ceu Claro,Simples,Reta,Rural,2010,1,0,1,0,0,0,1,1
734169,15/07/2010,Quinta,15:40:00,RN,101,83.1,NATAL,Outras,Atropelamento de pessoa,Com Vítimas Feridas,Pleno dia,Decrescente,Ceu Claro,Dupla,Reta,Urbano,2010,2,0,1,0,0,1,1,1
734283,11/07/2010,Domingo,17:15:00,RN,110,97.9,UPANEMA,Outras,Colisão frontal,Com Vítimas Fatais,Pleno dia,Crescente,Ignorada,Simples,Reta,Rural,2010,3,1,1,1,0,0,2,2
734317,15/07/2010,Quinta,20:30:00,RN,406,31.5,GUAMARE,Outras,Colisão frontal,Com Vítimas Fatais,Plena noite,Decrescente,Ceu Claro,Simples,Reta,Rural,2010,3,1,0,1,1,0,1,2
734367,12/07/2010,Segunda,08:40:00,RN,101,98.9,NATAL,Velocidade incompatível,Colisão traseira,Sem Vítimas,Pleno dia,Decrescente,Ceu Claro,Dupla,Reta,Urbano,2010,2,0,0,0,2,0,0,2
734396,12/07/2010,Segunda,11:01:00,RN,101,98.5,NATAL,Falta de atenção,Colisão lateral,Sem Vítimas,Pleno dia,Crescente,Ceu Claro,Dupla,Reta,Urbano,2010,2,0,0,0,2,0,0,2
734457,07/05/2010,Sexta,16:50:00,RN,304,47.7,MOSSORO,Desobediência à sinalização,Colisão Transversal,Com Vítimas Fatais,Pleno dia,Decrescente,Ceu Claro,Simples,Cruzamento,Urbano,2010,3,1,0,1,0,1,1,2
734469,22/06/2010,Terça,13:00:00,RN,101,161.7,CANGUARETAMA,Falta de atenção,Saída de Pista,Sem Vítimas,Pleno dia,Crescente,Ceu Claro,Simples,Reta,Urbano,2010,1,0,0,0,1,0,0,1
734509,16/07/2010,Sexta,10:54:00,RN,101,95.3,NATAL,Desobediência à sinalização,Colisão lateral,Sem Vítimas,Pleno dia,Crescente,Ceu Claro,Dupla,Cruzamento,Urbano,2010,2,0,0,0,2,0,0,2
734513,22/06/2010,Terça,17:15:00,RN,101,104.2,PARNAMIRIM,Falta de atenção,Colisão Transversal,Com Vítimas Feridas,Plena noite,Decrescente,Ceu Claro,Dupla,Cruzamento,Urbano,2010,2,0,1,0,1,0,1,2
734529,16/07/2010,Sexta,12:45:00,RN,304,191.3,LAJES,Não guardar distância de segurança,Colisão traseira,Sem Vítimas,Pleno dia,Decrescente,Nublado,Simples,Reta,Urbano,2010,2,0,0,0,2,0,0,2
734561,12/07/2010,Segunda,08:20:00,RN,101,104.4,PARNAMIRIM,Desobediência à sinalização,Colisão lateral,Sem Vítimas,Pleno dia,Decrescente,Ceu Claro,Dupla,Curva,Urbano,2010,2,0,0,0,2,0,0,2
734576,16/07/2010,Sexta,07:45:00,RN,304,115.1,ASSU,Não guardar distância de segurança,Colisão traseira,Sem Vítimas,Pleno dia,Decrescente,Sol,Simples,Reta,Rural,2010,2,0,0,0,2,0,0,2
734607,11/07/2010,Domingo,02:30:00,RN,226,118.4,SANTA CRUZ,Falta de atenção,Saída de Pista,Sem Vítimas,Plena noite,Decrescente,Ceu Claro,Simples,Curva,Rural,2010,1,0,0,0,1,0,0,1
734656,13/07/2010,Terça,06:10:00,RN,101,149.7,GOIANINHA,Defeito mecânico em veículo,Colisão com objeto fixo,Sem Vítimas,Amanhecer,Decrescente,Chuva,Simples,Curva,Urbano,2010,2,0,0,0,1,1,0,2
734796,16/07/2010,Sexta,16:30:00,RN,101,98.5,NATAL,Falta de atenção,Colisão traseira,Sem Vítimas,Pleno dia,Crescente,Ceu Claro,Dupla,Cruzamento,Urbano,2010,2,0,0,0,2,0,0,2
734802,12/07/2010,Segunda,19:50:00,RN,101,108.0,PARNAMIRIM,Desobediência à sinalização,Colisão traseira,Sem Vítimas,Plena noite,Crescente,Ceu Claro,Dupla,Cruzamento,Urbano,2010,2,0,0,0,2,0,0,2
734867,16/07/2010,Sexta,21:30:00,RN,101,101.8,PARNAMIRIM,Falta de atenção,Colisão traseira,Sem Vítimas,Plena noite,Decrescente,Ceu Claro,Dupla,Cruzamento,Urbano,2010,2,0,0,0,2,0,0,2
734910,16/07/2010,Sexta,11:35:00,RN,101,95.3,NATAL,Falta de atenção,Colisão Transversal,Sem Vítimas,Pleno dia,Crescente,Nublado,Dupla,Cruzamento,Urbano,2010,2,0,0,0,2,0,0,2
734958,12/07/2010,Segunda,19:00:00,RN,101,101.0,PARNAMIRIM,Falta de atenção,Colisão lateral,Sem Vítimas,Plena noite,Crescente,Ceu Claro,Múltipla,Reta,Urbano,2010,2,0,0,0,2,0,0,2
735086,17/07/2010,Sábado,10:00:00,RN,110,48.5,MOSSORO,Falta de atenção,Colisão lateral,Sem Vítimas,Pleno dia,Crescente,Sol,Dupla,Cruzamento,Urbano,2010,2,0,0,0,2,0,0,2
735219,17/07/2010,Sábado,10:20:00,RN,101,97.9,NATAL,Falta de atenção,Colisão Transversal,Sem Vítimas,Pleno dia,Decrescente,Chuva,Dupla,Reta,Urbano,2010,2,0,0,0,2,0,0,2
735238,17/07/2010,Sábado,12:15:00,RN,101,99.4,NATAL,Outras,Colisão com objeto fixo,Sem Vítimas,Pleno dia,Decrescente,Chuva,Dupla,Reta,Urbano,2010,1,0,0,0,1,0,0,1
735240,10/07/2010,Sábado,00:40:00,RN,101,101.8,PARNAMIRIM,Ingestão de álcool,Colisão traseira,Sem Vítimas,Plena noite,Crescente,Nublado,Dupla,Reta,Urbano,2010,2,0,0,0,1,1,0,2
735243,17/07/2010,Sábado,06:40:00,RN,101,108.0,PARNAMIRIM,Desobediência à sinalização,Colisão lateral,Com Vítimas Feridas,Pleno dia,Crescente,Nublado,Dupla,Reta,Urbano,2010,2,0,1,0,1,0,1,2
735276,13/07/2010,Terça,16:10:00,RN,101,97.7,NATAL,Falta de atenção,Colisão lateral,Sem Vítimas,Pleno dia,Decrescente,Ceu Claro,Dupla,Reta,Urbano,2010,2,0,0,0,2,0,0,2
735279,16/07/2010,Sexta,15:10:00,RN,226,149.1,CURRAIS NOVOS,Outras,Saída de Pista,Com Vítimas Feridas,Pleno dia,Decrescente,Ceu Claro,Simples,Reta,Rural,2010,4,0,2,0,0,2,2,3
735302,17/07/2010,Sábado,13:30:00,RN,101,96.4,NATAL,Outras,Colisão lateral,Com Vítimas Feridas,Pleno dia,Crescente,Nublado,Dupla,Curva,Urbano,2010,2,0,1,0,1,0,1,2
735324,17/07/2010,Sábado,15:35:00,RN,304,307.6,PARNAMIRIM,Outras,Queda de motocicleta / bicicleta / veículo,Com Vítimas Feridas,Pleno dia,Decrescente,Ceu Claro,Simples,Curva,Urbano,2010,1,0,1,0,0,0,1,1