id,data_inversa,dia_semana,horario,uf,br,km,municipio,causa_acidente,tipo_acidente,classificacao_acidente,fase_dia,sentido_via,condicao_metereologica,tipo_pista,tracado_via,uso_solo,ano,pessoas,mortos,feridos_leves,feridos_graves,ilesos,ignorados,feridos,veiculos
735366,17/07/2010,Sábado,11:30:00,RN,304,306.0,PARNAMIRIM,Falta de atenção,Capotamento,Com Vítimas Feridas,Pleno dia,Crescente,Chuva,Dupla,Reta,Rural,2010,2,0,2,0,0,0,2,1
735404,17/07/2010,Sábado,15:20:00,RN,101,80.6,NATAL,Outras,Tombamento,Com Vítimas Feridas,Pleno dia,Decrescente,Nublado,Dupla,Cruzamento,Urbano,2010,2,0,2,0,0,0,2,1
735555,14/07/2010,Quarta,17:55:00,RN,101,100.6,PARNAMIRIM,Não guardar distância de segurança,Colisão traseira,Sem Vítimas,Plena noite,Crescente,Ceu Claro,Dupla,Curva,Urbano,2010,2,0,0,0,2,0,0,2
735669,14/07/2010,Quarta,13:40:00,RN,101,126.0,SAO JOSE DE MIPIBU,Outras,Colisão lateral,Sem Vítimas,Pleno dia,Crescente,Ceu Claro,Simples,Curva,Urbano,2010,3,0,0,0,3,0,0,2
735679,18/07/2010,Domingo,07:40:00,RN,101,84.5,SAO GONCALO DO AMARANTE,Falta de atenção,Colisão com objeto móvel,Com Vítimas Feridas,Pleno dia,Crescente,Ceu Claro,Dupla,Reta,Urbano,2010,2,0,1,1,0,0,2,1
735711,18/07/2010,Domingo,11:05:00,RN,101,95.6,NATAL,Outras,Colisão lateral,Com Vítimas Feridas,Pleno dia,Crescente,Sol,Múltipla,Cruzamento,Urbano,2010,3,0,2,0,1,0,2,2
735732,18/07/2010,Domingo,09:10:00,RN,304,39.7,MOSSORO,Falta de atenção,Colisão Transversal,Com Vítimas Feridas,Pleno dia,Crescente,Sol,Simples,Cruzamento,Urbano,2010,3,0,2,0,1,0,2,2
735831,18/07/2010,Domingo,17:10:00,RN,101,99.9,NATAL,Desobediência à sinalização,Colisão lateral,Com Vítimas Feridas,Pleno dia,Decrescente,Ceu Claro,Dupla,Reta,Urbano,2010,3,0,2,0,1,0,2,2
735859,18/07/2010,Domingo,12:30:00,RN,304,43.5,MOSSORO,Outras,Colisão com objeto móvel,Com Vítimas Feridas,Pleno dia,Decrescente,Ceu Claro,Simples,Reta,Rural,2010,3,0,1,1,0,1,2,2
735869,18/07/2010,Domingo,15:10:00,RN,304,37.6,MOSSORO,Ingestão de álcool,Colisão Transversal,Sem Vítimas,Pleno dia,Crescente,Sol,Simples,Cruzamento,Urbano,2010,2,0,0,0,2,0,0,2
735901,15/07/2010,Quinta,18:20:00,RN,101,97.5,NATAL,Falta de atenção,Colisão traseira,Sem Vítimas,Plena noite,Decrescente,Ceu Claro,Dupla,Reta,Urbano,2010,2,0,0,0,2,0,0,2
735931,18/07/2010,Domingo,15:20:00,RN,101,96.4,NATAL,Falta de atenção,Colisão traseira,Sem Vítimas,Pleno dia,Crescente,Ceu Claro,Dupla,Curva,Urbano,2010,3,0,0,0,3,0,0,3
735934,18/07/2010,Domingo,15:10:00,RN,101,82.0,NATAL,Outras,Colisão traseira,Sem Vítimas,Pleno dia,Crescente,Ceu Claro,Dupla,Reta,Urbano,2010,2,0,0,0,2,0,0,2
736052,18/07/2010,Domingo,17:30:00,RN,226,12.2,MACAIBA,Outras,Tombamento,Com Vítimas Feridas,Anoitecer,Crescente,Ceu Claro,Simples,Reta,Urbano,2010,2,0,2,0,0,0,2,1
736106,13/07/2010,Terça,17:20:00,RN,406,120.0,POCO BRANCO,Outras,Derramamento de Carga,Sem Vítimas,Pleno dia,Crescente,Ceu Claro,Simples,Reta,Rural,2010,2,0,0,0,2,0,0,2
736133,13/07/2010,Terça,18:00:00,RN,406,130.0,TAIPU,Não guardar distância de segurança,Colisão traseira,Sem Vítimas,Plena noite,Decrescente,Ceu Claro,Simples,Reta,Urbano,2010,2,0,0,0,2,0,0,2
736138,19/07/2010,Segunda,05:40:00,RN,226,60.4,SENADOR ELOI DE SOUZA,Desobediência à sinalização,Colisão Transversal,Sem Vítimas,Pleno dia,Decrescente,Ceu Claro,Simples,Reta,Rural,2010,2,0,0,0,2,0,0,2
736189,19/07/2010,Segunda,07:10:00,RN,101,85.0,SAO GONCALO DO AMARANTE,Não guardar distância de segurança,Colisão Transversal,Sem Vítimas,Pleno dia,Crescente,Ceu Claro,Dupla,Reta,Urbano,2010,2,0,0,0,2,0,0,2
736196,19/07/2010,Segunda,07:00:00,RN,304,29.0,MOSSORO,Falta de atenção,Colisão Transversal,Com Vítimas Feridas,Pleno dia,Crescente,Ceu Claro,Simples,Reta,Urbano,2010,2,0,2,0,0,0,2,2
736266,19/07/2010,Segunda,09:30:00,RN,101,106.0,PARNAMIRIM,Desobediência à sinalização,Colisão Transversal,Sem Vítimas,Pleno dia,Decrescente,Ceu Claro,Dupla,Cruzamento,Urbano,2010,2,0,0,0,1,1,0,2
736303,19/07/2010,Segunda,12:10:00,RN,101,105.0,PARNAMIRIM,Falta de atenção,Colisão traseira,Sem Vítimas,Pleno dia,Crescente,Sol,Dupla,Reta,Urbano,2010,2,0,0,0,2,0,0,2
736316,16/07/2010,Sexta,08:15:00,RN,101,84.9,NATAL,Falta de atenção,Colisão lateral,Sem Vítimas,Pleno dia,Decrescente,Chuva,Dupla,Reta,Urbano,2010,2,0,0,0,2,0,0,2
736319,15/07/2010,Quinta,17:30:00,RN,427,59.5,JARDIM DO SERIDO,Outras,Capotamento,Sem Vítimas,Anoitecer,Crescente,Ceu Claro,Simples,Curva,Rural,2010,1,0,0,0,1,0,0,1
736342,15/07/2010,Quinta,09:30:00,RN,101,85.4,SAO GONCALO DO AMARANTE,Outras,Colisão lateral,Sem Vítimas,Pleno dia,Crescente,Ceu Claro,Dupla,Reta,Urbano,2010,2,0,0,0,2,0,0,2
736346,19/07/2010,Segunda,08:00:00,RN,101,95.3,NATAL,Desobediência à sinalização,Colisão lateral,Sem Vítimas,Pleno dia,Crescente,Sol,Dupla,Cruzamento,Urbano,2010,2,0,0,0,2,0,0,2
736377,19/07/2010,Segunda,14:50:00,RN,304,305.3,MACAIBA,Falta de atenção,Atropelamento de pessoa,Com Vítimas Feridas,Pleno dia,Decrescente,Ceu Claro,Múltipla,Reta,Rural,2010,2,0,0,1,1,0,1,1
736548,14/07/2010,Quarta,13:40:00,RN,304,307.7,PARNAMIRIM,Velocidade incompatível,Tombamento,Com Vítimas Feridas,Pleno dia,Decrescente,Sol,Simples,Curva,Urbano,2010,2,0,2,0,0,0,2,1
736611,14/07/2010,Quarta,17:25:00,RN,101,97.3,NATAL,Não guardar distância de segurança,Colisão lateral,Sem Vítimas,Anoitecer,Crescente,Ceu Claro,Simples,Reta,Urbano,2010,2,0,0,0,2,0,0,2
736616,14/07/2010,Quarta,20:50:00,RN,101,106.5,PARNAMIRIM,Falta de atenção,Colisão traseira,Sem Vítimas,Plena noite,Crescente,Ceu Claro,Dupla,Reta,Urbano,2010,2,0,0,0,2,0,0,2
736629,20/07/2010,Terça,00:05:00,RN,101,101.9,PARNAMIRIM,Ingestão de álcool,Colisão traseira,Sem Vítimas,Plena noite,Decrescente,Nublado,Dupla,Cruzamento,Urbano,2010,2,0,0,0,2,0,0,2
736689,12/07/2010,Segunda,17:05:00,RN,101,109.3,PARNAMIRIM,Desobediência à sinalização,Colisão traseira,Com Vítimas Feridas,Anoitecer,Crescente,Ceu Claro,Dupla,Cruzamento,Urbano,2010,5,0,3,1,1,0,4,2
736769,15/07/2010,Quinta,23:50:00,RN,101,80.6,SAO GONCALO DO AMARANTE,Ingestão de álcool,Colisão Transversal,Sem Vítimas,Plena noite,Crescente,Nublado,Dupla,Cruzamento,Urbano,2010,2,0,0,0,2,0,0,2
736826,12/06/2010,Sábado,14:00:00,RN,101,85.6,NATAL,Não guardar distância de segurança,Colisão traseira,Com Vítimas Feridas,Pleno dia,Crescente,Ceu Claro,Dupla,Reta,Urbano,2010,7,0,4,0,3,0,4,4
736830,20/07/2010,Terça,10:30:00,RN,304,296.2,MACAIBA,Falta de atenção,Colisão traseira,Sem Vítimas,Pleno dia,Crescente,Sol,Dupla,Reta,Urbano,2010,2,0,0,0,2,0,0,2
736845,23/05/2010,Domingo,16:05:00,RN,406,169.9,SAO GONCALO DO AMARANTE,Outras,Colisão com bicicleta,Com Vítimas Feridas,Pleno dia,Crescente,Ceu Claro,Simples,Reta,Urbano,2010,2,0,0,2,0,0,2,2
736850,15/07/2010,Quinta,17:15:00,RN,101,82.5,NATAL,Falta de atenção,Colisão traseira,Com Vítimas Feridas,Pleno dia,Decrescente,Ceu Claro,Dupla,Reta,Urbano,2010,3,0,1,0,2,0,1,2
736879,16/07/2010,Sexta,12:10:00,RN,406,106.1,JOAO CAMARA,Falta de atenção,Saída de Pista,Com Vítimas Feridas,Pleno dia,Decrescente,Chuva,Simples,Reta,Rural,2010,2,0,1,0,1,0,1,1
736953,15/07/2010,Quinta,18:40:00,RN,405,106.9,ITAU,Outras,Colisão lateral,Com Vítimas Feridas,Plena noite,Crescente,Ceu Claro,Simples,Reta,Rural,2010,3,0,2,0,0,1,2,2
737000,02/06/2010,Quarta,22:00:00,RN,406,151.3,CEARA-MIRIM,Falta de atenção,Atropelamento de pessoa,Com Vítimas Fatais,Plena noite,Crescente,Ceu Claro,Simples,Reta,Rural,2010,2,1,0,0,0,1,0,1
737211,18/07/2010,Domingo,02:00:00,RN,101,85.0,SAO GONCALO DO AMARANTE,Ingestão de álcool,Colisão com objeto fixo,Sem Vítimas,Amanhecer,Crescente,Ceu Claro,Dupla,Curva,Urbano,2010,1,0,0,0,1,0,0,1
737271,21/07/2010,Quarta,08:32:00,RN,101,107.7,PARNAMIRIM,Falta de atenção,Colisão lateral,Sem Vítimas,Pleno dia,Crescente,Sol,Dupla,Cruzamento,Urbano,2010,2,0,0,0,2,0,0,2
737352,21/07/2010,Quarta,12:35:00,RN,101,97.7,NATAL,Outras,Colisão lateral,Sem Vítimas,Pleno dia,Crescente,Sol,Dupla,Reta,Urbano,2010,2,0,0,0,2,0,0,2
737373,21/07/2010,Quarta,13:00:00,RN,427,59.7,JARDIM DO SERIDO,Outras,Capotamento,Com Vítimas Feridas,Pleno dia,Crescente,Ceu Claro,Simples,Curva,Rural,2010,1,0,0,1,0,0,1,1
737524,18/07/2010,Domingo,05:00:00,RN,226,113.2,SANTA CRUZ,Outras,Colisão frontal,Com Vítimas Feridas,Amanhecer,Decrescente,Ceu Claro,Simples,Curva,Rural,2010,3,0,0,2,1,0,2,2
737539,21/07/2010,Quarta,18:08:00,RN,101,82.0,SAO GONCALO DO AMARANTE,Falta de atenção,Colisão Transversal,Sem Vítimas,Plena noite,Crescente,Ceu Claro,Dupla,Reta,Urbano,2010,3,0,0,0,3,0,0,3
737626,21/07/2010,Quarta,22:30:00,RN,304,98.2,ASSU,Animais na Pista,Atropelamento de animal,Sem Vítimas,Plena noite,Decrescente,Ceu Claro,Simples,Reta,Rural,2010,1,0,0,0,1,0,0,1
737753,16/07/2010,Sexta,06:30:00,RN,101,83.5,NATAL,Outras,Colisão traseira,Com Vítimas Feridas,Pleno dia,Decrescente,Ceu Claro,Dupla,Reta,Urbano,2010,2,0,1,0,1,0,1,2
737770,18/07/2010,Domingo,16:40:00,RN,101,58.5,CEARA-MIRIM,Outras,Colisão traseira,Sem Vítimas,Pleno dia,Crescente,Ceu Claro,Simples,Reta,Rural,2010,2,0,0,0,2,0,0,2
737787,16/07/2010,Sexta,02:50:00,RN,427,30.2,ACARI,Animais na Pista,Atropelamento de animal,Sem Vítimas,Plena noite,Decrescente,Ceu Claro,Simples,Reta,Rural,2010,1,0,0,0,1,0,0,1
737838,17/07/2010,Sábado,21:05:00,RN,101,101.8,PARNAMIRIM,Ingestão de álcool,Colisão traseira,Sem Vítimas,Plena noite,Crescente,Chuva,Dupla,Reta,Urbano,2010,3,0,0,0,2,1,0,3
737865,22/07/2010,Quinta,12:05:00,RN,101,85.0,SAO GONCALO DO AMARANTE,Defeito mecânico em veículo,Colisão traseira,Sem Vítimas,Pleno dia,Crescente,Nublado,Dupla,Cruzamento,Urbano,2010,4,0,0,0,4,0,0,4
738019,17/07/2010,Sábado,05:50:00,RN,101,106.0,PARNAMIRIM,Ingestão de álcool,Capotamento,Com Vítimas Feridas,Pleno dia,Crescente,Ceu Claro,Dupla,Cruzamento,Urbano,2010,2,0,2,0,0,0,2,1
738051,20/07/2010,Terça,18:20:00,RN,101,102.6,PARNAMIRIM,Não guardar distância de segurança,Colisão traseira,Sem Vítimas,Plena noite,Decrescente,Ceu Claro,Dupla,Reta,Urbano,2010,2,0,0,0,1,1,0,2
738088,22/07/2010,Quinta,20:00:00,RN,101,114.0,PARNAMIRIM,Falta de atenção,Colisão traseira,Sem Vítimas,Plena noite,Crescente,Chuva,Dupla,Reta,Rural,2010,2,0,0,0,2,0,0,2
738094,22/07/2010,Quinta,20:00:00,RN,101,104.0,PARNAMIRIM,Outras,Colisão lateral,Com Vítimas Feridas,Plena noite,Crescente,Chuva,Dupla,Curva,Urbano,2010,3,0,2,0,1,0,2,2
738116,22/07/2010,Quinta,19:00:00,RN,110,30.5,MOSSORO,Outras,Saída de Pista,Sem Vítimas,Plena noite,Crescente,Ceu Claro,Simples,Reta,Rural,2010,3,0,0,0,3,0,0,1
738187,22/07/2010,Quinta,20:30:00,RN,304,84.0,MOSSORO,Outras,Colisão traseira,Com Vítimas Feridas,Plena noite,Decrescente,Ceu Claro,Simples,Reta,Rural,2010,4,0,1,0,3,0,1,2
738292,20/07/2010,Terça,06:57:00,RN,101,85.5,NATAL,Não guardar distância de segurança,Colisão traseira,Com Vítimas Feridas,Pleno dia,Decrescente,Ceu Claro,Dupla,Reta,Urbano,2010,2,0,1,0,1,0,1,2
738294,23/07/2010,Sexta,08:20:00,RN,226,38.4,MACAIBA,Animais na Pista,Atropelamento de animal,Sem Vítimas,Pleno dia,Crescente,Ceu Claro,Simples,Reta,Rural,2010,1,0,0,0,1,0,0,1
738423,23/07/2010,Sexta,07:30:00,RN,304,223.7,CAICARA DO RIO DO VENTO,Defeito na via,Tombamento,Sem Vítimas,Pleno dia,Decrescente,Nublado,Simples,Reta,Rural,2010,1,0,0,0,1,0,0,1
738518,23/07/2010,Sexta,16:30:00,RN,101,108.7,PARNAMIRIM,Falta de atenção,Colisão Transversal,Sem Vítimas,Pleno dia,Crescente,Ceu Claro,Dupla,Cruzamento,Urbano,2010,2,0,0,0,2,0,0,2
738534,23/07/2010,Sexta,18:30:00,RN,304,295.9,MACAIBA,Falta de atenção,Colisão Transversal,Com Vítimas Feridas,Plena noite,Decrescente,Ceu Claro,Simples,Reta,Urbano,2010,2,0,0,1,1,0,1,2
738536,23/07/2010,Sexta,06:10:00,RN,304,105.8,ASSU,Falta de atenção,Colisão Transversal,Sem Vítimas,Amanhecer,Crescente,Ceu Claro,Simples,Cruzamento,Rural,2010,2,0,0,0,2,0,0,2
738558,23/07/2010,Sexta,14:30:00,RN,101,99.8,NATAL,Falta de atenção,Colisão traseira,Sem Vítimas,Pleno dia,Decrescente,Sol,Múltipla,Reta,Urbano,2010,2,0,0,0,2,0,0,2
738563,23/07/2010,Sexta,13:45:00,RN,427,13.9,CURRAIS NOVOS,Outras,Saída de Pista,Sem Vítimas,Pleno dia,Crescente,Sol,Simples,Curva,Rural,2010,1,0,0,0,1,0,0,1
738598,23/07/2010,Sexta,19:00:00,RN,101,97.2,NATAL,Falta de atenção,Colisão traseira,Sem Vítimas,Plena noite,Crescente,Nublado,Dupla,Reta,Urbano,2010,2,0,0,0,2,0,0,2
738624,23/07/2010,Sexta,10:40:00,RN,101,97.9,NATAL,Não guardar distância de segurança,Colisão traseira,Sem Vítimas,Pleno dia,Crescente,Ceu Claro,Dupla,Cruzamento,Urbano,2010,2,0,0,0,2,0,0,2
738737,23/07/2010,Sexta,10:20:00,RN,304,48.4,MOSSORO,Animais na Pista,Atropelamento de animal,Com Vítimas Feridas,Pleno dia,Decrescente,Ceu Claro,Simples,Reta,Urbano,2010,1,0,1,0,0,0,1,1
738812,16/07/2010,Sexta,09:30:00,RN,101,104.4,PARNAMIRIM,Outras,Colisão com objeto fixo,Com Vítimas Feridas,Pleno dia,Crescente,Chuva,Múltipla,Reta,Urbano,2010,1,0,1,0,0,0,1,1
738857,16/07/2010,Sexta,03:10:00,RN,304,151.3,ANGICOS,Outras,Capotamento,Sem Vítimas,Plena noite,Decrescente,Ceu Claro,Simples,Reta,Rural,2010,1,0,0,0,1,0,0,1
738904,24/07/2010,Sábado,10:30:00,RN,226,168.6,CURRAIS NOVOS,Outras,Colisão com objeto móvel,Sem Vítimas,Pleno dia,Decrescente,Ceu Claro,Simples,Curva,Rural,2010,2,0,0,0,2,0,0,2
738912,24/07/2010,Sábado,12:20:00,RN,101,81.8,NATAL,Falta de atenção,Colisão traseira,Sem Vítimas,Pleno dia,Decrescente,Ceu Claro,Dupla,Reta,Urbano,2010,2,0,0,0,2,0,0,2
739008,24/07/2010,Sábado,15:30:00,RN,101,98.0,NATAL,Falta de atenção,Colisão lateral,Sem Vítimas,Pleno dia,Decrescente,Ceu Claro,Múltipla,Reta,Urbano,2010,2,0,0,0,1,1,0,2
739030,24/07/2010,Sábado,18:30:00,RN,304,48.0,MOSSORO,Ingestão de álcool,Colisão frontal,Com Vítimas Feridas,Plena noite,Decrescente,Ceu Claro,Dupla,Cruzamento,Urbano,2010,2,0,1,0,0,1,1,2
739175,24/07/2010,Sábado,22:00:00,RN,101,96.1,NATAL,Outras,Colisão lateral,Sem Vítimas,Plena noite,Crescente,Nublado,Múltipla,Reta,Urbano,2010,3,0,0,0,3,0,0,3
739296,17/07/2010,Sábado,19:00:00,RN,101,105.2,PARNAMIRIM,Outras,Colisão traseira,Com Vítimas Feridas,Plena noite,Crescente,Ceu Claro,Dupla,Reta,Urbano,2010,3,0,2,0,1,0,2,2
739358,25/07/2010,Domingo,11:00:00,RN,101,103.4,PARNAMIRIM,Falta de atenção,Colisão traseira,Sem Vítimas,Pleno dia,Decrescente,Chuva,Dupla,Reta,Urbano,2010,2,0,0,0,2,0,0,2
739404,18/07/2010,Domingo,00:10:00,RN,101,97.9,NATAL,Falta de atenção,Colisão traseira,Sem Vítimas,Plena noite,Decrescente,Ceu Claro,Múltipla,Cruzamento,Urbano,2010,2,0,0,0,2,0,0,2
739411,25/07/2010,Domingo,14:10:00,RN,304,302.6,MACAIBA,Defeito mecânico em veículo,Colisão traseira,Sem Vítimas,Pleno dia,Decrescente,Chuva,Dupla,Reta,Rural,2010,2,0,0,0,2,0,0,2
739474,10/07/2010,Sábado,00:10:00,RN,226,3.8,NATAL,Animais na Pista,Atropelamento de animal,Sem Vítimas,Plena noite,Crescente,Chuva,Simples,Reta,Urbano,2010,1,0,0,0,1,0,0,1
739571,25/07/2010,Domingo,14:01:00,RN,304,192.1,LAJES,Não guardar distância de segurança,Colisão traseira,Sem Vítimas,Pleno dia,Crescente,Nublado,Simples,Reta,Urbano,2010,2,0,0,0,2,0,0,2
739578,25/07/2010,Domingo,16:00:00,RN,304,119.5,ITAJA,Animais na Pista,Atropelamento de animal,Sem Vítimas,Pleno dia,Decrescente,Nublado,Simples,Reta,Rural,2010,1,0,0,0,1,0,0,1
739584,21/07/2010,Quarta,06:30:00,RN,226,39.6,MACAIBA,Outras,Colisão Transversal,Sem Vítimas,Pleno dia,Decrescente,Ceu Claro,Simples,Reta,Urbano,2010,2,0,0,0,1,1,0,2
739768,23/07/2010,Sexta,01:45:00,RN,101,102.3,NATAL,Defeito na via,Colisão Transversal,Com Vítimas Feridas,Plena noite,Crescente,Nublado,Múltipla,Cruzamento,Urbano,2010,3,0,1,0,2,0,1,2
739773,26/07/2010,Segunda,06:15:00,RN,101,82.0,SAO GONCALO DO AMARANTE,Falta de atenção,Colisão traseira,Sem Vítimas,Pleno dia,Crescente,Chuva,Dupla,Reta,Urbano,2010,2,0,0,0,2,0,0,2
739816,26/07/2010,Segunda,07:40:00,RN,406,105.0,POCO BRANCO,Animais na Pista,Atropelamento de animal,Sem Vítimas,Pleno dia,Decrescente,Chuva,Simples,Reta,Rural,2010,1,0,0,0,1,0,0,1
739831,20/07/2010,Terça,09:30:00,RN,101,83.4,SAO GONCALO DO AMARANTE,Falta de atenção,Atropelamento de pessoa,Com Vítimas Fatais,Pleno dia,Crescente,Ceu Claro,Dupla,Reta,Urbano,2010,2,1,0,0,1,0,0,1
739987,25/07/2010,Domingo,21:10:00,RN,101,97.6,NATAL,Falta de atenção,Colisão traseira,Sem Vítimas,Plena noite,Crescente,Nublado,Dupla,Reta,Urbano,2010,2,0,0,0,1,1,0,2
740198,26/07/2010,Segunda,13:45:00,RN,405,6.9,MOSSORO,Ingestão de álcool,Colisão lateral,Com Vítimas Feridas,Pleno dia,Decrescente,Sol,Simples,Reta,Rural,2010,2,0,1,0,1,0,1,2
740202,23/07/2010,Sexta,00:40:00,RN,101,102.0,PARNAMIRIM,Defeito na via,Colisão Transversal,Com Vítimas Feridas,Plena noite,Crescente,Nublado,Dupla,Reta,Urbano,2010,3,0,1,0,2,0,1,2
740221,26/07/2010,Segunda,18:00:00,RN,101,96.0,NATAL,Outras,Colisão lateral,Sem Vítimas,Plena noite,Crescente,Ceu Claro,Múltipla,Reta,Urbano,2010,2,0,0,0,2,0,0,2
740274,26/07/2010,Segunda,18:05:00,RN,304,34.0,MOSSORO,Desobediência à sinalização,Colisão Transversal,Sem Vítimas,Plena noite,Decrescente,Nublado,Simples,Cruzamento,Urbano,2010,2,0,0,0,2,0,0,2
740306,26/07/2010,Segunda,16:55:00,RN,110,49.0,MOSSORO,Falta de atenção,Colisão lateral,Sem Vítimas,Pleno dia,Crescente,Ceu Claro,Dupla,Cruzamento,Urbano,2010,2,0,0,0,2,0,0,2
740349,20/07/2010,Terça,07:10:00,RN,101,85.5,NATAL,Falta de atenção,Colisão traseira,Com Vítimas Feridas,Pleno dia,Crescente,Ceu Claro,Dupla,Reta,Urbano,2010,4,0,2,0,2,0,2,4
740366,23/07/2010,Sexta,19:30:00,RN,406,144.9,CEARA-MIRIM,Ingestão de álcool,Atropelamento de pessoa,Com Vítimas Feridas,Plena noite,Decrescente,Vento,Simples,Reta,Urbano,2010,2,0,1,0,1,0,1,1
740428,23/07/2010,Sexta,19:50:00,RN,304,223.1,CAICARA DO RIO DO VENTO,Outras,Colisão com objeto móvel,Com Vítimas Feridas,Plena noite,Decrescente,Ceu Claro,Simples,Reta,Rural,2010,3,0,0,2,1,0,2,2
740446,27/07/2010,Terça,10:15:00,RN,101,95.3,NATAL,Desobediência à sinalização,Colisão Transversal,Sem Vítimas,Pleno dia,Crescente,Nublado,Múltipla,Cruzamento,Urbano,2010,2,0,0,0,2,0,0,2
740549,27/07/2010,Terça,07:50:00,RN,101,85.1,NATAL,Falta de atenção,Colisão Transversal,Com Vítimas Feridas,Pleno dia,Crescente,Sol,Dupla,Curva,Urbano,2010,3,0,3,0,0,0,3,2
740609,27/07/2010,Terça,09:40:00,RN,101,84.8,NATAL,Não guardar distância de segurança,Colisão traseira,Sem Vítimas,Pleno dia,Decrescente,Sol,Dupla,Reta,Urbano,2010,2,0,0,0,2,0,0,2
740638,27/07/2010,Terça,17:50:00,RN,101,108.7,PARNAMIRIM,Falta de atenção,Colisão traseira,Sem Vítimas,Plena noite,Decrescente,Nublado,Dupla,Cruzamento,Urbano,2010,2,0,0,0,2,0,0,2
740720,27/07/2010,Terça,13:30:00,RN,304,7.8,MOSSORO,Outras,Saída de Pista,Sem Vítimas,Pleno dia,Crescente,Ceu Claro,Simples,Reta,Urbano,2010,2,0,0,0,2,0,0,1
740740,27/07/2010,Terça,19:50:00,RN,101,84.2,NATAL,Não guardar distância de segurança,Colisão traseira,Sem Vítimas,Plena noite,Decrescente,Vento,Dupla,Reta,Urbano,2010,3,0,0,0,3,0,0,3
740961,28/07/2010,Quarta,12:00:00,RN,304,45.7,MOSSORO,Outras,Colisão Transversal,Com Vítimas Feridas,Pleno dia,Crescente,Sol,Simples,Cruzamento,Urbano,2010,2,0,1,0,1,0,1,2
740983,28/07/2010,Quarta,08:30:00,RN,405,1.6,MOSSORO,Falta de atenção,Colisão Transversal,Com Vítimas Feridas,Pleno dia,Crescente,Ceu Claro,Dupla,Reta,Urbano,2010,2,0,1,0,1,0,1,2
741030,18/07/2010,Domingo,19:00:00,RN,101,105.2,PARNAMIRIM,Desobediência à sinalização,Colisão lateral,Com Vítimas Feridas,Plena noite,Crescente,Ceu Claro,Dupla,Reta,Urbano,2010,2,0,0,1,1,0,1,2
741120,20/07/2010,Terça,17:00:00,RN,101,80.6,NATAL,Falta de atenção,Colisão Transversal,Sem Vítimas,Pleno dia,Decrescente,Ceu Claro,Simples,Cruzamento,Urbano,2010,2,0,0,0,2,0,0,2
741285,16/07/2010,Sexta,03:30:00,RN,304,131.5,IPANGUACU,Outras,Saída de Pista,Com Vítimas Feridas,Plena noite,Decrescente,Ceu Claro,Simples,Reta,Rural,2010,1,0,1,0,0,0,1,1
741322,21/07/2010,Quarta,13:00:00,RN,405,164.0,RAFAEL FERNANDES,Falta de atenção,Colisão frontal,Com Vítimas Fatais,Pleno dia,Decrescente,Ceu Claro,Simples,Reta,Rural,2010,3,1,1,0,1,0,1,2
741351,25/07/2010,Domingo,07:00:00,RN,304,302.5,MACAIBA,Falta de atenção,Capotamento,Com Vítimas Feridas,Pleno dia,Crescente,Sol,Dupla,Reta,Urbano,2010,1,0,0,1,0,0,1,1
741364,29/07/2010,Quinta,06:30:00,RN,304,248.2,SAO PAULO DO POTENGI,Defeito mecânico em veículo,Tombamento,Sem Vítimas,Amanhecer,Decrescente,Nublado,Simples,Reta,Rural,2010,1,0,0,0,1,0,0,1
741398,28/07/2010,Quarta,06:10:00,RN,405,7.0,MOSSORO,Dormindo,Colisão traseira,Com Vítimas Feridas,Amanhecer,Decrescente,Ceu Claro,Simples,Reta,Rural,2010,3,0,2,0,1,0,2,2
741442,29/07/2010,Quinta,08:30:00,RN,101,100.0,PARNAMIRIM,Falta de atenção,Colisão lateral,Sem Vítimas,Pleno dia,Crescente,Ceu Claro,Dupla,Cruzamento,Urbano,2010,2,0,0,0,2,0,0,2
741547,29/07/2010,Quinta,15:45:00,RN,304,293.0,MACAIBA,Falta de atenção,Colisão traseira,Sem Vítimas,Pleno dia,Crescente,Nublado,Simples,Reta,Rural,2010,2,0,0,0,2,0,0,2
741598,25/07/2010,Domingo,20:00:00,RN,304,47.7,MOSSORO,Animais na Pista,Atropelamento de animal,Com Vítimas Feridas,Plena noite,Decrescente,Nublado,Simples,Reta,Urbano,2010,1,0,1,0,0,0,1,1
741664,29/07/2010,Quinta,09:20:00,RN,101,95.7,NATAL,Desobediência à sinalização,Colisão Transversal,Sem Vítimas,Pleno dia,Crescente,Ceu Claro,Dupla,Cruzamento,Urbano,2010,2,0,0,0,2,0,0,2