id,data_inversa,dia_semana,horario,uf,br,km,municipio,causa_acidente,tipo_acidente,classificacao_acidente,fase_dia,sentido_via,condicao_metereologica,tipo_pista,tracado_via,uso_solo,ano,pessoas,mortos,feridos_leves,feridos_graves,ilesos,ignorados,feridos,veiculos
741820,25/07/2010,Domingo,13:00:00,RN,101,99.8,NATAL,Não guardar distância de segurança,Colisão traseira,Sem Vítimas,Pleno dia,Crescente,Chuva,Dupla,Reta,Urbano,2010,2,0,0,0,2,0,0,2
741822,21/05/2010,Sexta,07:55:00,RN,101,104.1,NATAL,Outras,Colisão lateral,Sem Vítimas,Pleno dia,Decrescente,Ceu Claro,Múltipla,Curva,Urbano,2010,2,0,0,0,2,0,0,2
741848,30/07/2010,Sexta,06:50:00,RN,101,85.0,SAO GONCALO DO AMARANTE,Falta de atenção,Colisão traseira,Com Vítimas Feridas,Pleno dia,Crescente,Ceu Claro,Dupla,Reta,Urbano,2010,3,0,1,0,2,0,1,3
741904,26/07/2010,Segunda,14:20:00,RN,101,80.0,NATAL,Falta de atenção,Colisão lateral,Sem Vítimas,Pleno dia,Decrescente,Ceu Claro,Dupla,Cruzamento,Urbano,2010,2,0,0,0,2,0,0,2
741912,30/07/2010,Sexta,13:00:00,RN,304,296.4,MACAIBA,Falta de atenção,Colisão traseira,Sem Vítimas,Pleno dia,Crescente,Ceu Claro,Simples,Reta,Urbano,2010,3,0,0,0,3,0,0,3
741962,30/07/2010,Sexta,11:00:00,RN,101,104.0,PARNAMIRIM,Outras,Queda de motocicleta / bicicleta / veículo,Com Vítimas Feridas,Pleno dia,Decrescente,Ceu Claro,Dupla,Curva,Urbano,2010,2,0,2,0,0,0,2,1
741971,30/07/2010,Sexta,07:15:00,RN,101,94.0,NATAL,Outras,Colisão lateral,Sem Vítimas,Pleno dia,Crescente,Sol,Múltipla,Reta,Urbano,2010,2,0,0,0,2,0,0,2
741991,30/07/2010,Sexta,09:30:00,RN,110,48.7,MOSSORO,Desobediência à sinalização,Colisão Transversal,Com Vítimas Feridas,Pleno dia,Crescente,Ceu Claro,Dupla,Reta,Urbano,2010,2,0,1,0,0,1,1,2
742076,30/07/2010,Sexta,15:45:00,RN,101,99.0,NATAL,Falta de atenção,Colisão Transversal,Sem Vítimas,Pleno dia,Decrescente,Sol,Simples,Reta,Urbano,2010,2,0,0,0,2,0,0,2
742116,30/07/2010,Sexta,18:35:00,RN,304,285.0,MACAIBA,Falta de atenção,Colisão traseira,Sem Vítimas,Plena noite,Decrescente,Nublado,Dupla,Reta,Rural,2010,3,0,0,0,2,1,0,3
742174,30/07/2010,Sexta,20:20:00,RN,101,97.4,NATAL,Falta de atenção,Colisão traseira,Sem Vítimas,Plena noite,Crescente,Nublado,Dupla,Curva,Urbano,2010,2,0,0,0,2,0,0,2
742191,30/07/2010,Sexta,13:45:00,RN,101,109.5,PARNAMIRIM,Desobediência à sinalização,Colisão Transversal,Com Vítimas Feridas,Pleno dia,Decrescente,Sol,Dupla,Cruzamento,Urbano,2010,2,0,2,0,0,0,2,2
742198,26/07/2010,Segunda,16:00:00,RN,101,104.0,PARNAMIRIM,Falta de atenção,Colisão lateral,Sem Vítimas,Pleno dia,Decrescente,Sol,Dupla,Reta,Urbano,2010,2,0,0,0,1,1,0,2
742360,27/07/2010,Terça,20:15:00,RN,101,96.0,NATAL,Outras,Colisão lateral,Com Vítimas Feridas,Plena noite,Decrescente,Ceu Claro,Dupla,Reta,Urbano,2010,2,0,1,0,1,0,1,2
742366,31/07/2010,Sábado,07:25:00,RN,304,306.5,PARNAMIRIM,Outras,Colisão Transversal,Sem Vítimas,Pleno dia,Crescente,Chuva,Dupla,Reta,Urbano,2010,2,0,0,0,2,0,0,2
742372,28/07/2010,Quarta,06:30:00,RN,304,37.4,MOSSORO,Falta de atenção,Colisão Transversal,Com Vítimas Feridas,Pleno dia,Decrescente,Ceu Claro,Simples,Reta,Urbano,2010,3,0,2,0,1,0,2,2
742395,31/07/2010,Sábado,08:15:00,RN,101,100.7,PARNAMIRIM,Falta de atenção,Colisão traseira,Com Vítimas Feridas,Pleno dia,Decrescente,Chuva,Dupla,Reta,Urbano,2010,3,0,2,0,1,0,2,2
742424,07/07/2010,Quarta,09:15:00,RN,101,138.3,ARES,Falta de atenção,Colisão frontal,Com Vítimas Feridas,Pleno dia,Crescente,Nublado,Simples,Curva,Rural,2010,4,0,2,0,2,0,2,2
742577,31/07/2010,Sábado,09:50:00,RN,101,97.8,NATAL,Não guardar distância de segurança,Colisão traseira,Sem Vítimas,Pleno dia,Decrescente,Chuva,Múltipla,Reta,Urbano,2010,2,0,0,0,2,0,0,2
742583,31/07/2010,Sábado,16:00:00,RN,110,47.0,MOSSORO,Falta de atenção,Colisão com objeto fixo,Com Vítimas Feridas,Pleno dia,Crescente,Nublado,Simples,Cruzamento,Urbano,2010,1,0,0,1,0,0,1,1
742620,31/07/2010,Sábado,13:40:00,RN,101,68.0,EXTREMOZ,Desobediência à sinalização,Colisão Transversal,Com Vítimas Feridas,Pleno dia,Decrescente,Ceu Claro,Simples,Cruzamento,Rural,2010,3,0,1,1,1,0,2,2
742635,31/07/2010,Sábado,16:45:00,RN,101,149.6,GOIANINHA,Outras,Colisão lateral,Com Vítimas Feridas,Pleno dia,Decrescente,Chuva,Simples,Curva,Urbano,2010,3,0,1,0,2,0,1,3
742655,31/07/2010,Sábado,17:30:00,RN,101,96.0,NATAL,Falta de atenção,Colisão lateral,Sem Vítimas,Pleno dia,Crescente,Nublado,Dupla,Reta,Urbano,2010,2,0,0,0,2,0,0,2
742691,20/07/2010,Terça,18:30:00,RN,304,39.6,MOSSORO,Falta de atenção,Colisão Transversal,Com Vítimas Feridas,Plena noite,Decrescente,Ceu Claro,Simples,Reta,Urbano,2010,3,0,1,0,2,0,1,2
742812,31/07/2010,Sábado,20:20:00,RN,101,107.3,PARNAMIRIM,Desobediência à sinalização,Colisão Transversal,Com Vítimas Feridas,Plena noite,Decrescente,Nublado,Dupla,Cruzamento,Urbano,2010,3,0,2,0,1,0,2,2
742829,01/08/2010,Domingo,05:30:00,RN,101,108.7,PARNAMIRIM,Falta de atenção,Colisão traseira,Sem Vítimas,Amanhecer,Decrescente,Nublado,Dupla,Cruzamento,Urbano,2010,2,0,0,0,2,0,0,2
743023,01/08/2010,Domingo,15:15:00,RN,304,296.7,MACAIBA,Falta de atenção,Colisão traseira,Sem Vítimas,Pleno dia,Crescente,Nublado,Simples,Reta,Urbano,2010,2,0,0,0,2,0,0,2
743091,01/08/2010,Domingo,17:00:00,RN,304,191.1,LAJES,Não guardar distância de segurança,Colisão traseira,Sem Vítimas,Pleno dia,Crescente,Ceu Claro,Simples,Reta,Urbano,2010,2,0,0,0,2,0,0,2
743110,01/08/2010,Domingo,18:20:00,RN,406,161.2,CEARA-MIRIM,Falta de atenção,Colisão lateral,Com Vítimas Feridas,Plena noite,Crescente,Ceu Claro,Simples,Reta,Urbano,2010,3,0,2,0,1,0,2,2
743246,01/08/2010,Domingo,18:15:00,RN,101,97.7,NATAL,Não guardar distância de segurança,Colisão traseira,Sem Vítimas,Plena noite,Decrescente,Nublado,Dupla,Reta,Urbano,2010,2,0,0,0,2,0,0,2
743291,01/08/2010,Domingo,20:00:00,RN,226,12.2,MACAIBA,Animais na Pista,Atropelamento de animal,Com Vítimas Feridas,Plena noite,Decrescente,Nublado,Simples,Reta,Rural,2010,2,0,1,1,0,0,2,1
743309,01/08/2010,Domingo,22:00:00,RN,406,115.0,POCO BRANCO,Outras,Atropelamento de pessoa,Com Vítimas Fatais,Plena noite,Crescente,Ceu Claro,Simples,Reta,Urbano,2010,2,1,0,0,1,0,0,1
743389,29/07/2010,Quinta,16:20:00,RN,101,84.2,NATAL,Não guardar distância de segurança,Colisão traseira,Sem Vítimas,Pleno dia,Decrescente,Ceu Claro,Dupla,Reta,Urbano,2010,3,0,0,0,2,1,0,3
743465,02/08/2010,Segunda,07:20:00,RN,304,223.2,RIACHUELO,Ultrapassagem indevida,Colisão frontal,Sem Vítimas,Pleno dia,Crescente,Ceu Claro,Simples,Reta,Rural,2010,2,0,0,0,2,0,0,2
743477,02/08/2010,Segunda,09:15:00,RN,101,103.4,PARNAMIRIM,Falta de atenção,Colisão lateral,Sem Vítimas,Pleno dia,Decrescente,Ceu Claro,Dupla,Reta,Urbano,2010,2,0,0,0,2,0,0,2
743787,02/08/2010,Segunda,19:40:00,RN,304,34.2,MOSSORO,Outras,Colisão lateral,Com Vítimas Feridas,Plena noite,Decrescente,Ceu Claro,Simples,Reta,Urbano,2010,2,0,0,1,1,0,1,2
743791,02/08/2010,Segunda,11:50:00,RN,101,94.7,NATAL,Outras,Atropelamento de pessoa,Com Vítimas Feridas,Pleno dia,Crescente,Sol,Múltipla,Reta,Urbano,2010,2,0,0,1,1,0,1,1
743826,02/08/2010,Segunda,20:00:00,RN,304,230.4,RIACHUELO,Velocidade incompatível,Capotamento,Com Vítimas Feridas,Plena noite,Decrescente,Chuva,Simples,Curva,Rural,2010,2,0,2,0,0,0,2,1
743857,30/07/2010,Sexta,18:00:00,RN,101,65.0,EXTREMOZ,Outras,Colisão traseira,Com Vítimas Feridas,Plena noite,Decrescente,Ceu Claro,Simples,Reta,Rural,2010,2,0,1,0,1,0,1,2
743886,03/08/2010,Terça,07:30:00,RN,101,81.0,SAO GONCALO DO AMARANTE,Animais na Pista,Atropelamento de animal,Com Vítimas Feridas,Pleno dia,Crescente,Ceu Claro,Dupla,Reta,Urbano,2010,1,0,0,1,0,0,1,1
743938,31/07/2010,Sábado,20:55:00,RN,101,102.8,PARNAMIRIM,Não guardar distância de segurança,Colisão lateral,Com Vítimas Feridas,Plena noite,Decrescente,Chuva,Dupla,Reta,Urbano,2010,2,0,1,0,1,0,1,2
743994,03/08/2010,Terça,10:20:00,RN,226,167.1,CURRAIS NOVOS,Não guardar distância de segurança,Colisão traseira,Sem Vítimas,Pleno dia,Crescente,Ceu Claro,Simples,Reta,Rural,2010,2,0,0,0,2,0,0,2
744084,03/08/2010,Terça,10:00:00,RN,101,104.1,PARNAMIRIM,Outras,Colisão lateral,Sem Vítimas,Pleno dia,Decrescente,Ceu Claro,Dupla,Reta,Urbano,2010,2,0,0,0,1,1,0,2
744143,03/08/2010,Terça,16:10:00,RN,101,107.5,PARNAMIRIM,Defeito mecânico em veículo,Colisão traseira,Sem Vítimas,Pleno dia,Crescente,Sol,Dupla,Reta,Urbano,2010,3,0,0,0,3,0,0,3
744183,03/08/2010,Terça,13:20:00,RN,101,85.3,NATAL,Falta de atenção,Colisão traseira,Sem Vítimas,Pleno dia,Decrescente,Ceu Claro,Dupla,Reta,Urbano,2010,2,0,0,0,2,0,0,2
744218,03/08/2010,Terça,07:30:00,RN,110,47.5,MOSSORO,Não guardar distância de segurança,Colisão traseira,Sem Vítimas,Pleno dia,Crescente,Sol,Simples,Cruzamento,Urbano,2010,3,0,0,0,3,0,0,3
744312,29/07/2010,Quinta,19:20:00,RN,101,83.5,NATAL,Falta de atenção,Colisão traseira,Com Vítimas Feridas,Pleno dia,Decrescente,Nublado,Dupla,Reta,Urbano,2010,2,0,1,0,1,0,1,2
744313,03/08/2010,Terça,10:25:00,RN,101,163.0,CANGUARETAMA,Falta de atenção,Colisão lateral,Sem Vítimas,Pleno dia,Decrescente,Sol,Simples,Reta,Rural,2010,2,0,0,0,2,0,0,2
744328,29/07/2010,Quinta,20:20:00,RN,406,162.0,SAO GONCALO DO AMARANTE,Outras,Colisão Transversal,Com Vítimas Feridas,Plena noite,Decrescente,Ceu Claro,Simples,Reta,Rural,2010,2,0,0,1,1,0,1,2
744361,27/07/2010,Terça,21:40:00,RN,226,6.0,NATAL,Falta de atenção,Colisão Transversal,Sem Vítimas,Plena noite,Crescente,Ceu Claro,Simples,Cruzamento,Urbano,2010,2,0,0,0,2,0,0,2
744375,04/08/2010,Quarta,07:50:00,RN,101,94.9,NATAL,Não guardar distância de segurança,Colisão traseira,Sem Vítimas,Pleno dia,Decrescente,Ceu Claro,Dupla,Reta,Urbano,2010,2,0,0,0,2,0,0,2
744412,01/08/2010,Domingo,02:00:00,RN,101,101.9,PARNAMIRIM,Falta de atenção,Colisão lateral,Com Vítimas Feridas,Plena noite,Crescente,Chuva,Múltipla,Cruzamento,Urbano,2010,2,0,1,0,1,0,1,2
744428,04/08/2010,Quarta,06:30:00,RN,110,46.8,MOSSORO,Desobediência à sinalização,Colisão Transversal,Com Vítimas Feridas,Pleno dia,Crescente,Ceu Claro,Simples,Cruzamento,Urbano,2010,2,0,1,0,1,0,1,2
744444,04/08/2010,Quarta,08:00:00,RN,304,36.0,MOSSORO,Defeito na via,Colisão Transversal,Com Vítimas Feridas,Amanhecer,Crescente,Ceu Claro,Simples,Cruzamento,Urbano,2010,2,0,1,0,1,0,1,2
744446,01/08/2010,Domingo,05:10:00,RN,304,127.9,ANGICOS,Outras,Colisão com objeto fixo,Com Vítimas Fatais,Plena noite,Decrescente,Ceu Claro,Simples,Reta,Rural,2010,2,1,0,1,0,0,1,1
744457,31/07/2010,Sábado,14:30:00,RN,226,103.9,SANTA CRUZ,Velocidade incompatível,Capotamento,Com Vítimas Feridas,Pleno dia,Decrescente,Ceu Claro,Simples,Curva,Rural,2010,1,0,1,0,0,0,1,1
744460,04/08/2010,Quarta,09:00:00,RN,101,94.3,NATAL,Não guardar distância de segurança,Colisão lateral,Com Vítimas Feridas,Pleno dia,Crescente,Ceu Claro,Múltipla,Curva,Urbano,2010,2,0,1,0,0,1,1,2
744463,04/08/2010,Quarta,11:00:00,RN,226,3.9,NATAL,Falta de atenção,Colisão Transversal,Com Vítimas Feridas,Pleno dia,Crescente,Ceu Claro,Simples,Reta,Urbano,2010,3,0,2,0,1,0,2,2
744481,04/08/2010,Quarta,11:41:00,RN,110,48.6,MOSSORO,Outras,Colisão lateral,Sem Vítimas,Pleno dia,Crescente,Ceu Claro,Dupla,Cruzamento,Urbano,2010,2,0,0,0,2,0,0,2
744563,31/07/2010,Sábado,17:00:00,RN,427,66.2,JARDIM DO SERIDO,Defeito na via,Capotamento,Sem Vítimas,Anoitecer,Crescente,Ceu Claro,Simples,Curva,Rural,2010,1,0,0,0,1,0,0,1
744624,04/08/2010,Quarta,16:00:00,RN,110,47.0,MOSSORO,Falta de atenção,Colisão Transversal,Sem Vítimas,Pleno dia,Crescente,Sol,Simples,Reta,Urbano,2010,2,0,0,0,2,0,0,2
744726,04/08/2010,Quarta,19:25:00,RN,101,95.9,NATAL,Não guardar distância de segurança,Colisão lateral,Com Vítimas Feridas,Plena noite,Decrescente,Ceu Claro,Múltipla,Reta,Urbano,2010,3,0,2,0,1,0,2,2
744805,04/08/2010,Quarta,23:35:00,RN,226,12.5,MACAIBA,Falta de atenção,Colisão traseira,Sem Vítimas,Plena noite,Decrescente,Nublado,Simples,Reta,Urbano,2010,2,0,0,0,2,0,0,2
744843,04/08/2010,Quarta,19:20:00,RN,101,84.6,NATAL,Outras,Atropelamento de pessoa,Com Vítimas Feridas,Plena noite,Decrescente,Vento,Múltipla,Curva,Urbano,2010,2,0,1,0,0,1,1,1
744899,27/07/2010,Terça,10:30:00,RN,110,46.9,MOSSORO,Outras,Danos Eventuais,Sem Vítimas,Pleno dia,Decrescente,Sol,Simples,Cruzamento,Urbano,2010,2,0,0,0,1,1,0,2
744927,20/07/2010,Terça,18:40:00,RN,101,95.3,NATAL,Desobediência à sinalização,Colisão Transversal,Sem Vítimas,Plena noite,Crescente,Ceu Claro,Múltipla,Cruzamento,Urbano,2010,2,0,0,0,2,0,0,2
745089,10/05/2010,Segunda,07:00:00,RN,101,85.1,NATAL,Ingestão de álcool,Colisão lateral,Sem Vítimas,Plena noite,Decrescente,Ceu Claro,Dupla,Reta,Urbano,2010,2,0,0,0,2,0,0,2
745158,05/08/2010,Quinta,11:10:00,RN,110,48.7,MOSSORO,Falta de atenção,Colisão Transversal,Sem Vítimas,Pleno dia,Crescente,Ceu Claro,Dupla,Reta,Urbano,2010,2,0,0,0,2,0,0,2
745247,28/07/2010,Quarta,08:20:00,RN,101,101.5,PARNAMIRIM,Falta de atenção,Colisão Transversal,Sem Vítimas,Pleno dia,Decrescente,Sol,Dupla,Reta,Urbano,2010,2,0,0,0,2,0,0,2
745268,05/08/2010,Quinta,11:10:00,RN,101,125.0,SAO JOSE DE MIPIBU,Falta de atenção,Colisão lateral,Sem Vítimas,Pleno dia,Decrescente,Sol,Simples,Reta,Urbano,2010,2,0,0,0,2,0,0,2
745288,05/08/2010,Quinta,16:50:00,RN,101,96.6,NATAL,Não guardar distância de segurança,Colisão traseira,Sem Vítimas,Anoitecer,Decrescente,Nublado,Dupla,Reta,Urbano,2010,2,0,0,0,2,0,0,2
745381,05/08/2010,Quinta,18:40:00,RN,304,295.9,MACAIBA,Outras,Colisão lateral,Com Vítimas Feridas,Plena noite,Crescente,Nublado,Simples,Cruzamento,Urbano,2010,2,0,1,0,1,0,1,2
745394,01/08/2010,Domingo,18:45:00,RN,304,142.8,ANGICOS,Ingestão de álcool,Capotamento,Sem Vítimas,Plena noite,Crescente,Ceu Claro,Simples,Reta,Rural,2010,1,0,0,0,1,0,0,1
745406,05/08/2010,Quinta,16:50:00,RN,304,303.8,MACAIBA,Animais na Pista,Capotamento,Sem Vítimas,Pleno dia,Decrescente,Chuva,Dupla,Curva,Rural,2010,1,0,0,0,1,0,0,1
745430,29/07/2010,Quinta,18:10:00,RN,101,96.0,NATAL,Falta de atenção,Colisão lateral,Sem Vítimas,Plena noite,Crescente,Ceu Claro,Múltipla,Reta,Urbano,2010,2,0,0,0,2,0,0,2
745455,30/07/2010,Sexta,02:20:00,RN,304,285.3,MACAIBA,Animais na Pista,Atropelamento de animal,Com Vítimas Feridas,Plena noite,Crescente,Chuva,Simples,Reta,Rural,2010,3,0,1,1,1,0,2,2
745466,29/07/2010,Quinta,23:25:00,RN,101,134.0,SAO JOSE DE MIPIBU,Falta de atenção,Colisão lateral,Sem Vítimas,Plena noite,Decrescente,Ceu Claro,Dupla,Reta,Rural,2010,2,0,0,0,2,0,0,2
745472,04/08/2010,Quarta,12:10:00,RN,406,102.0,JOAO CAMARA,Outras,Colisão lateral,Com Vítimas Feridas,Pleno dia,Crescente,Ceu Claro,Simples,Curva,Rural,2010,3,0,1,0,2,0,1,3
745486,06/08/2010,Sexta,07:40:00,RN,101,109.6,PARNAMIRIM,Falta de atenção,Colisão Transversal,Sem Vítimas,Pleno dia,Decrescente,Nublado,Dupla,Cruzamento,Urbano,2010,2,0,0,0,2,0,0,2
745539,02/08/2010,Segunda,17:40:00,RN,101,107.3,PARNAMIRIM,Falta de atenção,Colisão Transversal,Sem Vítimas,Pleno dia,Crescente,Ceu Claro,Dupla,Reta,Urbano,2010,2,0,0,0,1,1,0,2
745607,02/08/2010,Segunda,14:30:00,RN,406,28.0,GUAMARE,Outras,Capotamento,Com Vítimas Fatais,Pleno dia,Decrescente,Nublado,Simples,Reta,Rural,2010,1,1,0,0,0,0,0,1
745673,06/08/2010,Sexta,12:50:00,RN,226,2.9,NATAL,Outras,Colisão Transversal,Sem Vítimas,Pleno dia,Crescente,Sol,Simples,Reta,Urbano,2010,2,0,0,0,2,0,0,2
745694,02/08/2010,Segunda,19:20:00,RN,101,95.6,NATAL,Falta de atenção,Colisão traseira,Sem Vítimas,Plena noite,Crescente,Chuva,Múltipla,Reta,Urbano,2010,3,0,0,0,2,1,0,3
745758,03/08/2010,Terça,05:10:00,RN,101,107.3,PARNAMIRIM,Desobediência à sinalização,Colisão Transversal,Sem Vítimas,Pleno dia,Crescente,Chuva,Dupla,Cruzamento,Urbano,2010,2,0,0,0,2,0,0,2
745770,06/08/2010,Sexta,09:15:00,RN,304,297.0,MACAIBA,Falta de atenção,Colisão lateral,Sem Vítimas,Pleno dia,Crescente,Ceu Claro,Simples,Reta,Urbano,2010,2,0,0,0,2,0,0,2
745808,06/08/2010,Sexta,18:35:00,RN,406,121.6,POCO BRANCO,Outras,Colisão traseira,Com Vítimas Feridas,Plena noite,Decrescente,Ceu Claro,Simples,Reta,Rural,2010,2,0,1,0,1,0,1,2
745859,06/08/2010,Sexta,07:20:00,RN,226,192.2,SAO VICENTE,Ultrapassagem indevida,Saída de Pista,Com Vítimas Feridas,Pleno dia,Crescente,Ceu Claro,Simples,Curva,Rural,2010,3,0,1,0,0,2,1,3
745864,02/08/2010,Segunda,10:10:00,RN,101,103.4,PARNAMIRIM,Falta de atenção,Colisão traseira,Sem Vítimas,Pleno dia,Decrescente,Ceu Claro,Dupla,Reta,Urbano,2010,2,0,0,0,2,0,0,2
745898,06/08/2010,Sexta,15:00:00,RN,304,293.0,MACAIBA,Falta de atenção,Colisão traseira,Sem Vítimas,Pleno dia,Crescente,Ceu Claro,Simples,Reta,Rural,2010,3,0,0,0,3,0,0,3
745942,02/08/2010,Segunda,18:00:00,RN,101,100.9,PARNAMIRIM,Não guardar distância de segurança,Colisão traseira,Com Vítimas Feridas,Plena noite,Crescente,Chuva,Dupla,Curva,Urbano,2010,4,0,1,0,3,0,1,3
745958,06/08/2010,Sexta,21:50:00,RN,427,96.0,CAICO,Falta de atenção,Colisão Transversal,Com Vítimas Feridas,Plena noite,Crescente,Ceu Claro,Simples,Reta,Urbano,2010,2,0,1,0,1,0,1,2
745965,06/08/2010,Sexta,02:40:00,RN,304,98.6,ASSU,Falta de atenção,Colisão traseira,Sem Vítimas,Plena noite,Crescente,Ceu Claro,Simples,Reta,Rural,2010,2,0,0,0,1,1,0,2
745987,31/07/2010,Sábado,06:41:00,RN,101,85.3,NATAL,Falta de atenção,Colisão lateral,Sem Vítimas,Amanhecer,Decrescente,Chuva,Dupla,Reta,Urbano,2010,2,0,0,0,2,0,0,2
746046,07/08/2010,Sábado,13:00:00,RN,427,76.9,JARDIM DO SERIDO,Defeito na via,Capotamento,Com Vítimas Feridas,Pleno dia,Decrescente,Ceu Claro,Dupla,Curva,Rural,2010,1,0,1,0,0,0,1,1
746129,02/08/2010,Segunda,23:00:00,RN,304,231.3,RIACHUELO,Defeito mecânico em veículo,Capotamento,Com Vítimas Feridas,Plena noite,Decrescente,Nublado,Simples,Reta,Rural,2010,1,0,0,1,0,0,1,1
746166,07/08/2010,Sábado,18:30:00,RN,405,1.7,MOSSORO,Falta de atenção,Colisão traseira,Sem Vítimas,Anoitecer,Decrescente,Ceu Claro,Dupla,Reta,Urbano,2010,2,0,0,0,2,0,0,2
746170,06/08/2010,Sexta,05:30:00,RN,226,57.8,BOM JESUS,Animais na Pista,Atropelamento de animal,Sem Vítimas,Amanhecer,Decrescente,Nublado,Simples,Reta,Rural,2010,1,0,0,0,1,0,0,1
746231,07/08/2010,Sábado,08:35:00,RN,304,294.0,MACAIBA,Falta de atenção,Colisão traseira,Sem Vítimas,Pleno dia,Crescente,Ceu Claro,Simples,Reta,Urbano,2010,2,0,0,0,2,0,0,2
746240,07/08/2010,Sábado,21:00:00,RN,406,164.0,SAO GONCALO DO AMARANTE,Outras,Colisão lateral,Sem Vítimas,Pleno dia,Decrescente,Ceu Claro,Simples,Reta,Rural,2010,2,0,0,0,2,0,0,2
746243,07/08/2010,Sábado,22:00:00,RN,226,116.0,SANTA CRUZ,Animais na Pista,Atropelamento de animal,Sem Vítimas,Plena noite,Decrescente,Ceu Claro,Simples,Reta,Rural,2010,1,0,0,0,1,0,0,1
746284,04/08/2010,Quarta,20:20:00,RN,101,101.9,PARNAMIRIM,Falta de atenção,Colisão traseira,Sem Vítimas,Plena noite,Crescente,Ceu Claro,Dupla,Cruzamento,Urbano,2010,2,0,0,0,2,0,0,2
746299,08/08/2010,Domingo,07:15:00,RN,304,287.9,MACAIBA,Não guardar distância de segurança,Colisão traseira,Sem Vítimas,Pleno dia,Decrescente,Ceu Claro,Simples,Reta,Rural,2010,2,0,0,0,1,1,0,2
746374,08/08/2010,Domingo,06:30:00,RN,101,27.2,RIO DO FOGO,Outras,Capotamento,Com Vítimas Feridas,Pleno dia,Decrescente,Ceu Claro,Simples,Reta,Rural,2010,5,0,5,0,0,0,5,1
746387,08/08/2010,Domingo,10:30:00,RN,101,174.0,CANGUARETAMA,Falta de atenção,Colisão com objeto fixo,Sem Vítimas,Pleno dia,Decrescente,Ceu Claro,Dupla,Reta,Urbano,2010,2,0,0,0,2,0,0,2
746470,08/08/2010,Domingo,13:45:00,RN,101,143.5,ARES,Dormindo,Capotamento,Com Vítimas Feridas,Pleno dia,Crescente,Ceu Claro,Dupla,Reta,Rural,2010,1,0,1,0,0,0,1,1
746542,08/08/2010,Domingo,11:20:00,RN,427,78.8,JARDIM DO SERIDO,Outras,Capotamento,Com Vítimas Feridas,Pleno dia,Crescente,Ceu Claro,Simples,Curva,Rural,2010,1,0,1,0,0,0,1,1
746565,08/08/2010,Domingo,06:15:00,RN,304,159.6,FERNANDO PEDROZA,Outras,Colisão frontal,Com Vítimas Fatais,Pleno dia,Crescente,Ceu Claro,Simples,Reta,Rural,2010,2,1,0,0,1,0,0,2
746609,08/08/2010,Domingo,19:10:00,RN,101,106.0,PARNAMIRIM,Ultrapassagem indevida,Colisão lateral,Com Vítimas Feridas,Plena noite,Decrescente,Ceu Claro,Múltipla,Reta,Urbano,2010,2,0,1,0,1,0,1,2
746674,09/08/2010,Segunda,00:10:00,RN,406,129.0,TAIPU,Animais na Pista,Atropelamento de animal,Sem Vítimas,Plena noite,Crescente,Ceu Claro,Simples,Reta,Rural,2010,1,0,0,0,1,0,0,1
746737,04/08/2010,Quarta,14:10:00,RN,101,97.1,NATAL,Não guardar distância de segurança,Colisão traseira,Sem Vítimas,Pleno dia,Crescente,Sol,Múltipla,Reta,Urbano,2010,2,0,0,0,2,0,0,2
746932,24/07/2010,Sábado,18:50:00,RN,101,96.0,NATAL,Ingestão de álcool,Atropelamento de pessoa,Com Vítimas Feridas,Plena noite,Decrescente,Ceu Claro,Múltipla,Reta,Urbano,2010,3,0,2,1,0,0,3,1
746955,28/07/2010,Quarta,09:54:00,RN,101,146.0,GOIANINHA,Animais na Pista,Tombamento,Com Vítimas Feridas,Pleno dia,Decrescente,Ceu Claro,Simples,Reta,Urbano,2010,1,0,1,0,0,0,1,1
747045,09/08/2010,Segunda,14:00:00,RN,406,161.2,CEARA-MIRIM,Falta de atenção,Colisão com bicicleta,Com Vítimas Feridas,Pleno dia,Crescente,Ceu Claro,Simples,Reta,Urbano,2010,2,0,0,1,1,0,1,2
747131,07/08/2010,Sábado,20:00:00,RN,101,8.6,SAO GONCALO DO AMARANTE,Não guardar distância de segurança,Colisão traseira,Sem Vítimas,Pleno dia,Crescente,Ceu Claro,Simples,Reta,Urbano,2010,3,0,0,0,3,0,0,3
747167,09/08/2010,Segunda,18:50:00,RN,304,279.9,MACAIBA,Animais na Pista,Atropelamento de animal,Com Vítimas Feridas,Plena noite,Decrescente,Ceu Claro,Simples,Reta,Urbano,2010,2,0,1,0,1,0,1,1