id,data_inversa,dia_semana,horario,uf,br,km,municipio,causa_acidente,tipo_acidente,classificacao_acidente,fase_dia,sentido_via,condicao_metereologica,tipo_pista,tracado_via,uso_solo,ano,pessoas,mortos,feridos_leves,feridos_graves,ilesos,ignorados,feridos,veiculos
777557,28/09/2010,Terça,15:30:00,RN,304,115.0,ASSU,Falta de atenção,Colisão traseira,Sem Vítimas,Pleno dia,Decrescente,Sol,Simples,Reta,Rural,2010,3,0,0,0,3,0,0,3
777599,28/09/2010,Terça,19:10:00,RN,101,95.8,NATAL,Falta de atenção,Colisão traseira,Sem Vítimas,Plena noite,Crescente,Ceu Claro,Múltipla,Cruzamento,Urbano,2010,2,0,0,0,2,0,0,2
777666,29/09/2010,Quarta,07:20:00,RN,101,114.5,SAO JOSE DE MIPIBU,Falta de atenção,Colisão lateral,Sem Vítimas,Pleno dia,Decrescente,Ceu Claro,Dupla,Reta,Urbano,2010,2,0,0,0,2,0,0,2
777779,25/09/2010,Sábado,02:30:00,RN,406,39.1,GUAMARE,Outras,Colisão com objeto fixo,Com Vítimas Fatais,Plena noite,Decrescente,Ignorada,Simples,Reta,Rural,2010,1,1,0,0,0,0,0,1
777806,25/09/2010,Sábado,14:00:00,RN,406,3.0,MACAU,Não guardar distância de segurança,Colisão traseira,Sem Vítimas,Pleno dia,Crescente,Ceu Claro,Simples,Reta,Rural,2010,2,0,0,0,2,0,0,2
777860,29/09/2010,Quarta,12:30:00,RN,101,165.3,CANGUARETAMA,Outras,Colisão Transversal,Sem Vítimas,Pleno dia,Crescente,Ceu Claro,Simples,Reta,Rural,2010,2,0,0,0,2,0,0,2
777921,25/09/2010,Sábado,18:00:00,RN,304,108.0,ASSU,Falta de atenção,Colisão Transversal,Sem Vítimas,Plena noite,Crescente,Ceu Claro,Simples,Cruzamento,Rural,2010,2,0,0,0,2,0,0,2
777938,29/09/2010,Quarta,15:25:00,RN,101,104.0,PARNAMIRIM,Falta de atenção,Colisão lateral,Sem Vítimas,Pleno dia,Decrescente,Ceu Claro,Dupla,Cruzamento,Urbano,2010,2,0,0,0,2,0,0,2
777941,29/09/2010,Quarta,16:30:00,RN,101,94.7,NATAL,Falta de atenção,Colisão traseira,Sem Vítimas,Pleno dia,Decrescente,Ceu Claro,Dupla,Reta,Urbano,2010,2,0,0,0,2,0,0,2
777967,25/09/2010,Sábado,18:58:00,RN,101,104.0,PARNAMIRIM,Outras,Colisão lateral,Com Vítimas Feridas,Pleno dia,Decrescente,Ceu Claro,Dupla,Curva,Urbano,2010,2,0,1,0,1,0,1,2
777971,24/09/2010,Sexta,07:10:00,RN,101,97.3,NATAL,Falta de atenção,Colisão traseira,Sem Vítimas,Pleno dia,Decrescente,Ceu Claro,Dupla,Reta,Urbano,2010,3,0,0,0,1,2,0,3
778020,29/09/2010,Quarta,13:40:00,RN,101,131.0,SAO JOSE DE MIPIBU,Outras,Colisão com objeto fixo,Sem Vítimas,Pleno dia,Decrescente,Ceu Claro,Dupla,Curva,Rural,2010,2,0,0,0,2,0,0,2
778053,29/09/2010,Quarta,13:20:00,RN,304,148.0,ANGICOS,Ultrapassagem indevida,Colisão Transversal,Com Vítimas Feridas,Pleno dia,Decrescente,Ceu Claro,Simples,Reta,Rural,2010,6,0,6,0,0,0,6,2
778158,30/09/2010,Quinta,08:25:00,RN,304,295.9,MACAIBA,Falta de atenção,Colisão traseira,Com Vítimas Feridas,Pleno dia,Crescente,Ceu Claro,Simples,Reta,Urbano,2010,3,0,2,0,1,0,2,2
778339,27/09/2010,Segunda,11:28:00,RN,101,98.0,NATAL,Falta de atenção,Colisão traseira,Sem Vítimas,Pleno dia,Decrescente,Ceu Claro,Dupla,Reta,Urbano,2010,2,0,0,0,2,0,0,2
778349,23/09/2010,Quinta,16:50:00,RN,304,305.0,MACAIBA,Não guardar distância de segurança,Colisão traseira,Sem Vítimas,Pleno dia,Decrescente,Sol,Dupla,Reta,Urbano,2010,2,0,0,0,2,0,0,2
778418,30/09/2010,Quinta,12:30:00,RN,101,81.0,NATAL,Falta de atenção,Colisão Transversal,Sem Vítimas,Pleno dia,Decrescente,Ceu Claro,Dupla,Reta,Urbano,2010,2,0,0,0,2,0,0,2
778421,30/09/2010,Quinta,16:05:00,RN,101,101.9,PARNAMIRIM,Outras,Colisão lateral,Sem Vítimas,Pleno dia,Decrescente,Sol,Dupla,Reta,Urbano,2010,2,0,0,0,2,0,0,2
778463,23/09/2010,Quinta,07:45:00,RN,101,98.0,NATAL,Falta de atenção,Atropelamento de pessoa,Com Vítimas Feridas,Pleno dia,Decrescente,Ceu Claro,Dupla,Reta,Urbano,2010,4,0,1,1,2,0,2,3
778467,23/09/2010,Quinta,03:30:00,RN,101,139.8,SAO JOSE DE MIPIBU,Defeito na via,Saída de Pista,Sem Vítimas,Plena noite,Decrescente,Ceu Claro,Dupla,Reta,Rural,2010,1,0,0,0,1,0,0,1
778471,30/09/2010,Quinta,07:00:00,RN,226,1.8,NATAL,Falta de atenção,Colisão traseira,Sem Vítimas,Pleno dia,Decrescente,Ceu Claro,Dupla,Reta,Urbano,2010,2,0,0,0,2,0,0,2
778477,30/09/2010,Quinta,13:00:00,RN,101,85.1,NATAL,Outras,Colisão lateral,Com Vítimas Feridas,Pleno dia,Crescente,Ceu Claro,Dupla,Curva,Urbano,2010,3,0,2,0,1,0,2,2
778492,26/09/2010,Domingo,18:25:00,RN,101,100.0,NATAL,Defeito mecânico em veículo,Colisão traseira,Sem Vítimas,Pleno dia,Crescente,Ceu Claro,Múltipla,Reta,Urbano,2010,2,0,0,0,2,0,0,2
778522,30/09/2010,Quinta,13:15:00,RN,101,106.2,PARNAMIRIM,Falta de atenção,Colisão lateral,Com Vítimas Feridas,Pleno dia,Crescente,Sol,Múltipla,Reta,Urbano,2010,2,0,1,0,1,0,1,2
778540,30/09/2010,Quinta,18:30:00,RN,226,1.9,NATAL,Outras,Colisão traseira,Com Vítimas Feridas,Plena noite,Crescente,Ceu Claro,Dupla,Reta,Urbano,2010,2,0,1,0,1,0,1,2
778661,30/09/2010,Quinta,18:00:00,RN,427,118.6,CAICO,Animais na Pista,Atropelamento de animal,Sem Vítimas,Plena noite,Crescente,Ceu Claro,Simples,Reta,Rural,2010,1,0,0,0,1,0,0,1
778674,29/09/2010,Quarta,17:50:00,RN,304,37.7,MOSSORO,Outras,Colisão lateral,Sem Vítimas,Anoitecer,Decrescente,Ignorada,Simples,Reta,Urbano,2010,2,0,0,0,2,0,0,2
778699,29/09/2010,Quarta,12:25:00,RN,304,63.9,MOSSORO,Defeito mecânico em veículo,Saída de Pista,Com Vítimas Feridas,Pleno dia,Decrescente,Sol,Simples,Reta,Rural,2010,1,0,1,0,0,0,1,1
778752,01/10/2010,Sexta,06:45:00,RN,304,108.3,MOSSORO,Falta de atenção,Colisão Transversal,Com Vítimas Feridas,Pleno dia,Crescente,Sol,Simples,Reta,Urbano,2010,2,0,1,0,1,0,1,2
778767,27/09/2010,Segunda,06:30:00,RN,304,108.3,ASSU,Falta de atenção,Colisão Transversal,Com Vítimas Feridas,Amanhecer,Crescente,Ceu Claro,Simples,Cruzamento,Urbano,2010,2,0,0,1,1,0,1,2
778834,01/10/2010,Sexta,06:30:00,RN,304,297.3,MACAIBA,Não guardar distância de segurança,Colisão traseira,Sem Vítimas,Pleno dia,Crescente,Ceu Claro,Dupla,Reta,Urbano,2010,2,0,0,0,2,0,0,2
778845,01/10/2010,Sexta,08:10:00,RN,101,96.3,NATAL,Falta de atenção,Colisão traseira,Sem Vítimas,Pleno dia,Decrescente,Ceu Claro,Simples,Reta,Urbano,2010,2,0,0,0,2,0,0,2
778918,01/10/2010,Sexta,11:50:00,RN,304,32.2,MOSSORO,Outras,Colisão Transversal,Com Vítimas Feridas,Pleno dia,Crescente,Ceu Claro,Simples,Reta,Urbano,2010,4,0,1,0,2,1,1,3
778978,01/10/2010,Sexta,13:55:00,RN,406,160.5,SAO GONCALO DO AMARANTE,Outras,Colisão traseira,Sem Vítimas,Pleno dia,Crescente,Ceu Claro,Simples,Reta,Rural,2010,2,0,0,0,2,0,0,2
779077,01/10/2010,Sexta,05:00:00,RN,406,89.1,JOAO CAMARA,Outras,Saída de Pista,Com Vítimas Feridas,Amanhecer,Crescente,Ceu Claro,Simples,Curva,Rural,2010,1,0,1,0,0,0,1,1
779086,01/10/2010,Sexta,07:50:00,RN,304,106.4,ASSU,Falta de atenção,Colisão traseira,Sem Vítimas,Pleno dia,Decrescente,Sol,Simples,Reta,Urbano,2010,2,0,0,0,2,0,0,2
779117,27/09/2010,Segunda,15:10:00,RN,101,96.6,NATAL,Falta de atenção,Colisão traseira,Com Vítimas Feridas,Pleno dia,Crescente,Ceu Claro,Dupla,Curva,Urbano,2010,3,0,1,0,2,0,1,2
779126,01/10/2010,Sexta,16:00:00,RN,226,110.1,SANTA CRUZ,Desobediência à sinalização,Colisão lateral,Com Vítimas Feridas,Pleno dia,Crescente,Ceu Claro,Simples,Reta,Urbano,2010,2,0,1,0,1,0,1,2
779132,01/10/2010,Sexta,16:30:00,RN,101,84.7,SAO GONCALO DO AMARANTE,Falta de atenção,Colisão lateral,Com Vítimas Feridas,Pleno dia,Crescente,Sol,Múltipla,Reta,Urbano,2010,2,0,1,0,1,0,1,2
779143,27/09/2010,Segunda,18:40:00,RN,101,95.9,NATAL,Falta de atenção,Colisão traseira,Sem Vítimas,Plena noite,Crescente,Ceu Claro,Dupla,Reta,Urbano,2010,2,0,0,0,2,0,0,2
779205,01/10/2010,Sexta,20:15:00,RN,304,37.5,MOSSORO,Falta de atenção,Colisão Transversal,Com Vítimas Feridas,Plena noite,Crescente,Ceu Claro,Simples,Cruzamento,Urbano,2010,3,0,1,1,1,0,2,2
779240,01/10/2010,Sexta,17:00:00,RN,101,106.0,PARNAMIRIM,Não guardar distância de segurança,Colisão traseira,Sem Vítimas,Pleno dia,Decrescente,Ceu Claro,Dupla,Reta,Urbano,2010,2,0,0,0,2,0,0,2
779309,28/09/2010,Terça,21:45:00,RN,304,48.2,MOSSORO,Falta de atenção,Colisão com objeto fixo,Sem Vítimas,Plena noite,Decrescente,Ceu Claro,Simples,Reta,Urbano,2010,1,0,0,0,1,0,0,1
779372,02/10/2010,Sábado,07:10:00,RN,304,119.2,ITAJA,Desobediência à sinalização,Colisão Transversal,Sem Vítimas,Pleno dia,Crescente,Ceu Claro,Simples,Cruzamento,Rural,2010,5,0,0,0,5,0,0,2
779436,02/10/2010,Sábado,09:00:00,RN,101,98.1,NATAL,Falta de atenção,Queda de motocicleta / bicicleta / veículo,Com Vítimas Feridas,Pleno dia,Crescente,Ceu Claro,Múltipla,Reta,Urbano,2010,1,0,1,0,0,0,1,1
779449,02/10/2010,Sábado,09:40:00,RN,101,94.4,NATAL,Desobediência à sinalização,Colisão lateral,Sem Vítimas,Pleno dia,Decrescente,Ceu Claro,Simples,Reta,Urbano,2010,2,0,0,0,2,0,0,2
779508,28/09/2010,Terça,12:30:00,RN,101,73.0,EXTREMOZ,Outras,Saída de Pista,Sem Vítimas,Pleno dia,Crescente,Ceu Claro,Simples,Curva,Rural,2010,2,0,0,0,1,1,0,2
779574,02/10/2010,Sábado,13:36:00,RN,101,81.0,NATAL,Falta de atenção,Colisão lateral,Sem Vítimas,Pleno dia,Decrescente,Ceu Claro,Dupla,Reta,Urbano,2010,2,0,0,0,2,0,0,2
779606,29/09/2010,Quarta,06:00:00,RN,101,77.0,NATAL,Falta de atenção,Colisão lateral,Sem Vítimas,Pleno dia,Decrescente,Ceu Claro,Dupla,Reta,Urbano,2010,2,0,0,0,2,0,0,2
779607,02/10/2010,Sábado,19:50:00,RN,304,194.0,LAJES,Animais na Pista,Atropelamento de animal,Sem Vítimas,Plena noite,Decrescente,Ceu Claro,Simples,Reta,Rural,2010,1,0,0,0,1,0,0,1
779675,02/10/2010,Sábado,22:00:00,RN,101,100.0,NATAL,Falta de atenção,Colisão traseira,Sem Vítimas,Plena noite,Crescente,Vento,Dupla,Cruzamento,Urbano,2010,2,0,0,0,2,0,0,2
779737,02/10/2010,Sábado,11:00:00,RN,101,85.7,NATAL,Não guardar distância de segurança,Colisão traseira,Sem Vítimas,Pleno dia,Crescente,Ceu Claro,Dupla,Reta,Urbano,2010,3,0,0,0,3,0,0,3
779740,02/10/2010,Sábado,15:05:00,RN,226,10.0,MACAIBA,Outras,Tombamento,Sem Vítimas,Pleno dia,Decrescente,Ceu Claro,Simples,Reta,Rural,2010,2,0,0,0,2,0,0,2
779748,02/10/2010,Sábado,16:20:00,RN,405,100.1,APODI,Outras,Colisão Transversal,Com Vítimas Fatais,Pleno dia,Decrescente,Ignorada,Simples,Reta,Rural,2010,7,4,0,2,0,1,2,2
779756,02/10/2010,Sábado,21:00:00,RN,110,40.5,MOSSORO,Ingestão de álcool,Queda de motocicleta / bicicleta / veículo,Com Vítimas Feridas,Plena noite,Decrescente,Ceu Claro,Simples,Reta,Rural,2010,1,0,1,0,0,0,1,1
779808,02/10/2010,Sábado,03:39:00,RN,101,83.0,NATAL,Ingestão de álcool,Colisão traseira,Sem Vítimas,Plena noite,Decrescente,Ceu Claro,Dupla,Cruzamento,Urbano,2010,2,0,0,0,2,0,0,2
779848,03/10/2010,Domingo,10:00:00,RN,110,45.0,MOSSORO,Desobediência à sinalização,Colisão lateral,Com Vítimas Feridas,Pleno dia,Crescente,Ceu Claro,Simples,Reta,Urbano,2010,2,0,0,1,1,0,1,2
779905,03/10/2010,Domingo,09:00:00,RN,406,5.0,MACAU,Desobediência à sinalização,Colisão frontal,Com Vítimas Feridas,Pleno dia,Decrescente,Ceu Claro,Simples,Reta,Rural,2010,2,0,0,1,1,0,1,2
779941,03/10/2010,Domingo,16:20:00,RN,101,108.5,PARNAMIRIM,Outras,Colisão traseira,Sem Vítimas,Anoitecer,Decrescente,Ceu Claro,Dupla,Cruzamento,Urbano,2010,2,0,0,0,2,0,0,2
779965,03/10/2010,Domingo,16:00:00,RN,304,295.4,MACAIBA,Outras,Colisão traseira,Sem Vítimas,Pleno dia,Crescente,Sol,Simples,Reta,Rural,2010,3,0,0,0,3,0,0,3
780000,03/10/2010,Domingo,15:45:00,RN,304,295.1,MACAIBA,Falta de atenção,Colisão traseira,Sem Vítimas,Pleno dia,Crescente,Sol,Simples,Reta,Rural,2010,2,0,0,0,2,0,0,2
780116,03/10/2010,Domingo,15:30:00,RN,226,106.0,SANTA CRUZ,Dormindo,Capotamento,Com Vítimas Feridas,Pleno dia,Crescente,Ceu Claro,Simples,Reta,Rural,2010,1,0,1,0,0,0,1,1
780117,23/09/2010,Quinta,23:20:00,RN,101,97.9,NATAL,Outras,Colisão traseira,Com Vítimas Feridas,Pleno dia,Crescente,Nevoeiro/neblina,Dupla,Reta,Urbano,2010,3,0,1,0,2,0,1,3
780265,30/09/2010,Quinta,15:40:00,RN,101,103.8,PARNAMIRIM,Outras,Colisão Transversal,Sem Vítimas,Pleno dia,Crescente,Ceu Claro,Dupla,Cruzamento,Urbano,2010,2,0,0,0,2,0,0,2
780334,01/10/2010,Sexta,06:10:00,RN,101,83.0,NATAL,Não guardar distância de segurança,Colisão traseira,Sem Vítimas,Pleno dia,Decrescente,Ceu Claro,Dupla,Reta,Urbano,2010,2,0,0,0,2,0,0,2
780341,01/10/2010,Sexta,04:00:00,RN,304,34.5,MOSSORO,Falta de atenção,Colisão traseira,Com Vítimas Feridas,Plena noite,Crescente,Ceu Claro,Simples,Reta,Urbano,2010,2,0,1,0,1,0,1,2
780345,30/09/2010,Quinta,15:30:00,RN,101,131.0,SAO JOSE DE MIPIBU,Outras,Capotamento,Sem Vítimas,Pleno dia,Crescente,Sol,Dupla,Curva,Rural,2010,1,0,0,0,1,0,0,1
780362,30/09/2010,Quinta,21:00:00,RN,101,99.9,NATAL,Falta de atenção,Colisão traseira,Sem Vítimas,Plena noite,Crescente,Ceu Claro,Dupla,Cruzamento,Urbano,2010,2,0,0,0,2,0,0,2
780380,02/10/2010,Sábado,06:15:00,RN,101,101.6,PARNAMIRIM,Outras,Colisão traseira,Sem Vítimas,Pleno dia,Decrescente,Sol,Múltipla,Reta,Urbano,2010,2,0,0,0,1,1,0,2
780406,04/10/2010,Segunda,14:40:00,RN,101,75.0,SAO GONCALO DO AMARANTE,Não guardar distância de segurança,Colisão traseira,Sem Vítimas,Pleno dia,Crescente,Ceu Claro,Dupla,Reta,Urbano,2010,2,0,0,0,2,0,0,2
780490,02/10/2010,Sábado,23:00:00,RN,226,65.3,SERRA CAIADA,Dormindo,Colisão frontal,Com Vítimas Feridas,Plena noite,Decrescente,Vento,Simples,Reta,Rural,2010,3,0,1,1,1,0,2,2
780497,30/09/2010,Quinta,12:00:00,RN,101,84.8,SAO GONCALO DO AMARANTE,Falta de atenção,Colisão traseira,Sem Vítimas,Pleno dia,Crescente,Ceu Claro,Simples,Reta,Urbano,2010,3,0,0,0,3,0,0,3
780531,04/10/2010,Segunda,18:30:00,RN,101,78.0,NATAL,Outras,Colisão traseira,Com Vítimas Feridas,Plena noite,Decrescente,Ceu Claro,Dupla,Reta,Rural,2010,2,0,0,1,1,0,1,2
780545,04/10/2010,Segunda,07:30:00,RN,101,107.7,PARNAMIRIM,Falta de atenção,Colisão lateral,Com Vítimas Feridas,Pleno dia,Decrescente,Ceu Claro,Dupla,Reta,Urbano,2010,2,0,1,0,1,0,1,2
780562,04/10/2010,Segunda,09:00:00,RN,304,39.2,MOSSORO,Desobediência à sinalização,Colisão Transversal,Sem Vítimas,Pleno dia,Crescente,Ceu Claro,Simples,Reta,Urbano,2010,3,0,0,0,3,0,0,2
780641,04/10/2010,Segunda,16:15:00,RN,304,37.5,MOSSORO,Desobediência à sinalização,Colisão Transversal,Com Vítimas Feridas,Pleno dia,Crescente,Ceu Claro,Simples,Cruzamento,Urbano,2010,2,0,0,1,1,0,1,2
780647,04/10/2010,Segunda,07:00:00,RN,101,160.2,CANGUARETAMA,Falta de atenção,Colisão Transversal,Sem Vítimas,Pleno dia,Crescente,Sol,Simples,Reta,Urbano,2010,2,0,0,0,2,0,0,2
780682,30/09/2010,Quinta,14:50:00,RN,101,85.6,NATAL,Outras,Colisão lateral,Com Vítimas Feridas,Pleno dia,Crescente,Ceu Claro,Dupla,Reta,Urbano,2010,3,0,1,1,0,1,2,2
780686,02/10/2010,Sábado,23:50:00,RN,101,97.8,NATAL,Ingestão de álcool,Colisão traseira,Sem Vítimas,Plena noite,Decrescente,Ceu Claro,Múltipla,Reta,Urbano,2010,2,0,0,0,2,0,0,2
780774,01/10/2010,Sexta,23:15:00,RN,304,236.4,RIACHUELO,Falta de atenção,Capotamento,Com Vítimas Fatais,Plena noite,Crescente,Ceu Claro,Simples,Curva,Rural,2010,6,1,1,2,1,1,3,2
780783,01/10/2010,Sexta,17:20:00,RN,101,169.4,BAIA FORMOSA,Outras,Colisão com objeto fixo,Sem Vítimas,Pleno dia,Decrescente,Ceu Claro,Simples,Reta,Rural,2010,1,0,0,0,1,0,0,1
780801,01/10/2010,Sexta,16:20:00,RN,226,112.9,SANTA CRUZ,Falta de atenção,Colisão traseira,Sem Vítimas,Pleno dia,Crescente,Ceu Claro,Simples,Reta,Urbano,2010,2,0,0,0,2,0,0,2
780818,01/10/2010,Sexta,16:20:00,RN,101,166.6,BAIA FORMOSA,Falta de atenção,Colisão traseira,Com Vítimas Feridas,Pleno dia,Decrescente,Ceu Claro,Simples,Reta,Urbano,2010,4,0,1,0,3,0,1,3
780848,01/10/2010,Sexta,13:00:00,RN,101,110.0,PARNAMIRIM,Falta de atenção,Colisão lateral,Com Vítimas Feridas,Pleno dia,Decrescente,Ceu Claro,Dupla,Cruzamento,Urbano,2010,12,0,9,2,1,0,11,2
780885,01/10/2010,Sexta,06:10:00,RN,226,2.1,NATAL,Falta de atenção,Colisão traseira,Sem Vítimas,Pleno dia,Decrescente,Ceu Claro,Simples,Cruzamento,Urbano,2010,2,0,0,0,2,0,0,2
780914,01/10/2010,Sexta,10:30:00,RN,226,13.0,MACAIBA,Outras,Colisão traseira,Sem Vítimas,Pleno dia,Decrescente,Ceu Claro,Simples,Reta,Rural,2010,2,0,0,0,2,0,0,2
780936,05/10/2010,Terça,10:10:00,RN,101,98.8,NATAL,Outras,Colisão lateral,Sem Vítimas,Pleno dia,Crescente,Sol,Múltipla,Reta,Urbano,2010,2,0,0,0,2,0,0,2
780938,02/10/2010,Sábado,04:00:00,RN,226,216.4,FLORANIA,Falta de atenção,Colisão traseira,Com Vítimas Fatais,Plena noite,Decrescente,Ceu Claro,Simples,Reta,Rural,2010,3,1,1,1,0,0,2,2
780960,05/10/2010,Terça,09:30:00,RN,101,96.8,NATAL,Falta de atenção,Colisão traseira,Com Vítimas Feridas,Pleno dia,Decrescente,Sol,Dupla,Reta,Urbano,2010,2,0,1,0,1,0,1,2
780969,05/10/2010,Terça,10:30:00,RN,101,101.8,PARNAMIRIM,Outras,Colisão traseira,Sem Vítimas,Pleno dia,Decrescente,Sol,Dupla,Reta,Urbano,2010,2,0,0,0,2,0,0,2
780978,01/10/2010,Sexta,18:00:00,RN,101,104.0,PARNAMIRIM,Falta de atenção,Colisão lateral,Com Vítimas Feridas,Plena noite,Crescente,Ceu Claro,Múltipla,Cruzamento,Urbano,2010,3,0,2,0,1,0,2,2
781064,05/10/2010,Terça,17:25:00,RN,304,236.5,RIACHUELO,Outras,Colisão lateral,Sem Vítimas,Anoitecer,Crescente,Ceu Claro,Simples,Reta,Rural,2010,2,0,0,0,2,0,0,2
781074,05/10/2010,Terça,15:10:00,RN,304,275.0,SAO PEDRO,Ultrapassagem indevida,Colisão Transversal,Sem Vítimas,Pleno dia,Crescente,Ceu Claro,Simples,Reta,Rural,2010,2,0,0,0,2,0,0,2
781095,05/10/2010,Terça,17:00:00,RN,101,131.0,SAO JOSE DE MIPIBU,Falta de atenção,Colisão traseira,Sem Vítimas,Pleno dia,Decrescente,Ceu Claro,Dupla,Cruzamento,Urbano,2010,2,0,0,0,2,0,0,2
781109,05/10/2010,Terça,16:30:00,RN,304,84.5,MOSSORO,Falta de atenção,Colisão Transversal,Com Vítimas Feridas,Pleno dia,Decrescente,Sol,Simples,Reta,Rural,2010,2,0,2,0,0,0,2,2
781197,03/10/2010,Domingo,17:15:00,RN,101,110.8,PARNAMIRIM,Outras,Colisão lateral,Sem Vítimas,Anoitecer,Decrescente,Ceu Claro,Dupla,Reta,Urbano,2010,2,0,0,0,2,0,0,2
781277,04/10/2010,Segunda,20:35:00,RN,304,47.9,MOSSORO,Outras,Colisão traseira,Com Vítimas Feridas,Plena noite,Decrescente,Ceu Claro,Simples,Reta,Urbano,2010,2,0,1,0,1,0,1,2
781290,24/09/2010,Sexta,07:00:00,RN,101,85.2,SAO GONCALO DO AMARANTE,Falta de atenção,Colisão traseira,Sem Vítimas,Pleno dia,Crescente,Ceu Claro,Dupla,Curva,Urbano,2010,2,0,0,0,2,0,0,2
781368,27/09/2010,Segunda,06:30:00,RN,101,84.2,SAO GONCALO DO AMARANTE,Não guardar distância de segurança,Colisão traseira,Sem Vítimas,Pleno dia,Crescente,Ceu Claro,Dupla,Reta,Urbano,2010,2,0,0,0,2,0,0,2
781411,04/10/2010,Segunda,18:10:00,RN,110,50.1,MOSSORO,Outras,Colisão traseira,Com Vítimas Feridas,Plena noite,Crescente,Ceu Claro,Dupla,Reta,Urbano,2010,3,0,1,0,2,0,1,2
781415,27/09/2010,Segunda,15:30:00,RN,405,52.4,FELIPE GUERRA,Defeito mecânico em veículo,Tombamento,Sem Vítimas,Pleno dia,Crescente,Ignorada,Simples,Cruzamento,Rural,2010,1,0,0,0,1,0,0,1
781440,18/07/2010,Domingo,18:40:00,RN,304,307.6,PARNAMIRIM,Falta de atenção,Colisão lateral,Sem Vítimas,Plena noite,Decrescente,Ceu Claro,Dupla,Curva,Urbano,2010,2,0,0,0,2,0,0,2
781442,02/10/2010,Sábado,08:45:00,RN,101,97.7,NATAL,Falta de atenção,Colisão traseira,Sem Vítimas,Pleno dia,Decrescente,Ceu Claro,Dupla,Reta,Urbano,2010,2,0,0,0,2,0,0,2
781486,28/09/2010,Terça,11:30:00,RN,101,101.0,PARNAMIRIM,Não guardar distância de segurança,Colisão traseira,Sem Vítimas,Pleno dia,Decrescente,Ceu Claro,Simples,Reta,Rural,2010,2,0,0,0,2,0,0,2
781670,06/10/2010,Quarta,13:00:00,RN,101,79.8,SAO GONCALO DO AMARANTE,Outras,Colisão Transversal,Com Vítimas Feridas,Pleno dia,Crescente,Ceu Claro,Dupla,Reta,Urbano,2010,4,0,1,2,1,0,3,2
781814,07/10/2010,Quinta,06:55:00,RN,101,117.5,SAO JOSE DE MIPIBU,Falta de atenção,Colisão traseira,Sem Vítimas,Pleno dia,Crescente,Ceu Claro,Dupla,Cruzamento,Urbano,2010,2,0,0,0,2,0,0,2
781858,04/10/2010,Segunda,06:20:00,RN,304,293.9,MACAIBA,Falta de atenção,Colisão traseira,Sem Vítimas,Pleno dia,Crescente,Ceu Claro,Simples,Reta,Rural,2010,3,0,0,0,3,0,0,3
781878,04/10/2010,Segunda,03:55:00,RN,427,32.9,ACARI,Outras,Colisão lateral,Com Vítimas Feridas,Amanhecer,Crescente,Ceu Claro,Simples,Reta,Rural,2010,6,0,1,0,5,0,1,2
781913,07/10/2010,Quinta,09:30:00,RN,101,126.0,SAO JOSE DE MIPIBU,Outras,Colisão lateral,Sem Vítimas,Pleno dia,Crescente,Ceu Claro,Simples,Curva,Urbano,2010,2,0,0,0,2,0,0,2
782076,29/09/2010,Quarta,17:50:00,RN,304,185.7,LAJES,Defeito mecânico em veículo,Saída de Pista,Sem Vítimas,Anoitecer,Decrescente,Ceu Claro,Simples,Reta,Rural,2010,1,0,0,0,1,0,0,1
782085,07/10/2010,Quinta,06:10:00,RN,405,64.5,FELIPE GUERRA,Outras,Colisão Transversal,Com Vítimas Feridas,Pleno dia,Decrescente,Sol,Simples,Reta,Rural,2010,3,0,0,2,1,0,2,2
782093,07/10/2010,Quinta,18:40:00,RN,304,37.6,MOSSORO,Não guardar distância de segurança,Colisão traseira,Sem Vítimas,Plena noite,Decrescente,Ceu Claro,Dupla,Cruzamento,Urbano,2010,2,0,0,0,2,0,0,2
782105,07/10/2010,Quinta,10:00:00,RN,101,101.8,PARNAMIRIM,Falta de atenção,Colisão traseira,Com Vítimas Feridas,Pleno dia,Crescente,Sol,Dupla,Cruzamento,Urbano,2010,2,0,1,0,1,0,1,2
782120,07/10/2010,Quinta,17:10:00,RN,101,101.9,PARNAMIRIM,Falta de atenção,Colisão lateral,Sem Vítimas,Pleno dia,Crescente,Ceu Claro,Dupla,Cruzamento,Urbano,2010,2,0,0,0,2,0,0,2
782123,07/10/2010,Quinta,16:30:00,RN,101,103.0,PARNAMIRIM,Falta de atenção,Colisão lateral,Sem Vítimas,Pleno dia,Decrescente,Ceu Claro,Simples,Reta,Urbano,2010,2,0,0,0,2,0,0,2
782175,03/10/2010,Domingo,18:30:00,RN,101,58.4,CEARA-MIRIM,Falta de atenção,Queda de motocicleta / bicicleta / veículo,Com Vítimas Feridas,Plena noite,Crescente,Ceu Claro,Simples,Reta,Rural,2010,2,0,0,2,0,0,2,1