id,data_inversa,dia_semana,horario,uf,br,km,municipio,causa_acidente,tipo_acidente,classificacao_acidente,fase_dia,sentido_via,condicao_metereologica,tipo_pista,tracado_via,uso_solo,ano,pessoas,mortos,feridos_leves,feridos_graves,ilesos,ignorados,feridos,veiculos
797448,04/11/2010,Quinta,08:10:00,RN,304,258.3,SANTA MARIA,Não guardar distância de segurança,Colisão traseira,Sem Vítimas,Pleno dia,Decrescente,Ceu Claro,Simples,Reta,Urbano,2010,2,0,0,0,2,0,0,2
797454,02/11/2010,Terça,19:30:00,RN,101,101.9,PARNAMIRIM,Falta de atenção,Colisão traseira,Sem Vítimas,Plena noite,Decrescente,Ceu Claro,Dupla,Reta,Urbano,2010,2,0,0,0,2,0,0,2
797478,02/11/2010,Terça,20:20:00,RN,101,100.0,PARNAMIRIM,Ingestão de álcool,Colisão com objeto fixo,Sem Vítimas,Plena noite,Decrescente,Ceu Claro,Dupla,Reta,Urbano,2010,1,0,0,0,1,0,0,1
797540,29/10/2010,Sexta,17:50:00,RN,101,98.0,NATAL,Falta de atenção,Colisão lateral,Sem Vítimas,Plena noite,Crescente,Ceu Claro,Simples,Cruzamento,Urbano,2010,2,0,0,0,2,0,0,2
797566,06/11/2010,Sábado,12:10:00,RN,101,98.8,NATAL,Falta de atenção,Colisão traseira,Com Vítimas Feridas,Pleno dia,Crescente,Ceu Claro,Dupla,Reta,Urbano,2010,2,0,1,0,1,0,1,2
797610,29/10/2010,Sexta,06:20:00,RN,101,96.5,NATAL,Falta de atenção,Atropelamento de pessoa,Com Vítimas Feridas,Pleno dia,Crescente,Ceu Claro,Dupla,Reta,Urbano,2010,2,0,1,0,1,0,1,1
797731,06/11/2010,Sábado,17:15:00,RN,405,3.0,MOSSORO,Falta de atenção,Colisão Transversal,Sem Vítimas,Anoitecer,Decrescente,Ceu Claro,Simples,Reta,Urbano,2010,2,0,0,0,2,0,0,2
797759,02/11/2010,Terça,19:20:00,RN,304,290.5,MACAIBA,Falta de atenção,Colisão traseira,Sem Vítimas,Plena noite,Crescente,Ceu Claro,Simples,Reta,Rural,2010,3,0,0,0,3,0,0,3
797824,07/11/2010,Domingo,09:30:00,RN,101,85.6,SAO GONCALO DO AMARANTE,Falta de atenção,Colisão lateral,Sem Vítimas,Plena noite,Crescente,Ceu Claro,Dupla,Reta,Urbano,2010,2,0,0,0,2,0,0,2
797825,06/11/2010,Sábado,18:15:00,RN,304,32.9,MOSSORO,Falta de atenção,Colisão lateral,Sem Vítimas,Plena noite,Decrescente,Ceu Claro,Simples,Reta,Urbano,2010,2,0,0,0,2,0,0,2
797856,03/11/2010,Quarta,18:30:00,RN,101,147.6,GOIANINHA,Falta de atenção,Colisão frontal,Com Vítimas Feridas,Plena noite,Crescente,Ceu Claro,Simples,Cruzamento,Urbano,2010,3,0,0,2,1,0,2,2
797922,26/10/2010,Terça,15:30:00,RN,101,107.5,PARNAMIRIM,Falta de atenção,Colisão Transversal,Sem Vítimas,Pleno dia,Decrescente,Ceu Claro,Dupla,Cruzamento,Urbano,2010,2,0,0,0,2,0,0,2
797944,26/10/2010,Terça,16:25:00,RN,101,94.0,NATAL,Falta de atenção,Colisão traseira,Sem Vítimas,Pleno dia,Decrescente,Ceu Claro,Dupla,Reta,Urbano,2010,2,0,0,0,2,0,0,2
797957,07/11/2010,Domingo,11:20:00,RN,304,37.0,MOSSORO,Falta de atenção,Colisão traseira,Sem Vítimas,Pleno dia,Crescente,Sol,Simples,Reta,Urbano,2010,2,0,0,0,2,0,0,2
797971,07/11/2010,Domingo,18:30:00,RN,304,43.0,MOSSORO,Falta de atenção,Colisão lateral,Sem Vítimas,Plena noite,Decrescente,Ceu Claro,Dupla,Cruzamento,Rural,2010,2,0,0,0,2,0,0,2
797989,07/11/2010,Domingo,18:50:00,RN,304,36.0,MOSSORO,Falta de atenção,Colisão lateral,Sem Vítimas,Plena noite,Crescente,Ceu Claro,Simples,Reta,Urbano,2010,2,0,0,0,2,0,0,2
798008,07/11/2010,Domingo,16:30:00,RN,427,99.9,CAICO,Ingestão de álcool,Colisão traseira,Sem Vítimas,Pleno dia,Crescente,Ceu Claro,Simples,Reta,Urbano,2010,3,0,0,0,3,0,0,3
798035,07/11/2010,Domingo,06:15:00,RN,101,68.0,EXTREMOZ,Falta de atenção,Colisão Transversal,Sem Vítimas,Pleno dia,Crescente,Ceu Claro,Simples,Cruzamento,Rural,2010,2,0,0,0,2,0,0,2
798049,07/11/2010,Domingo,19:15:00,RN,101,80.7,NATAL,Não guardar distância de segurança,Colisão traseira,Sem Vítimas,Plena noite,Crescente,Ceu Claro,Dupla,Curva,Urbano,2010,3,0,0,0,2,1,0,3
798117,07/11/2010,Domingo,15:10:00,RN,406,163.0,SAO GONCALO DO AMARANTE,Ultrapassagem indevida,Colisão lateral,Com Vítimas Feridas,Pleno dia,Crescente,Ceu Claro,Simples,Curva,Rural,2010,2,0,1,0,1,0,1,2
798250,06/11/2010,Sábado,07:30:00,RN,304,191.0,LAJES,Outras,Atropelamento de pessoa,Com Vítimas Feridas,Pleno dia,Crescente,Ceu Claro,Simples,Reta,Urbano,2010,2,0,1,0,0,1,1,1
798253,30/10/2010,Sábado,11:00:00,RN,101,96.0,NATAL,Falta de atenção,Colisão traseira,Sem Vítimas,Pleno dia,Decrescente,Ceu Claro,Simples,Reta,Urbano,2010,2,0,0,0,2,0,0,2
798286,03/11/2010,Quarta,05:20:00,RN,226,0.0,SANTA CRUZ,Falta de atenção,Capotamento,Com Vítimas Feridas,Amanhecer,Decrescente,Ceu Claro,Simples,Reta,Rural,2010,4,0,2,0,1,1,2,3
798404,01/11/2010,Segunda,09:30:00,RN,101,108.1,PARNAMIRIM,Falta de atenção,Colisão Transversal,Com Vítimas Feridas,Pleno dia,Decrescente,Ceu Claro,Dupla,Reta,Urbano,2010,2,0,1,0,1,0,1,2
798425,08/11/2010,Segunda,10:30:00,RN,101,99.4,NATAL,Falta de atenção,Colisão traseira,Sem Vítimas,Pleno dia,Decrescente,Ceu Claro,Dupla,Cruzamento,Urbano,2010,2,0,0,0,2,0,0,2
798435,06/11/2010,Sábado,07:00:00,RN,101,123.3,SAO JOSE DE MIPIBU,Falta de atenção,Colisão Transversal,Com Vítimas Fatais,Pleno dia,Decrescente,Ceu Claro,Dupla,Reta,Rural,2010,2,1,0,0,1,0,0,2
798452,08/11/2010,Segunda,12:00:00,RN,101,107.0,PARNAMIRIM,Outras,Colisão traseira,Sem Vítimas,Pleno dia,Decrescente,Ceu Claro,Dupla,Cruzamento,Urbano,2010,2,0,0,0,2,0,0,2
798502,08/11/2010,Segunda,14:45:00,RN,101,97.7,NATAL,Falta de atenção,Colisão traseira,Sem Vítimas,Pleno dia,Decrescente,Ceu Claro,Múltipla,Reta,Urbano,2010,2,0,0,0,1,1,0,2
798605,08/11/2010,Segunda,20:10:00,RN,110,47.0,MOSSORO,Não guardar distância de segurança,Colisão traseira,Sem Vítimas,Plena noite,Crescente,Ceu Claro,Simples,Cruzamento,Urbano,2010,2,0,0,0,2,0,0,2
798615,30/10/2010,Sábado,13:30:00,RN,406,100.0,JOAO CAMARA,Outras,Colisão lateral,Com Vítimas Feridas,Pleno dia,Decrescente,Ceu Claro,Simples,Reta,Urbano,2010,2,0,0,1,0,1,1,2
798618,08/11/2010,Segunda,19:15:00,RN,101,100.0,NATAL,Falta de atenção,Colisão lateral,Sem Vítimas,Anoitecer,Crescente,Nublado,Dupla,Cruzamento,Urbano,2010,2,0,0,0,2,0,0,2
798625,30/10/2010,Sábado,21:50:00,RN,304,34.5,MOSSORO,Desobediência à sinalização,Colisão Transversal,Sem Vítimas,Plena noite,Crescente,Ceu Claro,Simples,Cruzamento,Urbano,2010,2,0,0,0,1,1,0,2
798635,08/11/2010,Segunda,11:00:00,RN,304,288.7,MACAIBA,Outras,Saída de Pista,Com Vítimas Feridas,Pleno dia,Crescente,Sol,Simples,Reta,Rural,2010,1,0,1,0,0,0,1,1
798662,08/11/2010,Segunda,10:00:00,RN,101,96.0,NATAL,Não guardar distância de segurança,Colisão traseira,Com Vítimas Feridas,Pleno dia,Decrescente,Ceu Claro,Múltipla,Reta,Urbano,2010,2,0,1,0,1,0,1,2
798754,09/11/2010,Terça,03:30:00,RN,427,104.1,CAICO,Outras,Colisão traseira,Sem Vítimas,Plena noite,Crescente,Ceu Claro,Simples,Reta,Rural,2010,3,0,0,0,2,1,0,3
798780,08/11/2010,Segunda,04:50:00,RN,304,78.5,MOSSORO,Outras,Capotamento,Com Vítimas Feridas,Plena noite,Crescente,Ceu Claro,Simples,Reta,Rural,2010,2,0,0,2,0,0,2,1
798811,06/11/2010,Sábado,16:30:00,RN,101,82.2,SAO GONCALO DO AMARANTE,Não guardar distância de segurança,Colisão traseira,Com Vítimas Feridas,Pleno dia,Crescente,Ceu Claro,Dupla,Reta,Urbano,2010,2,0,0,1,1,0,1,2
798816,08/11/2010,Segunda,12:40:00,RN,101,77.6,NATAL,Falta de atenção,Colisão Transversal,Sem Vítimas,Pleno dia,Decrescente,Sol,Dupla,Reta,Rural,2010,2,0,0,0,2,0,0,2
798826,05/11/2010,Sexta,09:30:00,RN,101,95.8,NATAL,Falta de atenção,Colisão lateral,Sem Vítimas,Pleno dia,Decrescente,Ceu Claro,Múltipla,Reta,Urbano,2010,2,0,0,0,2,0,0,2
799001,06/11/2010,Sábado,02:10:00,RN,405,35.6,GOVERNADOR DIX-SEPT ROSADO,Outras,Colisão lateral,Sem Vítimas,Plena noite,Crescente,Ignorada,Simples,Reta,Rural,2010,2,0,0,0,2,0,0,2
799103,09/11/2010,Terça,15:30:00,RN,101,84.9,NATAL,Não guardar distância de segurança,Colisão traseira,Sem Vítimas,Pleno dia,Decrescente,Ceu Claro,Dupla,Reta,Urbano,2010,2,0,0,0,2,0,0,2
799236,09/11/2010,Terça,22:00:00,RN,304,49.0,MOSSORO,Dormindo,Colisão com objeto fixo,Sem Vítimas,Plena noite,Decrescente,Ceu Claro,Simples,Reta,Urbano,2010,1,0,0,0,1,0,0,1
799253,09/11/2010,Terça,07:10:00,RN,101,103.0,PARNAMIRIM,Falta de atenção,Colisão lateral,Sem Vítimas,Pleno dia,Decrescente,Sol,Múltipla,Reta,Urbano,2010,2,0,0,0,2,0,0,2
799297,04/11/2010,Quinta,12:20:00,RN,405,6.0,MOSSORO,Falta de atenção,Colisão lateral,Com Vítimas Fatais,Pleno dia,Crescente,Ceu Claro,Simples,Reta,Rural,2010,2,1,0,0,0,1,0,2
799381,06/11/2010,Sábado,09:10:00,RN,101,105.1,PARNAMIRIM,Outras,Colisão lateral,Sem Vítimas,Pleno dia,Crescente,Sol,Dupla,Reta,Urbano,2010,2,0,0,0,2,0,0,2
799406,03/11/2010,Quarta,22:20:00,RN,101,94.5,NATAL,Falta de atenção,Colisão traseira,Sem Vítimas,Plena noite,Decrescente,Ceu Claro,Múltipla,Reta,Urbano,2010,2,0,0,0,2,0,0,2
799439,06/11/2010,Sábado,20:15:00,RN,304,296.0,MACAIBA,Não guardar distância de segurança,Colisão traseira,Sem Vítimas,Plena noite,Crescente,Ceu Claro,Dupla,Reta,Urbano,2010,2,0,0,0,2,0,0,2
799476,26/10/2010,Terça,16:30:00,RN,101,75.6,NATAL,Outras,Colisão Transversal,Com Vítimas Feridas,Pleno dia,Crescente,Ceu Claro,Dupla,Reta,Rural,2010,2,0,1,0,0,1,1,2
799484,07/11/2010,Domingo,01:00:00,RN,226,101.6,SANTA CRUZ,Outras,Colisão com objeto fixo,Com Vítimas Feridas,Plena noite,Crescente,Ceu Claro,Simples,Reta,Rural,2010,2,0,0,1,0,1,1,2
799502,09/11/2010,Terça,11:50:00,RN,226,2.7,NATAL,Outras,Colisão lateral,Com Vítimas Feridas,Pleno dia,Decrescente,Sol,Simples,Cruzamento,Urbano,2010,3,0,0,1,2,0,1,2
799649,10/11/2010,Quarta,09:00:00,RN,405,0.0,MOSSORO,Desobediência à sinalização,Colisão lateral,Com Vítimas Feridas,Pleno dia,Crescente,Sol,Dupla,Cruzamento,Urbano,2010,2,0,1,0,1,0,1,2
799706,06/11/2010,Sábado,11:40:00,RN,101,94.6,NATAL,Não guardar distância de segurança,Colisão traseira,Sem Vítimas,Pleno dia,Decrescente,Sol,Múltipla,Reta,Urbano,2010,4,0,0,0,4,0,0,4
799887,10/11/2010,Quarta,15:00:00,RN,101,84.5,SAO GONCALO DO AMARANTE,Falta de atenção,Colisão lateral,Sem Vítimas,Pleno dia,Crescente,Sol,Dupla,Cruzamento,Urbano,2010,3,0,0,0,3,0,0,2
799920,10/11/2010,Quarta,16:00:00,RN,304,292.0,MACAIBA,Falta de atenção,Colisão lateral,Com Vítimas Feridas,Pleno dia,Crescente,Ceu Claro,Simples,Reta,Rural,2010,4,0,1,0,2,1,1,4
799931,10/11/2010,Quarta,18:40:00,RN,226,276.9,TRIUNFO POTIGUAR,Outras,Colisão frontal,Com Vítimas Fatais,Plena noite,Decrescente,Ceu Claro,Simples,Reta,Urbano,2010,3,1,1,0,1,0,1,2
799935,06/11/2010,Sábado,17:10:00,RN,101,159.2,CANGUARETAMA,Outras,Saída de Pista,Sem Vítimas,Anoitecer,Crescente,Ceu Claro,Dupla,Reta,Urbano,2010,1,0,0,0,1,0,0,1
800028,11/11/2010,Quinta,02:30:00,RN,405,65.0,FELIPE GUERRA,Ingestão de álcool,Colisão traseira,Com Vítimas Feridas,Plena noite,Decrescente,Ceu Claro,Simples,Reta,Rural,2010,4,0,3,0,1,0,3,2
800060,08/11/2010,Segunda,03:45:00,RN,101,100.8,PARNAMIRIM,Velocidade incompatível,Capotamento,Com Vítimas Fatais,Plena noite,Crescente,Ceu Claro,Dupla,Curva,Urbano,2010,6,1,2,1,0,2,3,1
800084,07/11/2010,Domingo,23:49:00,RN,101,96.0,NATAL,Não guardar distância de segurança,Colisão traseira,Sem Vítimas,Plena noite,Crescente,Ceu Claro,Dupla,Reta,Urbano,2010,4,0,0,0,4,0,0,2
800138,11/11/2010,Quinta,09:30:00,RN,110,49.0,MOSSORO,Falta de atenção,Colisão Transversal,Sem Vítimas,Pleno dia,Crescente,Ceu Claro,Dupla,Cruzamento,Urbano,2010,2,0,0,0,2,0,0,2
800248,11/11/2010,Quinta,07:45:00,RN,101,97.6,NATAL,Falta de atenção,Colisão traseira,Sem Vítimas,Pleno dia,Decrescente,Sol,Múltipla,Reta,Urbano,2010,3,0,0,0,3,0,0,3
800254,11/11/2010,Quinta,13:45:00,RN,101,100.1,NATAL,Falta de atenção,Colisão traseira,Sem Vítimas,Pleno dia,Crescente,Ceu Claro,Dupla,Reta,Urbano,2010,3,0,0,0,2,1,0,3
800291,10/11/2010,Quarta,17:40:00,RN,427,145.1,SERRA NEGRA DO NORTE,Outras,Colisão frontal,Com Vítimas Fatais,Anoitecer,Crescente,Ceu Claro,Simples,Reta,Urbano,2010,5,2,2,0,1,0,2,3
800324,11/11/2010,Quinta,12:30:00,RN,101,148.5,GOIANINHA,Falta de atenção,Colisão Transversal,Sem Vítimas,Pleno dia,Decrescente,Sol,Dupla,Cruzamento,Urbano,2010,2,0,0,0,2,0,0,2
800347,11/11/2010,Quinta,10:45:00,RN,101,83.0,NATAL,Falta de atenção,Colisão traseira,Sem Vítimas,Pleno dia,Decrescente,Ceu Claro,Simples,Reta,Urbano,2010,2,0,0,0,2,0,0,2
800373,11/11/2010,Quinta,14:25:00,RN,101,97.9,NATAL,Outras,Colisão traseira,Sem Vítimas,Pleno dia,Decrescente,Ceu Claro,Dupla,Reta,Urbano,2010,2,0,0,0,2,0,0,2
800439,11/11/2010,Quinta,16:30:00,RN,226,133.5,CAMPO REDONDO,Defeito mecânico em veículo,Incêndio,Sem Vítimas,Pleno dia,Crescente,Sol,Simples,Curva,Rural,2010,1,0,0,0,1,0,0,1
800454,07/11/2010,Domingo,17:40:00,RN,304,119.5,ITAJA,Defeito mecânico em veículo,Tombamento,Sem Vítimas,Anoitecer,Decrescente,Ceu Claro,Simples,Reta,Rural,2010,1,0,0,0,1,0,0,1
800511,11/11/2010,Quinta,19:15:00,RN,304,228.3,RIACHUELO,Defeito na via,Tombamento,Com Vítimas Feridas,Plena noite,Decrescente,Ceu Claro,Simples,Reta,Urbano,2010,1,0,1,0,0,0,1,1
800623,08/11/2010,Segunda,19:00:00,RN,101,94.4,NATAL,Falta de atenção,Colisão traseira,Sem Vítimas,Plena noite,Decrescente,Ceu Claro,Múltipla,Cruzamento,Urbano,2010,2,0,0,0,2,0,0,2
800650,12/11/2010,Sexta,08:00:00,RN,101,84.2,SAO GONCALO DO AMARANTE,Não guardar distância de segurança,Colisão traseira,Sem Vítimas,Pleno dia,Crescente,Ceu Claro,Múltipla,Reta,Urbano,2010,2,0,0,0,2,0,0,2
800690,11/11/2010,Quinta,21:10:00,RN,427,22.8,ACARI,Outras,Capotamento,Com Vítimas Feridas,Plena noite,Crescente,Ceu Claro,Simples,Curva,Rural,2010,3,0,3,0,0,0,3,1
800710,08/11/2010,Segunda,16:05:00,RN,101,95.0,NATAL,Falta de atenção,Colisão lateral,Sem Vítimas,Pleno dia,Crescente,Sol,Dupla,Cruzamento,Urbano,2010,2,0,0,0,2,0,0,2
800895,12/11/2010,Sexta,15:10:00,RN,406,126.0,POCO BRANCO,Falta de atenção,Colisão Transversal,Com Vítimas Fatais,Pleno dia,Crescente,Ceu Claro,Simples,Reta,Rural,2010,2,1,0,0,1,0,0,2
800908,12/11/2010,Sexta,15:50:00,RN,101,101.9,PARNAMIRIM,Outras,Colisão traseira,Sem Vítimas,Pleno dia,Crescente,Ceu Claro,Dupla,Cruzamento,Urbano,2010,2,0,0,0,2,0,0,2
801034,12/11/2010,Sexta,06:35:00,RN,101,96.7,NATAL,Velocidade incompatível,Capotamento,Ignorado,Amanhecer,Decrescente,Sol,Simples,Curva,Urbano,2010,1,0,0,0,0,1,0,1
801074,12/11/2010,Sexta,13:45:00,RN,101,107.2,PARNAMIRIM,Não guardar distância de segurança,Colisão traseira,Sem Vítimas,Pleno dia,Decrescente,Sol,Dupla,Reta,Urbano,2010,2,0,0,0,2,0,0,2
801099,12/11/2010,Sexta,19:15:00,RN,427,101.7,CAICO,Falta de atenção,Colisão com bicicleta,Com Vítimas Feridas,Plena noite,Crescente,Ceu Claro,Simples,Curva,Urbano,2010,2,0,0,1,1,0,1,2
801106,12/11/2010,Sexta,13:00:00,RN,101,108.5,PARNAMIRIM,Outras,Colisão com bicicleta,Com Vítimas Feridas,Pleno dia,Decrescente,Sol,Dupla,Reta,Urbano,2010,2,0,0,1,1,0,1,2
801119,12/11/2010,Sexta,14:00:00,RN,101,101.6,PARNAMIRIM,Outras,Colisão lateral,Sem Vítimas,Pleno dia,Decrescente,Sol,Dupla,Reta,Urbano,2010,2,0,0,0,2,0,0,2
801285,09/11/2010,Terça,14:30:00,RN,101,97.1,NATAL,Falta de atenção,Colisão traseira,Sem Vítimas,Pleno dia,Crescente,Ceu Claro,Múltipla,Reta,Urbano,2010,2,0,0,0,2,0,0,2
801363,13/11/2010,Sábado,07:30:00,RN,101,97.6,NATAL,Ingestão de álcool,Capotamento,Com Vítimas Feridas,Pleno dia,Decrescente,Sol,Múltipla,Reta,Urbano,2010,3,0,1,0,2,0,1,3
801428,13/11/2010,Sábado,12:00:00,RN,101,98.0,NATAL,Falta de atenção,Colisão traseira,Sem Vítimas,Pleno dia,Decrescente,Ceu Claro,Múltipla,Cruzamento,Urbano,2010,2,0,0,0,2,0,0,2
801688,13/11/2010,Sábado,18:20:00,RN,406,168.0,SAO GONCALO DO AMARANTE,Falta de atenção,Colisão lateral,Sem Vítimas,Plena noite,Decrescente,Ceu Claro,Simples,Reta,Rural,2010,2,0,0,0,2,0,0,2
801694,13/11/2010,Sábado,16:20:00,RN,101,83.0,NATAL,Ultrapassagem indevida,Colisão lateral,Com Vítimas Feridas,Pleno dia,Decrescente,Sol,Dupla,Reta,Urbano,2010,3,0,2,0,1,0,2,2
801779,13/11/2010,Sábado,22:00:00,RN,101,81.1,NATAL,Falta de atenção,Colisão Transversal,Sem Vítimas,Plena noite,Decrescente,Vento,Dupla,Cruzamento,Urbano,2010,2,0,0,0,1,1,0,2
801823,13/11/2010,Sábado,20:00:00,RN,406,122.7,TAIPU,Animais na Pista,Atropelamento de animal,Sem Vítimas,Plena noite,Decrescente,Ceu Claro,Simples,Reta,Rural,2010,1,0,0,0,1,0,0,1
801825,13/11/2010,Sábado,12:40:00,RN,226,173.0,CURRAIS NOVOS,Falta de atenção,Colisão frontal,Com Vítimas Fatais,Pleno dia,Crescente,Ceu Claro,Simples,Curva,Rural,2010,5,1,3,0,1,0,3,2
801858,13/11/2010,Sábado,21:40:00,RN,427,7.8,CURRAIS NOVOS,Outras,Capotamento,Sem Vítimas,Plena noite,Crescente,Ceu Claro,Simples,Curva,Rural,2010,1,0,0,0,1,0,0,1
801931,10/11/2010,Quarta,08:05:00,RN,101,98.9,NATAL,Não guardar distância de segurança,Colisão traseira,Sem Vítimas,Pleno dia,Decrescente,Ceu Claro,Dupla,Reta,Urbano,2010,3,0,0,0,3,0,0,3
801941,10/11/2010,Quarta,09:40:00,RN,101,108.3,PARNAMIRIM,Outras,Atropelamento de pessoa,Com Vítimas Feridas,Pleno dia,Decrescente,Sol,Dupla,Reta,Urbano,2010,2,0,1,0,1,0,1,1
802016,14/11/2010,Domingo,07:20:00,RN,304,43.0,MOSSORO,Falta de atenção,Colisão frontal,Com Vítimas Fatais,Pleno dia,Decrescente,Ceu Claro,Simples,Reta,Urbano,2010,9,1,0,7,0,1,7,2
802035,10/11/2010,Quarta,07:15:00,RN,101,106.1,PARNAMIRIM,Falta de atenção,Colisão traseira,Sem Vítimas,Pleno dia,Decrescente,Ceu Claro,Dupla,Cruzamento,Urbano,2010,2,0,0,0,1,1,0,2
802061,10/11/2010,Quarta,17:20:00,RN,101,108.4,PARNAMIRIM,Desobediência à sinalização,Colisão Transversal,Sem Vítimas,Anoitecer,Decrescente,Ceu Claro,Dupla,Cruzamento,Urbano,2010,2,0,0,0,1,1,0,2
802110,06/11/2010,Sábado,18:30:00,RN,101,126.6,SAO JOSE DE MIPIBU,Outras,Colisão traseira,Com Vítimas Feridas,Plena noite,Decrescente,Ceu Claro,Dupla,Reta,Rural,2010,2,0,0,1,0,1,1,2
802209,14/11/2010,Domingo,16:20:00,RN,304,108.0,ASSU,Desobediência à sinalização,Colisão Transversal,Sem Vítimas,Pleno dia,Crescente,Ceu Claro,Simples,Cruzamento,Urbano,2010,2,0,0,0,2,0,0,2
802296,13/11/2010,Sábado,22:00:00,RN,226,0.8,NATAL,Outras,Colisão lateral,Sem Vítimas,Plena noite,Decrescente,Ceu Claro,Simples,Reta,Urbano,2010,2,0,0,0,2,0,0,2
802298,14/11/2010,Domingo,21:30:00,RN,101,99.7,NATAL,Falta de atenção,Colisão traseira,Sem Vítimas,Plena noite,Crescente,Ceu Claro,Dupla,Reta,Urbano,2010,2,0,0,0,2,0,0,2
802321,14/11/2010,Domingo,22:10:00,RN,226,36.7,MACAIBA,Animais na Pista,Atropelamento de animal,Com Vítimas Feridas,Plena noite,Crescente,Ceu Claro,Simples,Reta,Rural,2010,1,0,0,1,0,0,1,1
802470,11/11/2010,Quinta,19:00:00,RN,101,124.2,SAO JOSE DE MIPIBU,Ingestão de álcool,Colisão traseira,Sem Vítimas,Plena noite,Decrescente,Ceu Claro,Múltipla,Reta,Urbano,2010,2,0,0,0,2,0,0,2
802480,09/11/2010,Terça,15:15:00,RN,101,144.5,GOIANINHA,Falta de atenção,Colisão Transversal,Sem Vítimas,Pleno dia,Decrescente,Sol,Dupla,Curva,Rural,2010,2,0,0,0,2,0,0,2
802518,11/11/2010,Quinta,20:30:00,RN,101,158.0,CANGUARETAMA,Velocidade incompatível,Capotamento,Com Vítimas Feridas,Plena noite,Crescente,Ceu Claro,Dupla,Reta,Rural,2010,1,0,0,1,0,0,1,1
802567,15/11/2010,Segunda,11:30:00,RN,101,99.8,NATAL,Outras,Colisão traseira,Sem Vítimas,Pleno dia,Decrescente,Ceu Claro,Dupla,Reta,Urbano,2010,2,0,0,0,2,0,0,2
802610,10/11/2010,Quarta,14:50:00,RN,101,83.1,NATAL,Outras,Colisão lateral,Sem Vítimas,Pleno dia,Decrescente,Ceu Claro,Dupla,Reta,Urbano,2010,2,0,0,0,2,0,0,2
802679,15/11/2010,Segunda,16:20:00,RN,304,25.0,MOSSORO,Não guardar distância de segurança,Colisão traseira,Sem Vítimas,Pleno dia,Crescente,Sol,Simples,Reta,Rural,2010,4,0,0,0,3,1,0,4
802734,15/11/2010,Segunda,18:15:00,RN,304,33.0,MOSSORO,Não guardar distância de segurança,Colisão traseira,Sem Vítimas,Plena noite,Crescente,Ceu Claro,Simples,Reta,Urbano,2010,2,0,0,0,1,1,0,2
802756,15/11/2010,Segunda,12:40:00,RN,101,8.0,TOUROS,Outras,Capotamento,Com Vítimas Feridas,Pleno dia,Decrescente,Ceu Claro,Simples,Reta,Rural,2010,2,0,2,0,0,0,2,1
802766,15/11/2010,Segunda,17:50:00,RN,304,284.0,MACAIBA,Outras,Colisão traseira,Com Vítimas Feridas,Plena noite,Crescente,Ceu Claro,Simples,Reta,Urbano,2010,2,0,1,0,1,0,1,2
802830,15/11/2010,Segunda,17:45:00,RN,101,67.0,EXTREMOZ,Não guardar distância de segurança,Colisão Transversal,Com Vítimas Feridas,Anoitecer,Crescente,Ceu Claro,Simples,Reta,Rural,2010,4,0,0,2,2,0,2,2
802849,15/11/2010,Segunda,17:55:00,RN,304,284.1,MACAIBA,Falta de atenção,Colisão traseira,Sem Vítimas,Anoitecer,Decrescente,Ceu Claro,Simples,Reta,Rural,2010,3,0,0,0,2,1,0,3
802876,15/11/2010,Segunda,13:45:00,RN,101,139.0,ARES,Dormindo,Capotamento,Sem Vítimas,Pleno dia,Decrescente,Ceu Claro,Dupla,Reta,Rural,2010,1,0,0,0,1,0,0,1
802886,01/11/2010,Segunda,18:20:00,RN,101,83.0,NATAL,Outras,Colisão traseira,Sem Vítimas,Plena noite,Crescente,Ceu Claro,Dupla,Reta,Urbano,2010,2,0,0,0,2,0,0,2
802892,15/11/2010,Segunda,12:30:00,RN,406,93.0,JOAO CAMARA,Outras,Capotamento,Com Vítimas Feridas,Pleno dia,Crescente,Ceu Claro,Simples,Reta,Rural,2010,3,0,0,3,0,0,3,1
802901,14/11/2010,Domingo,05:30:00,RN,101,94.9,NATAL,Ingestão de álcool,Tombamento,Com Vítimas Feridas,Pleno dia,Decrescente,Ceu Claro,Múltipla,Curva,Urbano,2010,5,0,3,1,1,0,4,2
803104,12/11/2010,Sexta,17:50:00,RN,304,297.0,MACAIBA,Falta de atenção,Colisão lateral,Com Vítimas Feridas,Plena noite,Decrescente,Nublado,Simples,Curva,Urbano,2010,5,0,3,0,2,0,3,3
803143,12/11/2010,Sexta,19:30:00,RN,226,5.0,NATAL,Falta de atenção,Colisão traseira,Sem Vítimas,Plena noite,Crescente,Chuva,Dupla,Cruzamento,Urbano,2010,2,0,0,0,2,0,0,2