id,data_inversa,dia_semana,horario,uf,br,km,municipio,causa_acidente,tipo_acidente,classificacao_acidente,fase_dia,sentido_via,condicao_metereologica,tipo_pista,tracado_via,uso_solo,ano,pessoas,mortos,feridos_leves,feridos_graves,ilesos,ignorados,feridos,veiculos
821214,12/12/2010,Domingo,00:30:00,RN,226,8.2,MACAIBA,Outras,Colisão com objeto fixo,Sem Vítimas,Plena noite,Decrescente,Ceu Claro,Simples,Reta,Rural,2010,1,0,0,0,1,0,0,1
821372,18/12/2010,Sábado,10:10:00,RN,101,94.4,NATAL,Falta de atenção,Colisão lateral,Com Vítimas Feridas,Pleno dia,Decrescente,Nublado,Múltipla,Reta,Urbano,2010,2,0,1,0,1,0,1,2
821450,18/12/2010,Sábado,13:50:00,RN,304,31.6,MOSSORO,Não guardar distância de segurança,Colisão traseira,Com Vítimas Feridas,Pleno dia,Crescente,Nublado,Simples,Reta,Urbano,2010,2,0,1,0,1,0,1,2
821461,18/12/2010,Sábado,15:20:00,RN,101,94.4,NATAL,Não guardar distância de segurança,Colisão traseira,Com Vítimas Feridas,Pleno dia,Crescente,Nublado,Dupla,Reta,Urbano,2010,2,0,1,0,1,0,1,2
821498,17/12/2010,Sexta,08:15:00,RN,304,36.1,MOSSORO,Desobediência à sinalização,Colisão Transversal,Sem Vítimas,Pleno dia,Crescente,Nublado,Simples,Cruzamento,Urbano,2010,2,0,0,0,2,0,0,2
821594,05/12/2010,Domingo,21:20:00,RN,101,103.5,PARNAMIRIM,Falta de atenção,Colisão traseira,Sem Vítimas,Plena noite,Crescente,Ceu Claro,Dupla,Cruzamento,Urbano,2010,2,0,0,0,2,0,0,2
821602,15/12/2010,Quarta,17:30:00,RN,101,103.5,PARNAMIRIM,Outras,Colisão com bicicleta,Com Vítimas Fatais,Anoitecer,Decrescente,Ceu Claro,Múltipla,Reta,Urbano,2010,2,1,0,0,1,0,0,2
821620,14/12/2010,Terça,16:00:00,RN,101,97.0,NATAL,Falta de atenção,Colisão traseira,Sem Vítimas,Pleno dia,Crescente,Ceu Claro,Múltipla,Reta,Urbano,2010,2,0,0,0,2,0,0,2
821626,15/12/2010,Quarta,19:45:00,RN,304,297.0,MACAIBA,Ingestão de álcool,Atropelamento de pessoa,Com Vítimas Feridas,Plena noite,Crescente,Ceu Claro,Simples,Reta,Urbano,2010,2,0,1,0,1,0,1,1
821646,11/12/2010,Sábado,18:40:00,RN,101,101.0,PARNAMIRIM,Ingestão de álcool,Colisão traseira,Sem Vítimas,Plena noite,Crescente,Ceu Claro,Múltipla,Cruzamento,Urbano,2010,2,0,0,0,2,0,0,2
821648,15/12/2010,Quarta,19:30:00,RN,101,97.0,NATAL,Falta de atenção,Colisão traseira,Sem Vítimas,Plena noite,Crescente,Ceu Claro,Múltipla,Reta,Urbano,2010,2,0,0,0,2,0,0,2
821676,14/12/2010,Terça,11:20:00,RN,101,95.3,NATAL,Falta de atenção,Colisão lateral,Sem Vítimas,Pleno dia,Crescente,Ceu Claro,Simples,Curva,Urbano,2010,2,0,0,0,2,0,0,2
821711,15/12/2010,Quarta,12:10:00,RN,101,96.0,NATAL,Falta de atenção,Colisão traseira,Sem Vítimas,Pleno dia,Decrescente,Sol,Dupla,Reta,Urbano,2010,2,0,0,0,2,0,0,2
821740,15/12/2010,Quarta,15:00:00,RN,101,136.8,SAO JOSE DE MIPIBU,Falta de atenção,Colisão traseira,Sem Vítimas,Pleno dia,Decrescente,Sol,Dupla,Reta,Rural,2010,2,0,0,0,2,0,0,2
821751,12/12/2010,Domingo,04:00:00,RN,101,125.6,SAO JOSE DE MIPIBU,Outras,Colisão traseira,Sem Vítimas,Plena noite,Decrescente,Ceu Claro,Dupla,Cruzamento,Urbano,2010,2,0,0,0,1,1,0,2
821785,15/12/2010,Quarta,08:55:00,RN,101,100.4,NATAL,Outras,Colisão traseira,Sem Vítimas,Pleno dia,Decrescente,Ceu Claro,Dupla,Reta,Urbano,2010,2,0,0,0,2,0,0,2
821799,15/12/2010,Quarta,23:00:00,RN,101,99.7,NATAL,Falta de atenção,Colisão traseira,Sem Vítimas,Plena noite,Decrescente,Ceu Claro,Dupla,Reta,Urbano,2010,3,0,0,0,3,0,0,3
821829,19/12/2010,Domingo,07:00:00,RN,304,295.9,MACAIBA,Defeito mecânico em veículo,Colisão Transversal,Com Vítimas Feridas,Pleno dia,Decrescente,Ceu Claro,Simples,Cruzamento,Urbano,2010,3,0,1,0,2,0,1,2
821924,19/12/2010,Domingo,17:15:00,RN,101,68.9,EXTREMOZ,Outras,Colisão lateral,Com Vítimas Feridas,Pleno dia,Crescente,Ceu Claro,Simples,Reta,Urbano,2010,3,0,2,0,1,0,2,2
822021,19/12/2010,Domingo,17:00:00,RN,427,100.5,CAICO,Falta de atenção,Colisão frontal,Sem Vítimas,Pleno dia,Crescente,Nublado,Simples,Curva,Urbano,2010,2,0,0,0,2,0,0,2
822109,19/12/2010,Domingo,07:40:00,RN,304,36.6,MOSSORO,Outras,Colisão Transversal,Com Vítimas Feridas,Pleno dia,Crescente,Nublado,Simples,Reta,Urbano,2010,3,0,2,0,1,0,2,2
822168,15/12/2010,Quarta,13:35:00,RN,101,103.9,PARNAMIRIM,Falta de atenção,Colisão traseira,Sem Vítimas,Pleno dia,Crescente,Sol,Dupla,Cruzamento,Urbano,2010,2,0,0,0,2,0,0,2
822205,16/12/2010,Quinta,11:30:00,RN,101,160.2,CANGUARETAMA,Outras,Atropelamento de pessoa,Com Vítimas Feridas,Pleno dia,Decrescente,Sol,Dupla,Reta,Urbano,2010,2,0,0,1,1,0,1,1
822230,16/12/2010,Quinta,21:00:00,RN,101,99.0,NATAL,Outras,Colisão traseira,Sem Vítimas,Plena noite,Crescente,Chuva,Múltipla,Reta,Urbano,2010,2,0,0,0,2,0,0,2
822243,16/12/2010,Quinta,18:50:00,RN,101,109.6,PARNAMIRIM,Falta de atenção,Colisão Transversal,Sem Vítimas,Plena noite,Decrescente,Chuva,Dupla,Cruzamento,Urbano,2010,2,0,0,0,2,0,0,2
822261,20/12/2010,Segunda,08:00:00,RN,101,100.8,PARNAMIRIM,Não guardar distância de segurança,Colisão traseira,Sem Vítimas,Pleno dia,Decrescente,Ceu Claro,Dupla,Reta,Urbano,2010,3,0,0,0,3,0,0,3
822312,20/12/2010,Segunda,07:30:00,RN,101,85.6,SAO GONCALO DO AMARANTE,Não guardar distância de segurança,Colisão traseira,Sem Vítimas,Pleno dia,Crescente,Nublado,Dupla,Reta,Urbano,2010,3,0,0,0,3,0,0,3
822340,16/12/2010,Quinta,14:00:00,RN,101,97.4,NATAL,Falta de atenção,Colisão traseira,Sem Vítimas,Pleno dia,Decrescente,Sol,Múltipla,Reta,Urbano,2010,2,0,0,0,2,0,0,2
822383,16/12/2010,Quinta,18:45:00,RN,304,294.0,MACAIBA,Não guardar distância de segurança,Colisão lateral,Sem Vítimas,Plena noite,Decrescente,Ceu Claro,Simples,Cruzamento,Rural,2010,2,0,0,0,2,0,0,2
822386,20/12/2010,Segunda,08:40:00,RN,304,107.0,ASSU,Desobediência à sinalização,Colisão Transversal,Sem Vítimas,Pleno dia,Decrescente,Sol,Simples,Cruzamento,Rural,2010,2,0,0,0,2,0,0,2
822419,18/12/2010,Sábado,20:40:00,RN,101,152.0,GOIANINHA,Ingestão de álcool,Capotamento,Com Vítimas Feridas,Plena noite,Decrescente,Nublado,Dupla,Reta,Rural,2010,2,0,2,0,0,0,2,1
822430,16/12/2010,Quinta,20:05:00,RN,101,98.0,NATAL,Outras,Atropelamento de pessoa,Com Vítimas Fatais,Plena noite,Crescente,Nublado,Dupla,Reta,Urbano,2010,3,1,0,0,2,0,0,2
822437,17/12/2010,Sexta,21:50:00,RN,101,95.3,NATAL,Não guardar distância de segurança,Colisão traseira,Sem Vítimas,Plena noite,Crescente,Ceu Claro,Múltipla,Reta,Urbano,2010,3,0,0,0,3,0,0,3
822438,15/12/2010,Quarta,21:45:00,RN,101,71.0,NATAL,Falta de atenção,Colisão traseira,Sem Vítimas,Plena noite,Crescente,Ceu Claro,Múltipla,Reta,Urbano,2010,2,0,0,0,2,0,0,2
822504,20/12/2010,Segunda,08:30:00,RN,101,96.2,NATAL,Desobediência à sinalização,Colisão lateral,Com Vítimas Feridas,Pleno dia,Decrescente,Sol,Múltipla,Reta,Urbano,2010,2,0,1,0,1,0,1,2
822579,20/12/2010,Segunda,04:00:00,RN,226,257.3,JUCURUTU,Outras,Saída de Pista,Com Vítimas Fatais,Amanhecer,Crescente,Ceu Claro,Simples,Reta,Rural,2010,6,5,0,0,1,0,0,1
822616,20/12/2010,Segunda,18:05:00,RN,101,148.4,GOIANINHA,Outras,Colisão Transversal,Com Vítimas Feridas,Plena noite,Decrescente,Nublado,Simples,Cruzamento,Urbano,2010,2,0,1,0,1,0,1,2
822651,20/12/2010,Segunda,15:05:00,RN,226,2.6,NATAL,Falta de atenção,Colisão traseira,Sem Vítimas,Pleno dia,Decrescente,Sol,Simples,Reta,Urbano,2010,3,0,0,0,3,0,0,3
822755,17/12/2010,Sexta,16:20:00,RN,304,180.0,LAJES,Falta de atenção,Capotamento,Com Vítimas Feridas,Pleno dia,Crescente,Ceu Claro,Simples,Reta,Rural,2010,2,0,1,1,0,0,2,1
822786,20/12/2010,Segunda,23:30:00,RN,101,94.5,NATAL,Ingestão de álcool,Colisão traseira,Sem Vítimas,Plena noite,Crescente,Chuva,Dupla,Reta,Urbano,2010,2,0,0,0,2,0,0,2
822856,18/12/2010,Sábado,12:00:00,RN,110,49.6,MOSSORO,Outras,Colisão Transversal,Sem Vítimas,Pleno dia,Crescente,Sol,Dupla,Reta,Urbano,2010,2,0,0,0,2,0,0,2
822874,19/12/2010,Domingo,07:00:00,RN,110,46.7,MOSSORO,Outras,Colisão lateral,Com Vítimas Feridas,Pleno dia,Crescente,Sol,Simples,Reta,Urbano,2010,2,0,1,0,1,0,1,2
822908,17/12/2010,Sexta,21:00:00,RN,101,96.6,NATAL,Não guardar distância de segurança,Colisão traseira,Sem Vítimas,Plena noite,Crescente,Chuva,Múltipla,Reta,Urbano,2010,4,0,0,0,3,1,0,4
822959,17/12/2010,Sexta,21:25:00,RN,101,108.0,PARNAMIRIM,Ingestão de álcool,Colisão Transversal,Sem Vítimas,Plena noite,Decrescente,Nublado,Dupla,Curva,Urbano,2010,2,0,0,0,2,0,0,2
822993,18/12/2010,Sábado,02:55:00,RN,101,99.5,NATAL,Desobediência à sinalização,Colisão lateral,Sem Vítimas,Plena noite,Crescente,Nublado,Dupla,Reta,Urbano,2010,2,0,0,0,2,0,0,2
823180,21/12/2010,Terça,06:30:00,RN,101,106.0,PARNAMIRIM,Outras,Colisão traseira,Sem Vítimas,Pleno dia,Decrescente,Ceu Claro,Dupla,Cruzamento,Urbano,2010,2,0,0,0,2,0,0,2
823297,21/12/2010,Terça,12:45:00,RN,101,96.0,NATAL,Falta de atenção,Colisão traseira,Sem Vítimas,Pleno dia,Crescente,Sol,Dupla,Reta,Urbano,2010,2,0,0,0,2,0,0,2
823363,13/12/2010,Segunda,09:10:00,RN,101,94.3,NATAL,Falta de atenção,Colisão lateral,Sem Vítimas,Pleno dia,Decrescente,Sol,Dupla,Reta,Urbano,2010,2,0,0,0,2,0,0,2
823431,18/12/2010,Sábado,11:45:00,RN,101,108.3,PARNAMIRIM,Desobediência à sinalização,Colisão Transversal,Sem Vítimas,Pleno dia,Decrescente,Nublado,Dupla,Cruzamento,Urbano,2010,2,0,0,0,2,0,0,2
823456,17/12/2010,Sexta,18:55:00,RN,101,99.9,NATAL,Falta de atenção,Colisão traseira,Sem Vítimas,Plena noite,Crescente,Ceu Claro,Dupla,Reta,Urbano,2010,2,0,0,0,2,0,0,2
823656,18/12/2010,Sábado,12:45:00,RN,101,95.8,NATAL,Falta de atenção,Colisão Transversal,Sem Vítimas,Pleno dia,Crescente,Ceu Claro,Múltipla,Cruzamento,Urbano,2010,2,0,0,0,2,0,0,2
823672,17/12/2010,Sexta,18:00:00,RN,101,97.0,NATAL,Falta de atenção,Colisão lateral,Sem Vítimas,Plena noite,Crescente,Ceu Claro,Múltipla,Cruzamento,Urbano,2010,2,0,0,0,2,0,0,2
823847,22/12/2010,Quarta,09:30:00,RN,101,126.6,SAO JOSE DE MIPIBU,Desobediência à sinalização,Colisão traseira,Sem Vítimas,Pleno dia,Decrescente,Ceu Claro,Dupla,Reta,Rural,2010,2,0,0,0,2,0,0,2
823883,22/12/2010,Quarta,09:15:00,RN,226,10.0,MACAIBA,Falta de atenção,Colisão com bicicleta,Com Vítimas Feridas,Pleno dia,Decrescente,Ceu Claro,Simples,Cruzamento,Urbano,2010,2,0,0,1,1,0,1,2
823913,18/12/2010,Sábado,22:00:00,RN,101,107.0,PARNAMIRIM,Desobediência à sinalização,Colisão Transversal,Com Vítimas Feridas,Plena noite,Decrescente,Chuva,Múltipla,Cruzamento,Urbano,2010,3,0,2,0,1,0,2,2
823919,18/12/2010,Sábado,23:20:00,RN,101,165.3,NATAL,Falta de atenção,Colisão traseira,Com Vítimas Feridas,Plena noite,Decrescente,Ceu Claro,Múltipla,Reta,Urbano,2010,2,0,0,1,1,0,1,2
824024,18/12/2010,Sábado,18:30:00,RN,406,10.7,MACAU,Animais na Pista,Atropelamento de animal,Sem Vítimas,Plena noite,Crescente,Ceu Claro,Simples,Reta,Rural,2010,1,0,0,0,1,0,0,1
824055,22/12/2010,Quarta,16:40:00,RN,101,113.5,SAO JOSE DE MIPIBU,Outras,Colisão com objeto fixo,Ignorado,Pleno dia,Decrescente,Ceu Claro,Dupla,Reta,Rural,2010,1,0,0,0,0,1,0,1
824059,22/12/2010,Quarta,15:00:00,RN,101,84.8,NATAL,Não guardar distância de segurança,Colisão traseira,Sem Vítimas,Pleno dia,Decrescente,Ceu Claro,Dupla,Reta,Urbano,2010,3,0,0,0,3,0,0,3
824095,19/12/2010,Domingo,00:15:00,RN,101,97.9,NATAL,Outras,Atropelamento de pessoa,Com Vítimas Feridas,Plena noite,Crescente,Nublado,Dupla,Reta,Urbano,2010,2,0,0,1,1,0,1,1
824107,19/12/2010,Domingo,03:45:00,RN,304,301.0,MACAIBA,Outras,Colisão traseira,Sem Vítimas,Plena noite,Decrescente,Nublado,Simples,Reta,Urbano,2010,2,0,0,0,1,1,0,2
824131,22/12/2010,Quarta,16:00:00,RN,101,99.8,NATAL,Falta de atenção,Colisão traseira,Sem Vítimas,Pleno dia,Crescente,Ceu Claro,Dupla,Reta,Urbano,2010,2,0,0,0,2,0,0,2
824168,22/12/2010,Quarta,17:15:00,RN,101,131.0,SAO JOSE DE MIPIBU,Desobediência à sinalização,Colisão traseira,Com Vítimas Feridas,Anoitecer,Crescente,Ceu Claro,Dupla,Cruzamento,Rural,2010,2,0,1,0,1,0,1,2
824175,22/12/2010,Quarta,18:55:00,RN,110,48.2,MOSSORO,Desobediência à sinalização,Colisão Transversal,Com Vítimas Feridas,Plena noite,Decrescente,Ceu Claro,Dupla,Cruzamento,Urbano,2010,3,0,0,3,0,0,3,2
824181,18/12/2010,Sábado,23:55:00,RN,226,15.0,MACAIBA,Falta de atenção,Colisão traseira,Sem Vítimas,Plena noite,Decrescente,Nublado,Simples,Reta,Urbano,2010,2,0,0,0,1,1,0,2
824187,22/12/2010,Quarta,15:20:00,RN,101,84.9,SAO GONCALO DO AMARANTE,Falta de atenção,Colisão lateral,Sem Vítimas,Pleno dia,Crescente,Ceu Claro,Dupla,Reta,Urbano,2010,4,0,0,0,4,0,0,4
824208,18/12/2010,Sábado,12:00:00,RN,304,5.7,MOSSORO,Falta de atenção,Colisão Transversal,Com Vítimas Fatais,Pleno dia,Crescente,Ceu Claro,Simples,Reta,Rural,2010,2,1,0,0,0,1,0,2
824236,22/12/2010,Quarta,18:15:00,RN,101,96.6,NATAL,Falta de atenção,Colisão traseira,Sem Vítimas,Plena noite,Crescente,Ceu Claro,Múltipla,Curva,Urbano,2010,2,0,0,0,2,0,0,2
824262,22/12/2010,Quarta,16:20:00,RN,101,85.1,SAO GONCALO DO AMARANTE,Outras,Colisão lateral,Sem Vítimas,Pleno dia,Crescente,Sol,Dupla,Reta,Urbano,2010,2,0,0,0,2,0,0,2
824417,20/12/2010,Segunda,03:20:00,RN,101,97.0,NATAL,Ingestão de álcool,Colisão lateral,Sem Vítimas,Plena noite,Crescente,Nublado,Múltipla,Reta,Urbano,2010,2,0,0,0,2,0,0,2
824442,07/12/2010,Terça,18:45:00,RN,101,97.9,NATAL,Falta de atenção,Colisão traseira,Sem Vítimas,Plena noite,Decrescente,Ceu Claro,Múltipla,Cruzamento,Urbano,2010,2,0,0,0,2,0,0,2
824447,19/12/2010,Domingo,19:00:00,RN,101,107.0,PARNAMIRIM,Falta de atenção,Colisão traseira,Sem Vítimas,Plena noite,Crescente,Ceu Claro,Dupla,Reta,Urbano,2010,2,0,0,0,2,0,0,2
824468,19/12/2010,Domingo,19:45:00,RN,304,282.0,MACAIBA,Outras,Colisão traseira,Com Vítimas Feridas,Plena noite,Decrescente,Ceu Claro,Simples,Cruzamento,Urbano,2010,3,0,2,0,1,0,2,2
824494,19/12/2010,Domingo,16:30:00,RN,101,102.0,PARNAMIRIM,Falta de atenção,Colisão traseira,Sem Vítimas,Pleno dia,Decrescente,Ceu Claro,Múltipla,Reta,Urbano,2010,2,0,0,0,2,0,0,2
824526,23/12/2010,Quinta,07:40:00,RN,101,100.1,NATAL,Falta de atenção,Colisão traseira,Sem Vítimas,Pleno dia,Decrescente,Ceu Claro,Múltipla,Cruzamento,Urbano,2010,2,0,0,0,2,0,0,2
824562,23/12/2010,Quinta,10:10:00,RN,101,85.6,SAO GONCALO DO AMARANTE,Falta de atenção,Colisão traseira,Sem Vítimas,Pleno dia,Crescente,Ceu Claro,Dupla,Reta,Urbano,2010,3,0,0,0,3,0,0,3
824674,23/12/2010,Quinta,09:50:00,RN,101,97.7,NATAL,Falta de atenção,Colisão traseira,Sem Vítimas,Pleno dia,Decrescente,Ceu Claro,Múltipla,Cruzamento,Urbano,2010,2,0,0,0,2,0,0,2
824703,18/12/2010,Sábado,17:45:00,RN,101,96.3,NATAL,Desobediência à sinalização,Colisão traseira,Sem Vítimas,Anoitecer,Decrescente,Ceu Claro,Simples,Reta,Urbano,2010,2,0,0,0,2,0,0,2
824837,23/12/2010,Quinta,17:00:00,RN,101,84.5,NATAL,Falta de atenção,Colisão lateral,Sem Vítimas,Pleno dia,Decrescente,Ceu Claro,Dupla,Reta,Urbano,2010,2,0,0,0,2,0,0,2
824882,23/12/2010,Quinta,12:00:00,RN,406,98.0,JOAO CAMARA,Falta de atenção,Colisão lateral,Sem Vítimas,Pleno dia,Crescente,Ceu Claro,Simples,Reta,Urbano,2010,2,0,0,0,2,0,0,2
824943,23/12/2010,Quinta,12:30:00,RN,101,100.0,NATAL,Falta de atenção,Colisão traseira,Com Vítimas Feridas,Pleno dia,Crescente,Ceu Claro,Dupla,Reta,Urbano,2010,2,0,0,1,1,0,1,2
825192,24/12/2010,Sexta,00:10:00,RN,101,160.0,CANGUARETAMA,Outras,Colisão traseira,Sem Vítimas,Plena noite,Decrescente,Ceu Claro,Múltipla,Reta,Rural,2010,2,0,0,0,2,0,0,2
825195,23/12/2010,Quinta,20:20:00,RN,101,149.8,GOIANINHA,Outras,Colisão frontal,Com Vítimas Feridas,Plena noite,Decrescente,Ceu Claro,Simples,Reta,Urbano,2010,2,0,1,0,1,0,1,2
825233,16/12/2010,Quinta,23:30:00,RN,101,98.5,NATAL,Falta de atenção,Colisão traseira,Sem Vítimas,Plena noite,Crescente,Chuva,Dupla,Reta,Urbano,2010,2,0,0,0,2,0,0,2
825288,20/12/2010,Segunda,21:10:00,RN,226,2.1,NATAL,Falta de atenção,Colisão Transversal,Com Vítimas Feridas,Plena noite,Crescente,Ceu Claro,Simples,Reta,Urbano,2010,2,0,0,1,1,0,1,2
825306,20/12/2010,Segunda,17:40:00,RN,226,4.2,NATAL,Falta de atenção,Colisão traseira,Sem Vítimas,Plena noite,Decrescente,Chuva,Simples,Reta,Urbano,2010,2,0,0,0,2,0,0,2
825314,24/12/2010,Sexta,07:40:00,RN,304,47.5,MOSSORO,Desobediência à sinalização,Colisão Transversal,Com Vítimas Feridas,Pleno dia,Crescente,Sol,Simples,Cruzamento,Urbano,2010,2,0,1,0,1,0,1,2
825317,20/12/2010,Segunda,18:10:00,RN,101,96.0,NATAL,Falta de atenção,Colisão traseira,Sem Vítimas,Plena noite,Decrescente,Ceu Claro,Dupla,Reta,Urbano,2010,2,0,0,0,2,0,0,2
825377,24/12/2010,Sexta,10:50:00,RN,226,185.8,CURRAIS NOVOS,Falta de atenção,Saída de Pista,Sem Vítimas,Pleno dia,Crescente,Ceu Claro,Simples,Reta,Rural,2010,3,0,0,0,3,0,0,2
825396,24/12/2010,Sexta,06:00:00,RN,304,89.2,ASSU,Falta de atenção,Colisão lateral,Com Vítimas Feridas,Pleno dia,Crescente,Sol,Simples,Reta,Rural,2010,3,0,2,0,1,0,2,2
825477,20/12/2010,Segunda,21:30:00,RN,304,103.9,LAJES,Animais na Pista,Atropelamento de animal,Sem Vítimas,Plena noite,Crescente,Ceu Claro,Simples,Reta,Rural,2010,1,0,0,0,1,0,0,1
825478,19/12/2010,Domingo,17:40:00,RN,101,102.0,PARNAMIRIM,Não guardar distância de segurança,Colisão traseira,Sem Vítimas,Anoitecer,Decrescente,Ceu Claro,Múltipla,Reta,Urbano,2010,2,0,0,0,2,0,0,2
825549,24/12/2010,Sexta,15:20:00,RN,304,287.5,MACAIBA,Falta de atenção,Colisão traseira,Sem Vítimas,Pleno dia,Decrescente,Ceu Claro,Simples,Reta,Rural,2010,2,0,0,0,2,0,0,2
825566,20/12/2010,Segunda,08:30:00,RN,304,305.2,PARNAMIRIM,Outras,Colisão traseira,Sem Vítimas,Pleno dia,Crescente,Sol,Dupla,Cruzamento,Urbano,2010,2,0,0,0,2,0,0,2
825637,24/12/2010,Sexta,10:30:00,RN,101,108.0,PARNAMIRIM,Falta de atenção,Colisão traseira,Sem Vítimas,Pleno dia,Decrescente,Sol,Dupla,Cruzamento,Urbano,2010,2,0,0,0,2,0,0,2
825639,24/12/2010,Sexta,10:30:00,RN,406,168.0,SAO GONCALO DO AMARANTE,Falta de atenção,Colisão lateral,Com Vítimas Feridas,Pleno dia,Decrescente,Ceu Claro,Simples,Reta,Urbano,2010,4,0,0,1,2,1,1,3
825932,25/12/2010,Sábado,06:30:00,RN,304,264.1,SANTA MARIA,Falta de atenção,Colisão traseira,Sem Vítimas,Amanhecer,Decrescente,Ceu Claro,Simples,Reta,Rural,2010,2,0,0,0,2,0,0,2
825949,25/12/2010,Sábado,03:30:00,RN,226,245.9,JUCURUTU,Outras,Tombamento,Com Vítimas Feridas,Plena noite,Decrescente,Ceu Claro,Simples,Curva,Rural,2010,1,0,1,0,0,0,1,1
826005,21/12/2010,Terça,21:40:00,RN,101,83.0,NATAL,Outras,Colisão com bicicleta,Com Vítimas Feridas,Plena noite,Decrescente,Ceu Claro,Dupla,Reta,Urbano,2010,3,0,2,0,0,1,2,2
826035,17/12/2010,Sexta,18:10:00,RN,101,94.5,NATAL,Falta de atenção,Colisão traseira,Sem Vítimas,Plena noite,Crescente,Ceu Claro,Dupla,Reta,Urbano,2010,2,0,0,0,2,0,0,2
826084,23/12/2010,Quinta,17:30:00,RN,101,107.0,PARNAMIRIM,Não guardar distância de segurança,Colisão traseira,Sem Vítimas,Plena noite,Crescente,Ceu Claro,Dupla,Reta,Urbano,2010,2,0,0,0,2,0,0,2
826100,25/12/2010,Sábado,09:30:00,RN,427,109.2,CAICO,Dormindo,Saída de Pista,Com Vítimas Fatais,Pleno dia,Crescente,Ceu Claro,Dupla,Reta,Rural,2010,1,1,0,0,0,0,0,1
826141,25/12/2010,Sábado,09:50:00,RN,304,74.2,MOSSORO,Dormindo,Queda de motocicleta / bicicleta / veículo,Com Vítimas Feridas,Pleno dia,Decrescente,Ceu Claro,Simples,Reta,Rural,2010,1,0,1,0,0,0,1,1
826144,25/12/2010,Sábado,13:40:00,RN,101,101.3,PARNAMIRIM,Ingestão de álcool,Colisão traseira,Sem Vítimas,Pleno dia,Decrescente,Sol,Dupla,Reta,Urbano,2010,2,0,0,0,1,1,0,2
826164,22/12/2010,Quarta,01:00:00,RN,101,126.5,SAO JOSE DE MIPIBU,Animais na Pista,Atropelamento de animal,Sem Vítimas,Plena noite,Decrescente,Ceu Claro,Dupla,Cruzamento,Urbano,2010,1,0,0,0,1,0,0,1
826165,22/12/2010,Quarta,00:40:00,RN,101,126.5,SAO JOSE DE MIPIBU,Animais na Pista,Atropelamento de animal,Sem Vítimas,Plena noite,Decrescente,Ceu Claro,Dupla,Cruzamento,Urbano,2010,1,0,0,0,1,0,0,1
826351,22/12/2010,Quarta,23:25:00,RN,101,164.8,CANGUARETAMA,Animais na Pista,Atropelamento de animal,Sem Vítimas,Pleno dia,Crescente,Ceu Claro,Simples,Reta,Urbano,2010,1,0,0,0,1,0,0,1
826388,25/12/2010,Sábado,19:30:00,RN,101,96.0,NATAL,Outras,Colisão Transversal,Sem Vítimas,Plena noite,Decrescente,Ceu Claro,Múltipla,Cruzamento,Urbano,2010,2,0,0,0,2,0,0,2
826485,21/12/2010,Terça,06:10:00,RN,304,243.0,RIACHUELO,Animais na Pista,Atropelamento de animal,Sem Vítimas,Pleno dia,Crescente,Nublado,Simples,Reta,Rural,2010,1,0,0,0,1,0,0,1
826567,26/12/2010,Domingo,09:00:00,RN,101,95.2,NATAL,Falta de atenção,Colisão lateral,Sem Vítimas,Pleno dia,Crescente,Sol,Dupla,Cruzamento,Urbano,2010,2,0,0,0,2,0,0,2
826653,26/12/2010,Domingo,07:20:00,RN,101,80.6,NATAL,Outras,Tombamento,Sem Vítimas,Pleno dia,Crescente,Ceu Claro,Dupla,Reta,Urbano,2010,1,0,0,0,1,0,0,1
826661,26/12/2010,Domingo,08:00:00,RN,406,80.0,JOAO CAMARA,Outras,Colisão lateral,Sem Vítimas,Pleno dia,Crescente,Ceu Claro,Simples,Reta,Urbano,2010,2,0,0,0,2,0,0,2
826794,25/12/2010,Sábado,18:10:00,RN,226,113.3,SANTA CRUZ,Animais na Pista,Atropelamento de animal,Sem Vítimas,Anoitecer,Decrescente,Ceu Claro,Simples,Reta,Urbano,2010,1,0,0,0,1,0,0,1
826868,26/12/2010,Domingo,17:50:00,RN,101,109.8,PARNAMIRIM,Desobediência à sinalização,Colisão lateral,Sem Vítimas,Anoitecer,Decrescente,Ceu Claro,Dupla,Cruzamento,Rural,2010,2,0,0,0,2,0,0,2
826936,23/12/2010,Quinta,00:00:00,RN,101,96.0,NATAL,Outras,Colisão traseira,Sem Vítimas,Plena noite,Crescente,Nublado,Dupla,Reta,Urbano,2010,2,0,0,0,2,0,0,2
826973,26/12/2010,Domingo,17:00:00,RN,101,73.0,EXTREMOZ,Outras,Colisão Transversal,Sem Vítimas,Pleno dia,Crescente,Ceu Claro,Simples,Reta,Rural,2010,2,0,0,0,1,1,0,2